zone_id,zone_name,region,timestamp,delay_risk_score,depletion_risk_score,risk_level,taxi_count,depletion_rate_1h,supply_vs_yesterday,explanation_tag,demand_pressure_score,demand_pressure_level,baseline_supply,imbalance_score,imbalance_level,policy_action,policy_reason,predicted_shortage,severity_bucket,persistence_count,neighbor_surplus,recommended_action,action_reason,estimated_action_cost,estimated_shortage_reduction,budget_remaining,constraints_triggered
1,Ang Mo Kio,North-East,2026-04-16 10:00:00+08:00,0.9853,0.9853,high,59,-1.2222222,2.3272462,normal conditions,0.2038,low,24.3519,0.0609,low,intervention,Heuristic baseline policy recommends intervention because depletion risk or imbalance is already high.,0.4366,moderate,1,3.1,monitor,Selected monitor because it maximized deterministic net value under current constraints.,0.0,0.0,30.0,[]
1,Ang Mo Kio,North-East,2026-04-21 00:00:00+08:00,0.425,0.425,medium,29,-0.6666667,1.6111112,normal conditions,0.015,low,17.0,0.0051,low,no_action,Heuristic baseline policy recommends no action because depletion risk and imbalance remain low.,0.1555,low,0,3.1,monitor,Selected monitor because it maximized deterministic net value under current constraints.,0.0,0.0,30.0,[]
1,Ang Mo Kio,North-East,2026-04-21 05:00:00+08:00,0.7572,0.7572,high,53,-0.5,1.8928572,normal conditions,0.1023,low,27.0,0.033,low,intervention,Heuristic baseline policy recommends intervention because depletion risk or imbalance is already high.,0.3111,moderate,1,3.1,monitor,Selected monitor because it maximized deterministic net value under current constraints.,0.0,0.0,30.0,[]
1,Ang Mo Kio,North-East,2026-04-21 17:00:00+08:00,0.6983,0.6983,medium,29,-1.5,1.2083334,peak hour,0.3239,low,23.0,0.1264,low,watchlist,Heuristic baseline policy recommends watchlist monitoring because signals are elevated but not yet acute.,0.3902,moderate,1,3.1,monitor,Selected monitor because it maximized deterministic net value under current constraints.,0.0,0.0,30.0,[]
1,Ang Mo Kio,North-East,2026-04-22 03:00:00+08:00,0.9847,0.9847,high,69,-2.0,3.45,normal conditions,0.0224,low,19.0,0.006,low,intervention,Heuristic baseline policy recommends intervention because depletion risk or imbalance is already high.,0.3547,moderate,1,3.1,monitor,Selected monitor because it maximized deterministic net value under current constraints.,0.0,0.0,30.0,[]
1,Ang Mo Kio,North-East,2026-04-22 11:00:00+08:00,0.9013,0.9013,high,45,-2.0,1.8,normal conditions,0.1023,low,24.0,0.0336,low,intervention,Heuristic baseline policy recommends intervention because depletion risk or imbalance is already high.,0.3615,moderate,1,3.1,monitor,Selected monitor because it maximized deterministic net value under current constraints.,0.0,0.0,30.0,[]
1,Ang Mo Kio,North-East,2026-04-24 00:00:00+08:00,0.7133,0.7133,high,26,-0.6875,1.5294118,normal conditions,0.015,low,16.0,0.0052,low,watchlist,Heuristic baseline policy recommends watchlist monitoring because signals are elevated but not yet acute.,0.2564,moderate,1,3.1,monitor,Selected monitor because it maximized deterministic net value under current constraints.,0.0,0.0,30.0,[]
1,Ang Mo Kio,North-East,2026-04-24 07:00:00+08:00,0.4513,0.4513,medium,43,-0.6296296,2.2631578,peak hour,0.3149,low,18.0,0.0946,low,watchlist,Heuristic baseline policy recommends watchlist monitoring because signals are elevated but not yet acute.,0.2997,moderate,1,3.1,monitor,Selected monitor because it maximized deterministic net value under current constraints.,0.0,0.0,30.0,[]
1,Ang Mo Kio,North-East,2026-04-25 03:00:00+08:00,0.4883,0.4883,medium,27,-1.3333334,1.2272727,normal conditions,0.0424,low,21.0,0.0164,low,watchlist,Heuristic baseline policy recommends watchlist monitoring because signals are elevated but not yet acute.,0.19,low,0,3.1,monitor,Selected monitor because it maximized deterministic net value under current constraints.,0.0,0.0,30.0,[]
1,Ang Mo Kio,North-East,2026-04-26 15:00:00+08:00,0.5743,0.5743,medium,24,-1.0833334,2.0,normal conditions,0.1486,low,11.0,0.0461,low,watchlist,Heuristic baseline policy recommends watchlist monitoring because signals are elevated but not yet acute.,0.2679,moderate,1,3.1,monitor,Selected monitor because it maximized deterministic net value under current constraints.,0.0,0.0,30.0,[]
1,Ang Mo Kio,North-East,2026-04-27 15:00:00+08:00,0.961,0.961,high,29,-1.3076923,1.5263158,normal conditions,0.1286,low,18.0,0.0449,low,intervention,Heuristic baseline policy recommends intervention because depletion risk or imbalance is already high.,0.3942,moderate,1,3.1,monitor,Selected monitor because it maximized deterministic net value under current constraints.,0.0,0.0,30.0,[]
1,Ang Mo Kio,North-East,2026-04-28 07:00:00+08:00,0.4504,0.4504,medium,26,0.0,1.7333333,peak hour,0.3149,low,14.0,0.1037,low,watchlist,Heuristic baseline policy recommends watchlist monitoring because signals are elevated but not yet acute.,0.2993,moderate,1,3.1,monitor,Selected monitor because it maximized deterministic net value under current constraints.,0.0,0.0,30.0,[]
1,Ang Mo Kio,North-East,2026-04-28 21:00:00+08:00,0.9764,0.9764,high,35,-1.4,2.1875,normal conditions,0.1286,low,15.0,0.0389,low,intervention,Heuristic baseline policy recommends intervention because depletion risk or imbalance is already high.,0.3996,moderate,1,3.1,monitor,Selected monitor because it maximized deterministic net value under current constraints.,0.0,0.0,30.0,[]
1,Ang Mo Kio,North-East,2026-04-29 10:00:00+08:00,0.9883,0.9883,high,54,-2.0,2.8421052,normal conditions,0.2038,low,18.0,0.0571,low,intervention,Heuristic baseline policy recommends intervention because depletion risk or imbalance is already high.,0.4376,moderate,2,3.1,monitor,Selected monitor because it maximized deterministic net value under current constraints.,0.0,0.0,30.0,[]
1,Ang Mo Kio,North-East,2026-04-29 20:00:00+08:00,0.8046,0.8046,high,41,-0.90909094,2.05,peak hour,0.2273,low,19.0,0.0707,low,intervention,Heuristic baseline policy recommends intervention because depletion risk or imbalance is already high.,0.3839,moderate,1,3.1,monitor,Selected monitor because it maximized deterministic net value under current constraints.,0.0,0.0,30.0,[]
1,Ang Mo Kio,North-East,2026-04-30 02:00:00+08:00,0.5402,0.5402,medium,28,-0.45,1.6470588,normal conditions,0.0164,low,16.0,0.0055,low,watchlist,Heuristic baseline policy recommends watchlist monitoring because signals are elevated but not yet acute.,0.1965,low,0,3.1,monitor,Selected monitor because it maximized deterministic net value under current constraints.,0.0,0.0,30.0,[]
1,Ang Mo Kio,North-East,2026-04-30 03:00:00+08:00,0.701,0.701,high,46,-0.62068963,2.090909,normal conditions,0.0224,low,21.0,0.0069,low,watchlist,Heuristic baseline policy recommends watchlist monitoring because signals are elevated but not yet acute.,0.2554,moderate,1,3.1,monitor,Selected monitor because it maximized deterministic net value under current constraints.,0.0,0.0,30.0,[]
1,Ang Mo Kio,North-East,2026-04-30 04:00:00+08:00,0.4304,0.4304,medium,36,0.21276596,1.5652174,normal conditions,0.0446,low,22.0,0.0155,low,no_action,Heuristic baseline policy recommends no action because depletion risk and imbalance remain low.,0.1707,low,0,3.1,monitor,Selected monitor because it maximized deterministic net value under current constraints.,0.0,0.0,30.0,[]
1,Ang Mo Kio,North-East,2026-04-30 14:00:00+08:00,0.967,0.967,high,52,-2.0,1.925926,normal conditions,0.0624,low,26.0,0.02,low,intervention,Heuristic baseline policy recommends intervention because depletion risk or imbalance is already high.,0.3665,moderate,1,3.1,monitor,Selected monitor because it maximized deterministic net value under current constraints.,0.0,0.0,30.0,[]
1,Ang Mo Kio,North-East,2026-04-30 20:00:00+08:00,0.9668,0.9668,high,41,-2.0,1.7083334,peak hour,0.2273,low,23.0,0.0761,low,intervention,Heuristic baseline policy recommends intervention because depletion risk or imbalance is already high.,0.4407,moderate,3,3.1,monitor,Selected monitor because it maximized deterministic net value under current constraints.,0.0,0.0,30.0,[]
1,Ang Mo Kio,North-East,2026-05-01 10:00:00+08:00,0.5089,0.5089,medium,35,-1.4,0.6363636,below yesterday baseline + public holiday,0.2038,low,54.0,0.1866,low,watchlist,Heuristic baseline policy recommends watchlist monitoring because signals are elevated but not yet acute.,0.3402,moderate,1,3.1,monitor,Selected monitor because it maximized deterministic net value under current constraints.,0.0,0.0,30.0,[]
1,Ang Mo Kio,North-East,2026-05-02 12:00:00+08:00,0.6819,0.6819,medium,25,-1.1666666,1.6666666,normal conditions,0.0646,low,14.0,0.0216,low,watchlist,Heuristic baseline policy recommends watchlist monitoring because signals are elevated but not yet acute.,0.2677,moderate,1,3.1,monitor,Selected monitor because it maximized deterministic net value under current constraints.,0.0,0.0,30.0,[]
2,Bedok,East,2026-04-21 11:00:00+08:00,0.5519,0.5519,medium,34,-0.59090906,1.4166666,normal conditions,0.1023,low,23.0,0.0371,low,watchlist,Heuristic baseline policy recommends watchlist monitoring because signals are elevated but not yet acute.,0.2392,low,0,1.2694,monitor,Selected monitor because it maximized deterministic net value under current constraints.,0.0,0.0,30.0,[]
2,Bedok,East,2026-04-22 11:00:00+08:00,0.6467,0.6467,medium,34,-0.6666667,1.4782609,normal conditions,0.1023,low,22.0,0.0363,low,watchlist,Heuristic baseline policy recommends watchlist monitoring because signals are elevated but not yet acute.,0.2724,moderate,1,1.2694,monitor,Selected monitor because it maximized deterministic net value under current constraints.,0.0,0.0,30.0,[]
2,Bedok,East,2026-04-23 11:00:00+08:00,0.5915,0.5915,medium,36,-0.23333333,1.5652174,normal conditions,0.1023,low,22.0,0.0355,low,watchlist,Heuristic baseline policy recommends watchlist monitoring because signals are elevated but not yet acute.,0.2531,moderate,1,1.2694,monitor,Selected monitor because it maximized deterministic net value under current constraints.,0.0,0.0,30.0,[]
2,Bedok,East,2026-04-25 10:00:00+08:00,0.6289,0.6289,medium,19,-0.25,1.3571428,low supply,0.2238,low,13.0,0.0815,low,watchlist,Heuristic baseline policy recommends watchlist monitoring because signals are elevated but not yet acute.,0.3208,moderate,2,1.2694,monitor,Selected monitor because it maximized deterministic net value under current constraints.,0.0,0.0,30.0,[]
2,Bedok,East,2026-04-27 15:00:00+08:00,0.7435,0.7435,high,22,-0.7692308,1.2222222,normal conditions,0.1286,low,17.0,0.0496,low,watchlist,Heuristic baseline policy recommends watchlist monitoring because signals are elevated but not yet acute.,0.3181,moderate,1,1.2694,monitor,Selected monitor because it maximized deterministic net value under current constraints.,0.0,0.0,30.0,[]
2,Bedok,East,2026-04-28 17:00:00+08:00,0.6139,0.6139,medium,13,-1.3333334,0.65,low supply + below yesterday baseline + peak hour,0.3239,low,19.0,0.2416,low,watchlist,Heuristic baseline policy recommends watchlist monitoring because signals are elevated but not yet acute.,0.4238,moderate,1,1.2694,monitor,Selected monitor because it maximized deterministic net value under current constraints.,0.0,0.0,30.0,[]
2,Bedok,East,2026-04-30 03:00:00+08:00,0.4764,0.4764,medium,27,-0.5555556,1.4210526,normal conditions,0.0224,low,18.0,0.0081,low,watchlist,Heuristic baseline policy recommends watchlist monitoring because signals are elevated but not yet acute.,0.1768,low,0,1.2694,monitor,Selected monitor because it maximized deterministic net value under current constraints.,0.0,0.0,30.0,[]
2,Bedok,East,2026-04-30 05:00:00+08:00,0.4415,0.4415,medium,27,-0.07692308,1.5882353,normal conditions,0.1023,low,16.0,0.035,low,no_action,Heuristic baseline policy recommends no action because depletion risk and imbalance remain low.,0.2006,low,0,1.2694,monitor,Selected monitor because it maximized deterministic net value under current constraints.,0.0,0.0,30.0,[]
2,Bedok,East,2026-04-30 06:00:00+08:00,0.5195,0.5195,medium,34,-0.25,2.0,normal conditions,0.2038,low,16.0,0.0638,low,watchlist,Heuristic baseline policy recommends watchlist monitoring because signals are elevated but not yet acute.,0.2735,moderate,1,1.2694,monitor,Selected monitor because it maximized deterministic net value under current constraints.,0.0,0.0,30.0,[]
2,Bedok,East,2026-05-01 04:00:00+08:00,0.7115,0.7115,high,27,-0.5555556,2.4545455,public holiday,0.0446,low,10.0,0.0129,low,watchlist,Heuristic baseline policy recommends watchlist monitoring because signals are elevated but not yet acute.,0.2691,moderate,1,1.2694,monitor,Selected monitor because it maximized deterministic net value under current constraints.,0.0,0.0,30.0,[]
2,Bedok,East,2026-05-01 05:00:00+08:00,0.5847,0.5847,medium,36,-0.32142857,2.25,public holiday,0.1023,low,15.0,0.0307,low,watchlist,Heuristic baseline policy recommends watchlist monitoring because signals are elevated but not yet acute.,0.2507,moderate,2,1.2694,monitor,Selected monitor because it maximized deterministic net value under current constraints.,0.0,0.0,30.0,[]
2,Bedok,East,2026-05-01 07:00:00+08:00,0.4611,0.4611,medium,40,-0.10810811,2.6666667,peak hour + public holiday,0.3149,low,14.0,0.0894,low,watchlist,Heuristic baseline policy recommends watchlist monitoring because signals are elevated but not yet acute.,0.3031,moderate,3,1.2694,monitor,Selected monitor because it maximized deterministic net value under current constraints.,0.0,0.0,30.0,[]
2,Bedok,East,2026-05-11 11:00:00+08:00,0.4047,0.4047,medium,19,-0.25,0.9047619,low supply + rain,0.1689,low,20.0,0.0864,low,no_action,Heuristic baseline policy recommends no action because depletion risk and imbalance remain low.,0.2276,low,0,1.2694,monitor,Selected monitor because it maximized deterministic net value under current constraints.,0.0,0.0,30.0,[]
3,Bishan,Central,2026-04-16 10:00:00+08:00,0.9901,0.9901,high,28,-2.0,5.0,normal conditions,0.2038,low,4.1574,0.048,low,intervention,Heuristic baseline policy recommends intervention because depletion risk or imbalance is already high.,0.4382,moderate,1,4.6667,monitor,Selected monitor because it maximized deterministic net value under current constraints.,0.0,0.0,30.0,[]
3,Bishan,Central,2026-04-18 02:00:00+08:00,0.6706,0.6706,medium,4,-0.25,0.7755835,critically low supply,0.0364,low,4.1574,0.0239,low,watchlist,Heuristic baseline policy recommends watchlist monitoring because signals are elevated but not yet acute.,0.2587,moderate,1,4.6667,monitor,Selected monitor because it maximized deterministic net value under current constraints.,0.0,0.0,30.0,[]
3,Bishan,Central,2026-04-18 04:00:00+08:00,0.8146,0.8146,high,4,-0.25,0.7755835,critically low supply,0.0646,low,4.1574,0.0366,low,intervention,Heuristic baseline policy recommends intervention because depletion risk or imbalance is already high.,0.3218,moderate,1,4.6667,monitor,Selected monitor because it maximized deterministic net value under current constraints.,0.0,0.0,30.0,[]
3,Bishan,Central,2026-04-18 11:00:00+08:00,0.5508,0.5508,medium,4,-1.5,0.7755835,critically low supply,0.1223,low,4.1574,0.0625,low,watchlist,Heuristic baseline policy recommends watchlist monitoring because signals are elevated but not yet acute.,0.2554,moderate,3,4.6667,monitor,Selected monitor because it maximized deterministic net value under current constraints.,0.0,0.0,30.0,[]
3,Bishan,Central,2026-04-19 10:00:00+08:00,0.9755,0.9755,high,9,-2.0,2.25,critically low supply,0.2238,low,3.0,0.0627,low,intervention,Heuristic baseline policy recommends intervention because depletion risk or imbalance is already high.,0.4421,moderate,1,4.6667,monitor,Selected monitor because it maximized deterministic net value under current constraints.,0.0,0.0,30.0,[]
3,Bishan,Central,2026-04-20 01:00:00+08:00,0.6311,0.6311,medium,4,-0.25,0.8,critically low supply,0.0152,low,4.0,0.0067,low,watchlist,Heuristic baseline policy recommends watchlist monitoring because signals are elevated but not yet acute.,0.2277,low,0,4.6667,monitor,Selected monitor because it maximized deterministic net value under current constraints.,0.0,0.0,30.0,[]
3,Bishan,Central,2026-04-20 06:00:00+08:00,0.5226,0.5226,medium,2,0.0,0.6666667,critically low supply + below yesterday baseline,0.2038,low,2.0,0.0897,low,watchlist,Heuristic baseline policy recommends watchlist monitoring because signals are elevated but not yet acute.,0.2746,moderate,1,4.6667,monitor,Selected monitor because it maximized deterministic net value under current constraints.,0.0,0.0,30.0,[]
3,Bishan,Central,2026-04-20 07:00:00+08:00,0.4924,0.4924,medium,3,-0.33333334,0.75,critically low supply + peak hour,0.3149,low,3.0,0.1386,low,watchlist,Heuristic baseline policy recommends watchlist monitoring because signals are elevated but not yet acute.,0.314,moderate,2,4.6667,monitor,Selected monitor because it maximized deterministic net value under current constraints.,0.0,0.0,30.0,[]
3,Bishan,Central,2026-04-20 08:00:00+08:00,0.5245,0.5245,medium,4,-0.25,1.0,critically low supply + peak hour,0.365,low,3.0,0.1387,low,watchlist,Heuristic baseline policy recommends watchlist monitoring because signals are elevated but not yet acute.,0.3478,moderate,3,4.6667,monitor,Selected monitor because it maximized deterministic net value under current constraints.,0.0,0.0,30.0,[]
3,Bishan,Central,2026-04-20 11:00:00+08:00,0.4357,0.4357,medium,6,-0.75,2.0,critically low supply,0.1023,low,2.0,0.0286,low,watchlist,Heuristic baseline policy recommends watchlist monitoring because signals are elevated but not yet acute.,0.1985,low,0,4.6667,monitor,Selected monitor because it maximized deterministic net value under current constraints.,0.0,0.0,30.0,[]
3,Bishan,Central,2026-04-20 15:00:00+08:00,0.4541,0.4541,medium,7,-0.6,1.0,critically low supply,0.1286,low,6.0,0.0522,low,watchlist,Heuristic baseline policy recommends watchlist monitoring because signals are elevated but not yet acute.,0.2168,low,0,4.6667,monitor,Selected monitor because it maximized deterministic net value under current constraints.,0.0,0.0,30.0,[]
3,Bishan,Central,2026-04-20 17:00:00+08:00,0.4311,0.4311,medium,9,-0.25,1.8,critically low supply + peak hour,0.3239,low,4.0,0.0993,low,watchlist,Heuristic baseline policy recommends watchlist monitoring because signals are elevated but not yet acute.,0.2966,moderate,1,4.6667,monitor,Selected monitor because it maximized deterministic net value under current constraints.,0.0,0.0,30.0,[]
3,Bishan,Central,2026-04-21 17:00:00+08:00,0.4113,0.4113,medium,6,0.0,2.0,critically low supply + peak hour,0.3239,low,2.0,0.0907,low,watchlist,Heuristic baseline policy recommends watchlist monitoring because signals are elevated but not yet acute.,0.2897,moderate,1,4.6667,monitor,Selected monitor because it maximized deterministic net value under current constraints.,0.0,0.0,30.0,[]
3,Bishan,Central,2026-04-22 10:00:00+08:00,0.5027,0.5027,medium,4,-0.6666667,1.0,critically low supply,0.2038,low,3.0,0.0774,low,watchlist,Heuristic baseline policy recommends watchlist monitoring because signals are elevated but not yet acute.,0.2677,moderate,2,4.6667,monitor,Selected monitor because it maximized deterministic net value under current constraints.,0.0,0.0,30.0,[]
3,Bishan,Central,2026-04-22 22:00:00+08:00,0.614,0.614,medium,4,-0.25,1.0,critically low supply,0.0624,low,3.0,0.0237,low,watchlist,Heuristic baseline policy recommends watchlist monitoring because signals are elevated but not yet acute.,0.243,low,0,4.6667,monitor,Selected monitor because it maximized deterministic net value under current constraints.,0.0,0.0,30.0,[]
3,Bishan,Central,2026-04-23 01:00:00+08:00,0.6093,0.6093,medium,6,-0.4,1.5,critically low supply,0.0152,low,3.0,0.0049,low,watchlist,Heuristic baseline policy recommends watchlist monitoring because signals are elevated but not yet acute.,0.2201,low,0,4.6667,monitor,Selected monitor because it maximized deterministic net value under current constraints.,0.0,0.0,30.0,[]
3,Bishan,Central,2026-04-23 15:00:00+08:00,0.9434,0.9434,high,11,-1.4,2.75,low supply,0.1286,low,3.0,0.0341,low,intervention,Heuristic baseline policy recommends intervention because depletion risk or imbalance is already high.,0.3881,moderate,1,4.6667,monitor,Selected monitor because it maximized deterministic net value under current constraints.,0.0,0.0,30.0,[]
3,Bishan,Central,2026-04-24 01:00:00+08:00,0.6559,0.6559,medium,6,-0.4,1.2,critically low supply,0.0152,low,4.0,0.0055,low,watchlist,Heuristic baseline policy recommends watchlist monitoring because signals are elevated but not yet acute.,0.2364,low,0,4.6667,monitor,Selected monitor because it maximized deterministic net value under current constraints.,0.0,0.0,30.0,[]
3,Bishan,Central,2026-04-24 10:00:00+08:00,0.7138,0.7138,high,6,-1.3333334,1.2,critically low supply,0.2038,low,4.0,0.0734,low,watchlist,Heuristic baseline policy recommends watchlist monitoring because signals are elevated but not yet acute.,0.3415,moderate,1,4.6667,monitor,Selected monitor because it maximized deterministic net value under current constraints.,0.0,0.0,30.0,[]
3,Bishan,Central,2026-04-24 23:00:00+08:00,0.5432,0.5432,medium,5,-0.5,1.0,critically low supply,0.0304,low,4.0,0.0119,low,watchlist,Heuristic baseline policy recommends watchlist monitoring because signals are elevated but not yet acute.,0.2038,low,0,4.6667,monitor,Selected monitor because it maximized deterministic net value under current constraints.,0.0,0.0,30.0,[]
3,Bishan,Central,2026-04-25 08:00:00+08:00,0.4826,0.4826,medium,5,-0.2,1.6666666,critically low supply + peak hour,0.385,low,2.0,0.114,low,watchlist,Heuristic baseline policy recommends watchlist monitoring because signals are elevated but not yet acute.,0.3422,moderate,1,4.6667,monitor,Selected monitor because it maximized deterministic net value under current constraints.,0.0,0.0,30.0,[]
3,Bishan,Central,2026-04-25 14:00:00+08:00,0.4672,0.4672,medium,2,0.0,0.4,sustained depletion + critically low supply + below yesterday baseline,0.0824,low,4.0,0.156,low,watchlist,Heuristic baseline policy recommends watchlist monitoring because signals are elevated but not yet acute.,0.3006,moderate,1,4.6667,monitor,Selected monitor because it maximized deterministic net value under current constraints.,0.0,0.0,30.0,[]
3,Bishan,Central,2026-04-25 23:00:00+08:00,0.4208,0.4208,medium,2,0.0,0.2857143,critically low supply + below yesterday baseline,0.0504,low,6.0,0.1797,low,watchlist,Heuristic baseline policy recommends watchlist monitoring because signals are elevated but not yet acute.,0.3033,moderate,2,4.6667,monitor,Selected monitor because it maximized deterministic net value under current constraints.,0.0,0.0,30.0,[]
3,Bishan,Central,2026-04-26 00:00:00+08:00,0.4557,0.4557,medium,4,-0.6666667,0.5,critically low supply + below yesterday baseline,0.035,low,7.0,0.1074,low,watchlist,Heuristic baseline policy recommends watchlist monitoring because signals are elevated but not yet acute.,0.261,moderate,3,4.6667,monitor,Selected monitor because it maximized deterministic net value under current constraints.,0.0,0.0,30.0,[]
3,Bishan,Central,2026-04-26 04:00:00+08:00,0.8164,0.8164,high,4,-0.25,0.8,critically low supply,0.0646,low,4.0,0.0284,low,intervention,Heuristic baseline policy recommends intervention because depletion risk or imbalance is already high.,0.3148,moderate,1,4.6667,monitor,Selected monitor because it maximized deterministic net value under current constraints.,0.0,0.0,30.0,[]
3,Bishan,Central,2026-04-26 15:00:00+08:00,0.8218,0.8218,high,8,-1.25,2.0,critically low supply,0.1486,low,3.0,0.0431,low,intervention,Heuristic baseline policy recommends intervention because depletion risk or imbalance is already high.,0.3545,moderate,1,4.6667,monitor,Selected monitor because it maximized deterministic net value under current constraints.,0.0,0.0,30.0,[]
3,Bishan,Central,2026-04-26 20:00:00+08:00,0.5415,0.5415,medium,6,-0.4,0.85714287,critically low supply + peak hour,0.2473,low,6.0,0.1088,low,watchlist,Heuristic baseline policy recommends watchlist monitoring because signals are elevated but not yet acute.,0.3008,moderate,3,4.6667,monitor,Selected monitor because it maximized deterministic net value under current constraints.,0.0,0.0,30.0,[]
3,Bishan,Central,2026-04-27 10:00:00+08:00,0.8091,0.8091,high,6,-2.0,1.2,critically low supply,0.2038,low,4.0,0.0734,low,intervention,Heuristic baseline policy recommends intervention because depletion risk or imbalance is already high.,0.3749,moderate,2,4.6667,monitor,Selected monitor because it maximized deterministic net value under current constraints.,0.0,0.0,30.0,[]
3,Bishan,Central,2026-04-27 20:00:00+08:00,0.4005,0.4005,medium,4,0.0,1.0,critically low supply + peak hour,0.2273,low,3.0,0.0864,low,watchlist,Heuristic baseline policy recommends watchlist monitoring because signals are elevated but not yet acute.,0.2425,low,0,4.6667,monitor,Selected monitor because it maximized deterministic net value under current constraints.,0.0,0.0,30.0,[]
3,Bishan,Central,2026-04-28 04:00:00+08:00,0.5862,0.5862,medium,2,0.0,0.33333334,critically low supply + below yesterday baseline,0.0446,low,5.0,0.1557,low,watchlist,Heuristic baseline policy recommends watchlist monitoring because signals are elevated but not yet acute.,0.3452,moderate,1,4.6667,monitor,Selected monitor because it maximized deterministic net value under current constraints.,0.0,0.0,30.0,[]
3,Bishan,Central,2026-04-28 09:00:00+08:00,0.6525,0.6525,medium,4,0.0,1.0,critically low supply + peak hour,0.3149,low,3.0,0.1197,low,watchlist,Heuristic baseline policy recommends watchlist monitoring because signals are elevated but not yet acute.,0.3701,moderate,3,4.6667,monitor,Selected monitor because it maximized deterministic net value under current constraints.,0.0,0.0,30.0,[]
3,Bishan,Central,2026-04-28 21:00:00+08:00,0.9209,0.9209,high,8,-1.25,2.0,critically low supply,0.1286,low,3.0,0.0373,low,intervention,Heuristic baseline policy recommends intervention because depletion risk or imbalance is already high.,0.3802,moderate,6,4.6667,monitor,Selected monitor because it maximized deterministic net value under current constraints.,0.0,0.0,30.0,[]
3,Bishan,Central,2026-04-28 22:00:00+08:00,0.4488,0.4488,medium,5,0.33333334,2.5,rapid depletion + critically low supply,0.0624,low,1.0,0.0155,low,watchlist,Heuristic baseline policy recommends watchlist monitoring because signals are elevated but not yet acute.,0.1852,low,0,4.6667,monitor,Selected monitor because it maximized deterministic net value under current constraints.,0.0,0.0,30.0,[]
3,Bishan,Central,2026-04-29 10:00:00+08:00,0.9666,0.9666,high,8,-1.25,1.6,critically low supply,0.2038,low,4.0,0.0652,low,intervention,Heuristic baseline policy recommends intervention because depletion risk or imbalance is already high.,0.43,moderate,2,4.6667,monitor,Selected monitor because it maximized deterministic net value under current constraints.,0.0,0.0,30.0,[]
3,Bishan,Central,2026-04-29 17:00:00+08:00,0.6947,0.6947,medium,14,-0.6666667,2.8,low supply + peak hour,0.3239,low,4.0,0.087,low,watchlist,Heuristic baseline policy recommends watchlist monitoring because signals are elevated but not yet acute.,0.3889,moderate,3,4.6667,monitor,Selected monitor because it maximized deterministic net value under current constraints.,0.0,0.0,30.0,[]
3,Bishan,Central,2026-04-30 01:00:00+08:00,0.4634,0.4634,medium,2,-0.5,0.5,critically low supply + below yesterday baseline,0.0152,low,3.0,0.0752,low,watchlist,Heuristic baseline policy recommends watchlist monitoring because signals are elevated but not yet acute.,0.2357,low,0,4.6667,monitor,Selected monitor because it maximized deterministic net value under current constraints.,0.0,0.0,30.0,[]
3,Bishan,Central,2026-04-30 03:00:00+08:00,0.5423,0.5423,medium,4,-0.25,1.0,critically low supply,0.0224,low,3.0,0.0085,low,watchlist,Heuristic baseline policy recommends watchlist monitoring because signals are elevated but not yet acute.,0.1999,low,0,4.6667,monitor,Selected monitor because it maximized deterministic net value under current constraints.,0.0,0.0,30.0,[]
3,Bishan,Central,2026-04-30 04:00:00+08:00,0.7692,0.7692,high,4,0.0,1.3333334,critically low supply,0.0446,low,2.0,0.0143,low,intervention,Heuristic baseline policy recommends intervention because depletion risk or imbalance is already high.,0.2893,moderate,1,4.6667,monitor,Selected monitor because it maximized deterministic net value under current constraints.,0.0,0.0,30.0,[]
3,Bishan,Central,2026-04-30 10:00:00+08:00,0.7988,0.7988,high,4,-1.5,1.3333334,critically low supply,0.2038,low,2.0,0.0652,low,intervention,Heuristic baseline policy recommends intervention because depletion risk or imbalance is already high.,0.3713,moderate,2,4.6667,monitor,Selected monitor because it maximized deterministic net value under current constraints.,0.0,0.0,30.0,[]
3,Bishan,Central,2026-04-30 11:00:00+08:00,0.4053,0.4053,medium,6,-0.4,1.5,critically low supply,0.1023,low,3.0,0.0327,low,watchlist,Heuristic baseline policy recommends watchlist monitoring because signals are elevated but not yet acute.,0.1879,low,0,4.6667,monitor,Selected monitor because it maximized deterministic net value under current constraints.,0.0,0.0,30.0,[]
3,Bishan,Central,2026-04-30 20:00:00+08:00,0.6168,0.6168,medium,2,0.0,0.4,sustained depletion + critically low supply + below yesterday baseline + peak hour,0.2273,low,4.0,0.2546,low,watchlist,Heuristic baseline policy recommends watchlist monitoring because signals are elevated but not yet acute.,0.4182,moderate,2,4.6667,monitor,Selected monitor because it maximized deterministic net value under current constraints.,0.0,0.0,30.0,[]
3,Bishan,Central,2026-04-30 23:00:00+08:00,0.4753,0.4753,medium,4,-0.6666667,0.8,critically low supply,0.0304,low,4.0,0.0134,low,watchlist,Heuristic baseline policy recommends watchlist monitoring because signals are elevated but not yet acute.,0.18,low,0,4.6667,monitor,Selected monitor because it maximized deterministic net value under current constraints.,0.0,0.0,30.0,[]
3,Bishan,Central,2026-05-01 00:00:00+08:00,0.5497,0.5497,medium,5,-0.2,5.0,critically low supply + public holiday,0.015,low,0.0,0.0066,low,watchlist,Heuristic baseline policy recommends watchlist monitoring because signals are elevated but not yet acute.,0.1991,low,0,4.6667,monitor,Selected monitor because it maximized deterministic net value under current constraints.,0.0,0.0,30.0,[]
3,Bishan,Central,2026-05-01 04:00:00+08:00,0.536,0.536,medium,5,0.0,1.6666666,critically low supply + public holiday,0.0446,low,2.0,0.0132,low,watchlist,Heuristic baseline policy recommends watchlist monitoring because signals are elevated but not yet acute.,0.2077,low,0,4.6667,monitor,Selected monitor because it maximized deterministic net value under current constraints.,0.0,0.0,30.0,[]
3,Bishan,Central,2026-05-01 05:00:00+08:00,0.7118,0.7118,high,9,-0.6666667,3.0,critically low supply + public holiday,0.1023,low,2.0,0.0259,low,watchlist,Heuristic baseline policy recommends watchlist monitoring because signals are elevated but not yet acute.,0.2952,moderate,1,4.6667,monitor,Selected monitor because it maximized deterministic net value under current constraints.,0.0,0.0,30.0,[]
3,Bishan,Central,2026-05-01 11:00:00+08:00,0.6573,0.6573,medium,4,-1.5,0.26666668,critically low supply + below yesterday baseline + public holiday,0.1023,low,14.0,0.2492,low,watchlist,Heuristic baseline policy recommends watchlist monitoring because signals are elevated but not yet acute.,0.4189,moderate,4,4.6667,monitor,Selected monitor because it maximized deterministic net value under current constraints.,0.0,0.0,30.0,[]
3,Bishan,Central,2026-05-01 13:00:00+08:00,0.7591,0.7591,high,5,-2.0,1.0,critically low supply + public holiday,0.0304,low,4.0,0.0119,low,intervention,Heuristic baseline policy recommends intervention because depletion risk or imbalance is already high.,0.2794,moderate,6,4.6667,monitor,Selected monitor because it maximized deterministic net value under current constraints.,0.0,0.0,30.0,[]
3,Bishan,Central,2026-05-01 14:00:00+08:00,0.5198,0.5198,medium,4,0.16666667,2.0,critically low supply + public holiday,0.0624,low,1.0,0.0162,low,watchlist,Heuristic baseline policy recommends watchlist monitoring because signals are elevated but not yet acute.,0.21,low,0,4.6667,monitor,Selected monitor because it maximized deterministic net value under current constraints.,0.0,0.0,30.0,[]
3,Bishan,Central,2026-05-01 15:00:00+08:00,0.5436,0.5436,medium,4,0.0,1.3333334,critically low supply + public holiday,0.1286,low,2.0,0.0412,low,watchlist,Heuristic baseline policy recommends watchlist monitoring because signals are elevated but not yet acute.,0.2481,low,0,4.6667,monitor,Selected monitor because it maximized deterministic net value under current constraints.,0.0,0.0,30.0,[]
3,Bishan,Central,2026-05-01 16:00:00+08:00,0.4788,0.4788,medium,4,0.0,1.0,critically low supply + public holiday,0.2273,low,3.0,0.0864,low,watchlist,Heuristic baseline policy recommends watchlist monitoring because signals are elevated but not yet acute.,0.2699,moderate,1,4.6667,monitor,Selected monitor because it maximized deterministic net value under current constraints.,0.0,0.0,30.0,[]
3,Bishan,Central,2026-05-01 21:00:00+08:00,0.5771,0.5771,medium,4,-0.25,0.8,critically low supply + public holiday,0.1286,low,4.0,0.0566,low,watchlist,Heuristic baseline policy recommends watchlist monitoring because signals are elevated but not yet acute.,0.2599,moderate,1,4.6667,monitor,Selected monitor because it maximized deterministic net value under current constraints.,0.0,0.0,30.0,[]
3,Bishan,Central,2026-05-02 14:00:00+08:00,0.6686,0.6686,medium,4,-0.25,0.8,critically low supply,0.0824,low,4.0,0.0363,low,watchlist,Heuristic baseline policy recommends watchlist monitoring because signals are elevated but not yet acute.,0.2711,moderate,1,4.6667,monitor,Selected monitor because it maximized deterministic net value under current constraints.,0.0,0.0,30.0,[]
3,Bishan,Central,2026-05-02 15:00:00+08:00,0.435,0.435,medium,7,-0.6,3.5,critically low supply,0.1486,low,1.0,0.0348,low,watchlist,Heuristic baseline policy recommends watchlist monitoring because signals are elevated but not yet acute.,0.2191,low,0,4.6667,monitor,Selected monitor because it maximized deterministic net value under current constraints.,0.0,0.0,30.0,[]
3,Bishan,Central,2026-05-11 11:00:00+08:00,0.9432,0.9432,high,12,-1.6,2.4,low supply + rain,0.1689,low,4.0,0.0473,low,intervention,Heuristic baseline policy recommends intervention because depletion risk or imbalance is already high.,0.4061,moderate,1,4.6667,monitor,Selected monitor because it maximized deterministic net value under current constraints.,0.0,0.0,30.0,[]
4,Boon Lay,West,2026-04-16 10:00:00+08:00,0.9901,0.9901,high,22,-2.0,2.9460633,normal conditions,0.2507,low,6.4676,0.0678,low,intervention,Heuristic baseline policy recommends intervention because depletion risk or imbalance is already high.,0.4593,moderate,1,6.4,monitor,Selected monitor because it maximized deterministic net value under current constraints.,0.0,0.0,30.0,[]
4,Boon Lay,West,2026-04-18 09:00:00+08:00,0.8831,0.8831,high,11,-0.71428573,1.4730316,low supply + peak hour,0.3818,low,6.4676,0.1302,low,intervention,Heuristic baseline policy recommends intervention because depletion risk or imbalance is already high.,0.4809,moderate,1,6.4,monitor,Selected monitor because it maximized deterministic net value under current constraints.,0.0,0.0,30.0,[]
4,Boon Lay,West,2026-04-18 14:00:00+08:00,0.4418,0.4418,medium,4,-0.6666667,0.17391305,critically low supply + below yesterday baseline,0.1292,low,22.0,0.36,low,watchlist,Heuristic baseline policy recommends watchlist monitoring because signals are elevated but not yet acute.,0.3764,moderate,1,6.4,monitor,Selected monitor because it maximized deterministic net value under current constraints.,0.0,0.0,30.0,[]
4,Boon Lay,West,2026-04-18 15:00:00+08:00,0.5014,0.5014,medium,5,-0.2,0.71428573,critically low supply,0.1955,low,6.0,0.1287,low,watchlist,Heuristic baseline policy recommends watchlist monitoring because signals are elevated but not yet acute.,0.2968,moderate,2,6.4,monitor,Selected monitor because it maximized deterministic net value under current constraints.,0.0,0.0,30.0,[]
4,Boon Lay,West,2026-04-18 16:00:00+08:00,0.4248,0.4248,medium,6,-0.16666667,0.85714287,critically low supply,0.2942,low,6.0,0.1294,low,watchlist,Heuristic baseline policy recommends watchlist monitoring because signals are elevated but not yet acute.,0.2811,moderate,3,6.4,monitor,Selected monitor because it maximized deterministic net value under current constraints.,0.0,0.0,30.0,[]
4,Boon Lay,West,2026-04-19 06:00:00+08:00,0.4518,0.4518,medium,9,-0.6666667,1.2857143,critically low supply,0.2707,low,6.0,0.0975,low,watchlist,Heuristic baseline policy recommends watchlist monitoring because signals are elevated but not yet acute.,0.2799,moderate,1,6.4,monitor,Selected monitor because it maximized deterministic net value under current constraints.,0.0,0.0,30.0,[]
4,Boon Lay,West,2026-04-19 20:00:00+08:00,0.5604,0.5604,medium,9,-0.6666667,2.25,critically low supply + peak hour,0.2942,low,3.0,0.0824,low,watchlist,Heuristic baseline policy recommends watchlist monitoring because signals are elevated but not yet acute.,0.3285,moderate,1,6.4,monitor,Selected monitor because it maximized deterministic net value under current constraints.,0.0,0.0,30.0,[]
4,Boon Lay,West,2026-04-20 08:00:00+08:00,0.4178,0.4178,medium,12,-0.18181819,1.5,low supply + peak hour,0.4119,medium,7.0,0.14,low,watchlist,Heuristic baseline policy recommends watchlist monitoring because signals are elevated but not yet acute.,0.3316,moderate,1,6.4,monitor,Selected monitor because it maximized deterministic net value under current constraints.,0.0,0.0,30.0,[]
4,Boon Lay,West,2026-04-20 09:00:00+08:00,0.5238,0.5238,medium,14,-0.15384616,2.3333333,low supply + peak hour,0.3618,low,5.0,0.1034,low,watchlist,Heuristic baseline policy recommends watchlist monitoring because signals are elevated but not yet acute.,0.3461,moderate,2,6.4,monitor,Selected monitor because it maximized deterministic net value under current constraints.,0.0,0.0,30.0,[]
4,Boon Lay,West,2026-04-20 10:00:00+08:00,0.5226,0.5226,medium,9,0.33333334,1.5,rapid depletion + critically low supply,0.2507,low,5.0,0.0836,low,watchlist,Heuristic baseline policy recommends watchlist monitoring because signals are elevated but not yet acute.,0.2957,moderate,3,6.4,monitor,Selected monitor because it maximized deterministic net value under current constraints.,0.0,0.0,30.0,[]
4,Boon Lay,West,2026-04-21 17:00:00+08:00,0.5943,0.5943,medium,11,-2.0,1.375,low supply + peak hour,0.3707,low,7.0,0.1308,low,watchlist,Heuristic baseline policy recommends watchlist monitoring because signals are elevated but not yet acute.,0.3748,moderate,1,6.4,monitor,Selected monitor because it maximized deterministic net value under current constraints.,0.0,0.0,30.0,[]
4,Boon Lay,West,2026-04-22 10:00:00+08:00,0.4222,0.4222,medium,8,-0.8,0.8,critically low supply,0.2507,low,9.0,0.1401,low,watchlist,Heuristic baseline policy recommends watchlist monitoring because signals are elevated but not yet acute.,0.2828,moderate,2,6.4,monitor,Selected monitor because it maximized deterministic net value under current constraints.,0.0,0.0,30.0,[]
4,Boon Lay,West,2026-04-22 14:00:00+08:00,0.4588,0.4588,medium,5,-0.2,0.5555556,critically low supply + below yesterday baseline,0.1092,low,8.0,0.1388,low,watchlist,Heuristic baseline policy recommends watchlist monitoring because signals are elevated but not yet acute.,0.2847,moderate,1,6.4,monitor,Selected monitor because it maximized deterministic net value under current constraints.,0.0,0.0,30.0,[]
4,Boon Lay,West,2026-04-22 16:00:00+08:00,0.5978,0.5978,medium,7,-0.6,1.1666666,critically low supply,0.2742,low,5.0,0.1018,low,watchlist,Heuristic baseline policy recommends watchlist monitoring because signals are elevated but not yet acute.,0.3326,moderate,1,6.4,monitor,Selected monitor because it maximized deterministic net value under current constraints.,0.0,0.0,30.0,[]
4,Boon Lay,West,2026-04-23 18:00:00+08:00,0.5979,0.5979,medium,8,-0.2857143,0.6666667,critically low supply + below yesterday baseline + peak hour,0.4119,medium,11.0,0.2729,low,watchlist,Heuristic baseline policy recommends watchlist monitoring because signals are elevated but not yet acute.,0.4492,moderate,1,6.4,monitor,Selected monitor because it maximized deterministic net value under current constraints.,0.0,0.0,30.0,[]
4,Boon Lay,West,2026-04-24 07:00:00+08:00,0.6085,0.6085,medium,9,-0.6666667,1.8,critically low supply + peak hour,0.3618,low,4.0,0.111,low,watchlist,Heuristic baseline policy recommends watchlist monitoring because signals are elevated but not yet acute.,0.3758,moderate,1,6.4,monitor,Selected monitor because it maximized deterministic net value under current constraints.,0.0,0.0,30.0,[]
4,Boon Lay,West,2026-04-24 14:00:00+08:00,0.5542,0.5542,medium,6,-0.4,1.2,critically low supply,0.1092,low,4.0,0.0393,low,watchlist,Heuristic baseline policy recommends watchlist monitoring because signals are elevated but not yet acute.,0.2431,low,0,6.4,monitor,Selected monitor because it maximized deterministic net value under current constraints.,0.0,0.0,30.0,[]
4,Boon Lay,West,2026-04-24 15:00:00+08:00,0.5135,0.5135,medium,6,0.0,1.0,critically low supply,0.1755,low,5.0,0.0702,low,watchlist,Heuristic baseline policy recommends watchlist monitoring because signals are elevated but not yet acute.,0.2587,moderate,1,6.4,monitor,Selected monitor because it maximized deterministic net value under current constraints.,0.0,0.0,30.0,[]
4,Boon Lay,West,2026-04-25 09:00:00+08:00,0.4454,0.4454,medium,6,0.22222222,1.5,critically low supply + peak hour,0.3818,low,3.0,0.1222,low,watchlist,Heuristic baseline policy recommends watchlist monitoring because signals are elevated but not yet acute.,0.3277,moderate,1,6.4,monitor,Selected monitor because it maximized deterministic net value under current constraints.,0.0,0.0,30.0,[]
4,Boon Lay,West,2026-04-25 14:00:00+08:00,0.8166,0.8166,high,6,-0.4,1.0,critically low supply,0.1292,low,5.0,0.0517,low,intervention,Heuristic baseline policy recommends intervention because depletion risk or imbalance is already high.,0.3439,moderate,1,6.4,monitor,Selected monitor because it maximized deterministic net value under current constraints.,0.0,0.0,30.0,[]
4,Boon Lay,West,2026-04-26 14:00:00+08:00,0.6267,0.6267,medium,6,-0.75,0.6,critically low supply + below yesterday baseline,0.1292,low,9.0,0.139,low,watchlist,Heuristic baseline policy recommends watchlist monitoring because signals are elevated but not yet acute.,0.3442,moderate,1,6.4,monitor,Selected monitor because it maximized deterministic net value under current constraints.,0.0,0.0,30.0,[]
4,Boon Lay,West,2026-04-26 15:00:00+08:00,0.4845,0.4845,medium,8,-0.2857143,1.3333334,critically low supply,0.1955,low,5.0,0.0684,low,watchlist,Heuristic baseline policy recommends watchlist monitoring because signals are elevated but not yet acute.,0.2576,moderate,2,6.4,monitor,Selected monitor because it maximized deterministic net value under current constraints.,0.0,0.0,30.0,[]
4,Boon Lay,West,2026-04-28 08:00:00+08:00,0.4187,0.4187,medium,15,-0.23076923,1.5,low supply + peak hour,0.4119,medium,9.0,0.1417,low,no_action,Heuristic baseline policy recommends no action because depletion risk and imbalance remain low.,0.3319,moderate,2,6.4,monitor,Selected monitor because it maximized deterministic net value under current constraints.,0.0,0.0,30.0,[]
4,Boon Lay,West,2026-04-28 09:00:00+08:00,0.9361,0.9361,high,19,-0.25,1.9,low supply + peak hour,0.3618,low,9.0,0.1135,low,intervention,Heuristic baseline policy recommends intervention because depletion risk or imbalance is already high.,0.4904,moderate,3,6.4,monitor,Selected monitor because it maximized deterministic net value under current constraints.,0.0,0.0,30.0,[]
4,Boon Lay,West,2026-04-29 08:00:00+08:00,0.9797,0.9797,high,21,-1.2,2.625,peak hour,0.4119,medium,7.0,0.1153,low,intervention,Heuristic baseline policy recommends intervention because depletion risk or imbalance is already high.,0.5283,moderate,1,6.4,monitor,Selected monitor because it maximized deterministic net value under current constraints.,0.0,0.0,30.0,[]
4,Boon Lay,West,2026-04-29 20:00:00+08:00,0.6716,0.6716,medium,8,-0.8,1.1428572,critically low supply + peak hour,0.2742,low,6.0,0.1042,low,watchlist,Heuristic baseline policy recommends watchlist monitoring because signals are elevated but not yet acute.,0.3584,moderate,1,6.4,monitor,Selected monitor because it maximized deterministic net value under current constraints.,0.0,0.0,30.0,[]
4,Boon Lay,West,2026-04-30 10:00:00+08:00,0.5619,0.5619,medium,11,-0.33333334,1.0,low supply,0.2507,low,10.0,0.1048,low,watchlist,Heuristic baseline policy recommends watchlist monitoring because signals are elevated but not yet acute.,0.3095,moderate,1,6.4,monitor,Selected monitor because it maximized deterministic net value under current constraints.,0.0,0.0,30.0,[]
4,Boon Lay,West,2026-04-30 14:00:00+08:00,0.4842,0.4842,medium,5,-2.0,0.45454547,critically low supply + below yesterday baseline,0.1092,low,10.0,0.1743,low,watchlist,Heuristic baseline policy recommends watchlist monitoring because signals are elevated but not yet acute.,0.3186,moderate,3,6.4,monitor,Selected monitor because it maximized deterministic net value under current constraints.,0.0,0.0,30.0,[]
4,Boon Lay,West,2026-04-30 20:00:00+08:00,0.6221,0.6221,medium,6,-0.75,0.375,critically low supply + below yesterday baseline + peak hour,0.2742,low,15.0,0.3394,low,watchlist,Heuristic baseline policy recommends watchlist monitoring because signals are elevated but not yet acute.,0.4611,moderate,5,6.4,monitor,Selected monitor because it maximized deterministic net value under current constraints.,0.0,0.0,30.0,[]
4,Boon Lay,West,2026-05-01 15:00:00+08:00,0.4163,0.4163,medium,6,-0.4,0.85714287,critically low supply + public holiday,0.1755,low,6.0,0.0772,low,watchlist,Heuristic baseline policy recommends watchlist monitoring because signals are elevated but not yet acute.,0.2247,low,0,6.4,monitor,Selected monitor because it maximized deterministic net value under current constraints.,0.0,0.0,30.0,[]
4,Boon Lay,West,2026-05-01 21:00:00+08:00,0.6817,0.6817,medium,7,-0.33333334,0.5833333,critically low supply + below yesterday baseline + public holiday,0.1755,low,11.0,0.174,low,watchlist,Heuristic baseline policy recommends watchlist monitoring because signals are elevated but not yet acute.,0.3903,moderate,1,6.4,monitor,Selected monitor because it maximized deterministic net value under current constraints.,0.0,0.0,30.0,[]
4,Boon Lay,West,2026-05-02 05:00:00+08:00,0.8434,0.8434,high,13,-1.0,1.4444444,low supply,0.1691,low,8.0,0.0588,low,intervention,Heuristic baseline policy recommends intervention because depletion risk or imbalance is already high.,0.3713,moderate,1,6.4,monitor,Selected monitor because it maximized deterministic net value under current constraints.,0.0,0.0,30.0,[]
4,Boon Lay,West,2026-05-02 14:00:00+08:00,0.5269,0.5269,medium,5,-0.2,1.0,critically low supply,0.1292,low,4.0,0.0506,low,watchlist,Heuristic baseline policy recommends watchlist monitoring because signals are elevated but not yet acute.,0.2426,low,0,6.4,monitor,Selected monitor because it maximized deterministic net value under current constraints.,0.0,0.0,30.0,[]
4,Boon Lay,West,2026-05-02 22:00:00+08:00,0.5568,0.5568,medium,6,-1.3333334,0.85714287,critically low supply,0.1292,low,6.0,0.0568,low,watchlist,Heuristic baseline policy recommends watchlist monitoring because signals are elevated but not yet acute.,0.253,moderate,2,6.4,monitor,Selected monitor because it maximized deterministic net value under current constraints.,0.0,0.0,30.0,[]
5,Bukit Batok,West,2026-04-16 10:00:00+08:00,0.8923,0.8923,high,20,-0.75,1.3895143,normal conditions,0.2038,low,13.3935,0.0735,low,intervention,Heuristic baseline policy recommends intervention because depletion risk or imbalance is already high.,0.404,moderate,1,2.9714,monitor,Selected monitor because it maximized deterministic net value under current constraints.,0.0,0.0,30.0,[]
5,Bukit Batok,West,2026-04-17 15:00:00+08:00,0.5468,0.5468,medium,14,-0.071428575,0.97266,low supply,0.1286,low,13.3935,0.0552,low,watchlist,Heuristic baseline policy recommends watchlist monitoring because signals are elevated but not yet acute.,0.2493,low,0,2.9714,monitor,Selected monitor because it maximized deterministic net value under current constraints.,0.0,0.0,30.0,[]
5,Bukit Batok,West,2026-04-18 17:00:00+08:00,0.5371,0.5371,medium,15,0.0,1.3636364,low supply + peak hour,0.3439,low,10.0,0.1238,low,watchlist,Heuristic baseline policy recommends watchlist monitoring because signals are elevated but not yet acute.,0.3427,moderate,1,2.9714,monitor,Selected monitor because it maximized deterministic net value under current constraints.,0.0,0.0,30.0,[]
5,Bukit Batok,West,2026-04-19 01:00:00+08:00,0.4217,0.4217,medium,19,-0.8181818,1.2666667,low supply,0.0352,low,14.0,0.0133,low,no_action,Heuristic baseline policy recommends no action because depletion risk and imbalance remain low.,0.1634,low,0,2.9714,monitor,Selected monitor because it maximized deterministic net value under current constraints.,0.0,0.0,30.0,[]
5,Bukit Batok,West,2026-04-19 04:00:00+08:00,0.4119,0.4119,medium,18,-0.055555556,1.3846154,low supply,0.0646,low,12.0,0.0233,low,no_action,Heuristic baseline policy recommends no action because depletion risk and imbalance remain low.,0.1732,low,0,2.9714,monitor,Selected monitor because it maximized deterministic net value under current constraints.,0.0,0.0,30.0,[]
5,Bukit Batok,West,2026-04-20 04:00:00+08:00,0.8211,0.8211,high,12,0.23529412,1.5,low supply,0.0446,low,7.0,0.0152,low,intervention,Heuristic baseline policy recommends intervention because depletion risk or imbalance is already high.,0.3075,moderate,1,2.9714,monitor,Selected monitor because it maximized deterministic net value under current constraints.,0.0,0.0,30.0,[]
5,Bukit Batok,West,2026-04-20 05:00:00+08:00,0.5289,0.5289,medium,16,-0.30769232,1.4545455,low supply,0.1023,low,10.0,0.0358,low,watchlist,Heuristic baseline policy recommends watchlist monitoring because signals are elevated but not yet acute.,0.2312,low,0,2.9714,monitor,Selected monitor because it maximized deterministic net value under current constraints.,0.0,0.0,30.0,[]
5,Bukit Batok,West,2026-04-20 14:00:00+08:00,0.4506,0.4506,medium,19,-0.1764706,1.2666667,low supply,0.0624,low,14.0,0.0235,low,watchlist,Heuristic baseline policy recommends watchlist monitoring because signals are elevated but not yet acute.,0.1858,low,0,2.9714,monitor,Selected monitor because it maximized deterministic net value under current constraints.,0.0,0.0,30.0,[]
5,Bukit Batok,West,2026-04-21 11:00:00+08:00,0.5857,0.5857,medium,13,0.06666667,1.0,low supply,0.1023,low,12.0,0.0431,low,watchlist,Heuristic baseline policy recommends watchlist monitoring because signals are elevated but not yet acute.,0.251,moderate,1,2.9714,monitor,Selected monitor because it maximized deterministic net value under current constraints.,0.0,0.0,30.0,[]
5,Bukit Batok,West,2026-04-22 21:00:00+08:00,0.4655,0.4655,medium,18,-0.35714287,1.3846154,low supply,0.1286,low,12.0,0.0463,low,watchlist,Heuristic baseline policy recommends watchlist monitoring because signals are elevated but not yet acute.,0.2208,low,0,2.9714,monitor,Selected monitor because it maximized deterministic net value under current constraints.,0.0,0.0,30.0,[]
5,Bukit Batok,West,2026-04-23 15:00:00+08:00,0.9287,0.9287,high,26,-0.9285714,1.7333333,normal conditions,0.1286,low,14.0,0.0423,low,intervention,Heuristic baseline policy recommends intervention because depletion risk or imbalance is already high.,0.3829,moderate,1,2.9714,monitor,Selected monitor because it maximized deterministic net value under current constraints.,0.0,0.0,30.0,[]
5,Bukit Batok,West,2026-04-24 10:00:00+08:00,0.4343,0.4343,medium,13,-1.0,1.1818181,low supply,0.2038,low,10.0,0.0784,low,watchlist,Heuristic baseline policy recommends watchlist monitoring because signals are elevated but not yet acute.,0.2437,low,0,2.9714,monitor,Selected monitor because it maximized deterministic net value under current constraints.,0.0,0.0,30.0,[]
5,Bukit Batok,West,2026-04-24 15:00:00+08:00,0.6876,0.6876,medium,16,-0.0625,1.3333334,low supply,0.1286,low,11.0,0.0469,low,watchlist,Heuristic baseline policy recommends watchlist monitoring because signals are elevated but not yet acute.,0.2985,moderate,1,2.9714,monitor,Selected monitor because it maximized deterministic net value under current constraints.,0.0,0.0,30.0,[]
5,Bukit Batok,West,2026-04-25 08:00:00+08:00,0.7433,0.7433,high,17,-0.05882353,1.2142857,low supply + peak hour,0.385,low,13.0,0.1477,low,watchlist,Heuristic baseline policy recommends watchlist monitoring because signals are elevated but not yet acute.,0.4334,moderate,1,2.9714,monitor,Selected monitor because it maximized deterministic net value under current constraints.,0.0,0.0,30.0,[]
5,Bukit Batok,West,2026-04-25 09:00:00+08:00,0.4963,0.4963,medium,16,0.055555556,1.1428572,low supply + peak hour,0.3349,low,13.0,0.1323,low,watchlist,Heuristic baseline policy recommends watchlist monitoring because signals are elevated but not yet acute.,0.3244,moderate,2,2.9714,monitor,Selected monitor because it maximized deterministic net value under current constraints.,0.0,0.0,30.0,[]
5,Bukit Batok,West,2026-04-25 14:00:00+08:00,0.5096,0.5096,medium,19,-0.42857143,1.2666667,low supply,0.0824,low,14.0,0.0311,low,watchlist,Heuristic baseline policy recommends watchlist monitoring because signals are elevated but not yet acute.,0.2154,low,0,2.9714,monitor,Selected monitor because it maximized deterministic net value under current constraints.,0.0,0.0,30.0,[]
5,Bukit Batok,West,2026-04-25 17:00:00+08:00,0.436,0.436,medium,21,-0.375,1.5,peak hour,0.3439,low,13.0,0.1199,low,no_action,Heuristic baseline policy recommends no action because depletion risk and imbalance remain low.,0.3074,moderate,1,2.9714,monitor,Selected monitor because it maximized deterministic net value under current constraints.,0.0,0.0,30.0,[]
5,Bukit Batok,West,2026-04-26 15:00:00+08:00,0.5654,0.5654,medium,20,-0.5,2.2222223,normal conditions,0.1486,low,8.0,0.044,low,watchlist,Heuristic baseline policy recommends watchlist monitoring because signals are elevated but not yet acute.,0.2648,moderate,1,2.9714,monitor,Selected monitor because it maximized deterministic net value under current constraints.,0.0,0.0,30.0,[]
5,Bukit Batok,West,2026-04-27 15:00:00+08:00,0.4137,0.4137,medium,16,-0.30769232,1.2307693,low supply,0.1286,low,12.0,0.0489,low,no_action,Heuristic baseline policy recommends no action because depletion risk and imbalance remain low.,0.2027,low,0,2.9714,monitor,Selected monitor because it maximized deterministic net value under current constraints.,0.0,0.0,30.0,[]
5,Bukit Batok,West,2026-04-27 16:00:00+08:00,0.6722,0.6722,medium,14,0.11764706,1.0,low supply,0.2273,low,13.0,0.0961,low,watchlist,Heuristic baseline policy recommends watchlist monitoring because signals are elevated but not yet acute.,0.3376,moderate,1,2.9714,monitor,Selected monitor because it maximized deterministic net value under current constraints.,0.0,0.0,30.0,[]
5,Bukit Batok,West,2026-04-29 17:00:00+08:00,0.408,0.408,medium,13,-1.8,0.8125,low supply + peak hour,0.3239,low,15.0,0.1811,low,watchlist,Heuristic baseline policy recommends watchlist monitoring because signals are elevated but not yet acute.,0.3152,moderate,1,2.9714,monitor,Selected monitor because it maximized deterministic net value under current constraints.,0.0,0.0,30.0,[]
5,Bukit Batok,West,2026-04-30 06:00:00+08:00,0.4192,0.4192,medium,14,0.0625,0.875,low supply,0.2038,low,15.0,0.1065,low,watchlist,Heuristic baseline policy recommends watchlist monitoring because signals are elevated but not yet acute.,0.2518,moderate,1,2.9714,monitor,Selected monitor because it maximized deterministic net value under current constraints.,0.0,0.0,30.0,[]
5,Bukit Batok,West,2026-04-30 17:00:00+08:00,0.93,0.93,high,19,-1.2222222,1.4615384,low supply + peak hour,0.3239,low,12.0,0.1139,low,intervention,Heuristic baseline policy recommends intervention because depletion risk or imbalance is already high.,0.4713,moderate,1,2.9714,monitor,Selected monitor because it maximized deterministic net value under current constraints.,0.0,0.0,30.0,[]
5,Bukit Batok,West,2026-04-30 20:00:00+08:00,0.6484,0.6484,medium,15,0.2,1.6666666,low supply + peak hour,0.2273,low,8.0,0.0746,low,watchlist,Heuristic baseline policy recommends watchlist monitoring because signals are elevated but not yet acute.,0.3292,moderate,2,2.9714,monitor,Selected monitor because it maximized deterministic net value under current constraints.,0.0,0.0,30.0,[]
5,Bukit Batok,West,2026-05-01 02:00:00+08:00,0.4953,0.4953,medium,20,-0.23529412,1.5384616,public holiday,0.0164,low,12.0,0.0056,low,watchlist,Heuristic baseline policy recommends watchlist monitoring because signals are elevated but not yet acute.,0.1807,low,0,2.9714,monitor,Selected monitor because it maximized deterministic net value under current constraints.,0.0,0.0,30.0,[]
5,Bukit Batok,West,2026-05-01 07:00:00+08:00,0.5534,0.5534,medium,14,-0.36363637,1.5555556,low supply + peak hour + public holiday,0.3149,low,8.0,0.1062,low,watchlist,Heuristic baseline policy recommends watchlist monitoring because signals are elevated but not yet acute.,0.3354,moderate,1,2.9714,monitor,Selected monitor because it maximized deterministic net value under current constraints.,0.0,0.0,30.0,[]
5,Bukit Batok,West,2026-05-01 22:00:00+08:00,0.4191,0.4191,medium,14,-0.071428575,1.0769231,low supply + public holiday,0.0624,low,12.0,0.0253,low,watchlist,Heuristic baseline policy recommends watchlist monitoring because signals are elevated but not yet acute.,0.1748,low,0,2.9714,monitor,Selected monitor because it maximized deterministic net value under current constraints.,0.0,0.0,30.0,[]
5,Bukit Batok,West,2026-05-02 04:00:00+08:00,0.4805,0.4805,medium,19,-0.33333334,1.117647,low supply,0.0646,low,16.0,0.026,low,watchlist,Heuristic baseline policy recommends watchlist monitoring because signals are elevated but not yet acute.,0.1972,low,0,2.9714,monitor,Selected monitor because it maximized deterministic net value under current constraints.,0.0,0.0,30.0,[]
5,Bukit Batok,West,2026-05-02 11:00:00+08:00,0.7614,0.7614,high,20,-0.5,1.8181819,normal conditions,0.1223,low,10.0,0.0391,low,intervention,Heuristic baseline policy recommends intervention because depletion risk or imbalance is already high.,0.3215,moderate,2,2.9714,monitor,Selected monitor because it maximized deterministic net value under current constraints.,0.0,0.0,30.0,[]
6,Bukit Merah,Central,2026-04-16 10:00:00+08:00,0.9773,0.9773,high,33,-1.0,2.0135593,normal conditions,0.2038,low,15.3889,0.0636,low,intervention,Heuristic baseline policy recommends intervention because depletion risk or imbalance is already high.,0.4338,moderate,1,6.8611,monitor,Selected monitor because it maximized deterministic net value under current constraints.,0.0,0.0,30.0,[]
6,Bukit Merah,Central,2026-04-17 21:00:00+08:00,0.7492,0.7492,high,14,0.0625,0.85423726,low supply,0.1286,low,15.3889,0.0777,low,watchlist,Heuristic baseline policy recommends watchlist monitoring because signals are elevated but not yet acute.,0.3381,moderate,1,6.8611,monitor,Selected monitor because it maximized deterministic net value under current constraints.,0.0,0.0,30.0,[]
6,Bukit Merah,Central,2026-04-18 12:00:00+08:00,0.5022,0.5022,medium,28,-0.6111111,1.7084745,normal conditions,0.0646,low,15.3889,0.0214,low,watchlist,Heuristic baseline policy recommends watchlist monitoring because signals are elevated but not yet acute.,0.2048,low,0,6.8611,monitor,Selected monitor because it maximized deterministic net value under current constraints.,0.0,0.0,30.0,[]
6,Bukit Merah,Central,2026-04-19 12:00:00+08:00,0.532,0.532,medium,23,-0.5,2.3,normal conditions,0.0646,low,9.0,0.019,low,watchlist,Heuristic baseline policy recommends watchlist monitoring because signals are elevated but not yet acute.,0.2153,low,0,6.8611,monitor,Selected monitor because it maximized deterministic net value under current constraints.,0.0,0.0,30.0,[]
6,Bukit Merah,Central,2026-04-20 06:00:00+08:00,0.7468,0.7468,high,16,-0.13333334,1.4545455,low supply,0.2038,low,10.0,0.0713,low,watchlist,Heuristic baseline policy recommends watchlist monitoring because signals are elevated but not yet acute.,0.3531,moderate,1,6.8611,monitor,Selected monitor because it maximized deterministic net value under current constraints.,0.0,0.0,30.0,[]
6,Bukit Merah,Central,2026-04-20 07:00:00+08:00,0.7757,0.7757,high,14,0.11764706,1.4,low supply + peak hour,0.3149,low,9.0,0.1116,low,intervention,Heuristic baseline policy recommends intervention because depletion risk or imbalance is already high.,0.4132,moderate,2,6.8611,monitor,Selected monitor because it maximized deterministic net value under current constraints.,0.0,0.0,30.0,[]
6,Bukit Merah,Central,2026-04-20 08:00:00+08:00,0.6707,0.6707,medium,16,-0.13333334,1.4545455,low supply + peak hour,0.365,low,10.0,0.1278,low,watchlist,Heuristic baseline policy recommends watchlist monitoring because signals are elevated but not yet acute.,0.399,moderate,3,6.8611,monitor,Selected monitor because it maximized deterministic net value under current constraints.,0.0,0.0,30.0,[]
6,Bukit Merah,Central,2026-04-20 09:00:00+08:00,0.8779,0.8779,high,20,-0.23529412,2.2222223,peak hour,0.3149,low,8.0,0.0932,low,intervention,Heuristic baseline policy recommends intervention because depletion risk or imbalance is already high.,0.449,moderate,4,6.8611,monitor,Selected monitor because it maximized deterministic net value under current constraints.,0.0,0.0,30.0,[]
6,Bukit Merah,Central,2026-04-20 10:00:00+08:00,0.442,0.442,medium,24,-0.1904762,2.4,normal conditions,0.2038,low,9.0,0.0591,low,no_action,Heuristic baseline policy recommends no action because depletion risk and imbalance remain low.,0.2464,low,0,6.8611,monitor,Selected monitor because it maximized deterministic net value under current constraints.,0.0,0.0,30.0,[]
6,Bukit Merah,Central,2026-04-22 03:00:00+08:00,0.4306,0.4306,medium,18,-0.9,1.0588236,low supply,0.0224,low,16.0,0.0093,low,no_action,Heuristic baseline policy recommends no action because depletion risk and imbalance remain low.,0.1608,low,0,6.8611,monitor,Selected monitor because it maximized deterministic net value under current constraints.,0.0,0.0,30.0,[]
6,Bukit Merah,Central,2026-04-23 11:00:00+08:00,0.8805,0.8805,high,28,-1.0714285,2.3333333,normal conditions,0.1023,low,11.0,0.0301,low,intervention,Heuristic baseline policy recommends intervention because depletion risk or imbalance is already high.,0.3542,moderate,1,6.8611,monitor,Selected monitor because it maximized deterministic net value under current constraints.,0.0,0.0,30.0,[]
6,Bukit Merah,Central,2026-04-25 00:00:00+08:00,0.9351,0.9351,high,17,-1.25,1.7,low supply,0.035,low,9.0,0.0114,low,intervention,Heuristic baseline policy recommends intervention because depletion risk or imbalance is already high.,0.343,moderate,1,6.8611,monitor,Selected monitor because it maximized deterministic net value under current constraints.,0.0,0.0,30.0,[]
6,Bukit Merah,Central,2026-04-25 10:00:00+08:00,0.7053,0.7053,high,20,-0.16666667,1.8181819,normal conditions,0.2238,low,10.0,0.0716,low,watchlist,Heuristic baseline policy recommends watchlist monitoring because signals are elevated but not yet acute.,0.3476,moderate,3,6.8611,monitor,Selected monitor because it maximized deterministic net value under current constraints.,0.0,0.0,30.0,[]
6,Bukit Merah,Central,2026-04-26 11:00:00+08:00,0.5343,0.5343,medium,22,-0.9166667,1.2941177,normal conditions,0.1223,low,16.0,0.0458,low,watchlist,Heuristic baseline policy recommends watchlist monitoring because signals are elevated but not yet acute.,0.242,low,0,6.8611,monitor,Selected monitor because it maximized deterministic net value under current constraints.,0.0,0.0,30.0,[]
6,Bukit Merah,Central,2026-04-28 04:00:00+08:00,0.4325,0.4325,medium,13,0.1764706,0.59090906,low supply + below yesterday baseline,0.0446,low,21.0,0.1024,low,watchlist,Heuristic baseline policy recommends watchlist monitoring because signals are elevated but not yet acute.,0.2476,low,0,6.8611,monitor,Selected monitor because it maximized deterministic net value under current constraints.,0.0,0.0,30.0,[]
6,Bukit Merah,Central,2026-04-28 07:00:00+08:00,0.4117,0.4117,medium,24,-0.3888889,1.3333334,peak hour,0.3149,low,17.0,0.1165,low,no_action,Heuristic baseline policy recommends no action because depletion risk and imbalance remain low.,0.2858,moderate,1,6.8611,monitor,Selected monitor because it maximized deterministic net value under current constraints.,0.0,0.0,30.0,[]
6,Bukit Merah,Central,2026-04-28 09:00:00+08:00,0.5262,0.5262,medium,19,-0.33333334,1.2666667,low supply + peak hour,0.3149,low,14.0,0.1187,low,watchlist,Heuristic baseline policy recommends watchlist monitoring because signals are elevated but not yet acute.,0.3259,moderate,1,6.8611,monitor,Selected monitor because it maximized deterministic net value under current constraints.,0.0,0.0,30.0,[]
6,Bukit Merah,Central,2026-04-28 10:00:00+08:00,0.899,0.899,high,30,-0.55,2.0,normal conditions,0.2038,low,14.0,0.0636,low,intervention,Heuristic baseline policy recommends intervention because depletion risk or imbalance is already high.,0.4064,moderate,2,6.8611,monitor,Selected monitor because it maximized deterministic net value under current constraints.,0.0,0.0,30.0,[]
6,Bukit Merah,Central,2026-04-29 10:00:00+08:00,0.8921,0.8921,high,22,-0.3529412,1.4666667,normal conditions,0.2038,low,14.0,0.0719,low,intervention,Heuristic baseline policy recommends intervention because depletion risk or imbalance is already high.,0.4039,moderate,1,6.8611,monitor,Selected monitor because it maximized deterministic net value under current constraints.,0.0,0.0,30.0,[]
6,Bukit Merah,Central,2026-04-30 10:00:00+08:00,0.9792,0.9792,high,31,-1.1333333,2.2142856,normal conditions,0.2038,low,13.0,0.0613,low,intervention,Heuristic baseline policy recommends intervention because depletion risk or imbalance is already high.,0.4344,moderate,1,6.8611,monitor,Selected monitor because it maximized deterministic net value under current constraints.,0.0,0.0,30.0,[]
6,Bukit Merah,Central,2026-04-30 11:00:00+08:00,0.615,0.615,medium,31,0.0,2.2142856,normal conditions,0.1023,low,13.0,0.0308,low,watchlist,Heuristic baseline policy recommends watchlist monitoring because signals are elevated but not yet acute.,0.2613,moderate,2,6.8611,monitor,Selected monitor because it maximized deterministic net value under current constraints.,0.0,0.0,30.0,[]
6,Bukit Merah,Central,2026-05-01 04:00:00+08:00,0.6903,0.6903,medium,13,-0.75,1.8571428,low supply + public holiday,0.0446,low,6.0,0.0139,low,watchlist,Heuristic baseline policy recommends watchlist monitoring because signals are elevated but not yet acute.,0.2617,moderate,1,6.8611,monitor,Selected monitor because it maximized deterministic net value under current constraints.,0.0,0.0,30.0,[]
6,Bukit Merah,Central,2026-05-01 07:00:00+08:00,0.4488,0.4488,medium,17,-1.25,1.0,low supply + peak hour + public holiday,0.3149,low,16.0,0.1341,low,no_action,Heuristic baseline policy recommends no action because depletion risk and imbalance remain low.,0.2988,moderate,1,6.8611,monitor,Selected monitor because it maximized deterministic net value under current constraints.,0.0,0.0,30.0,[]
6,Bukit Merah,Central,2026-05-01 11:00:00+08:00,0.9384,0.9384,high,29,-1.3076923,2.9,public holiday,0.1023,low,9.0,0.0281,low,intervention,Heuristic baseline policy recommends intervention because depletion risk or imbalance is already high.,0.3745,moderate,1,6.8611,monitor,Selected monitor because it maximized deterministic net value under current constraints.,0.0,0.0,30.0,[]
6,Bukit Merah,Central,2026-05-02 04:00:00+08:00,0.7821,0.7821,high,12,0.13333334,1.3333334,low supply,0.0646,low,8.0,0.0233,low,intervention,Heuristic baseline policy recommends intervention because depletion risk or imbalance is already high.,0.3028,moderate,1,6.8611,monitor,Selected monitor because it maximized deterministic net value under current constraints.,0.0,0.0,30.0,[]
6,Bukit Merah,Central,2026-05-02 11:00:00+08:00,0.9308,0.9308,high,33,-1.2666667,4.125,normal conditions,0.1223,low,7.0,0.0307,low,intervention,Heuristic baseline policy recommends intervention because depletion risk or imbalance is already high.,0.3808,moderate,2,6.8611,monitor,Selected monitor because it maximized deterministic net value under current constraints.,0.0,0.0,30.0,[]
6,Bukit Merah,Central,2026-05-11 11:00:00+08:00,0.5374,0.5374,medium,17,-0.6363636,1.0625,low supply + rain,0.1689,low,15.0,0.0695,low,watchlist,Heuristic baseline policy recommends watchlist monitoring because signals are elevated but not yet acute.,0.2641,moderate,1,6.8611,monitor,Selected monitor because it maximized deterministic net value under current constraints.,0.0,0.0,30.0,[]
7,Bukit Panjang,West,2026-04-16 10:00:00+08:00,0.9875,0.9875,high,17,-2.0,1.721519,low supply,0.2038,low,8.875,0.0663,low,intervention,Heuristic baseline policy recommends intervention because depletion risk or imbalance is already high.,0.4373,moderate,1,0.9,monitor,Selected monitor because it maximized deterministic net value under current constraints.,0.0,0.0,30.0,[]
7,Bukit Panjang,West,2026-04-17 14:00:00+08:00,0.6089,0.6089,medium,7,-0.33333334,0.70886075,critically low supply,0.0624,low,8.875,0.0737,low,watchlist,Heuristic baseline policy recommends watchlist monitoring because signals are elevated but not yet acute.,0.2834,moderate,1,0.9,monitor,Selected monitor because it maximized deterministic net value under current constraints.,0.0,0.0,30.0,[]
7,Bukit Panjang,West,2026-04-18 09:00:00+08:00,0.8587,0.8587,high,12,0.13333334,1.2151898,low supply + peak hour,0.3349,low,8.875,0.1264,low,intervention,Heuristic baseline policy recommends intervention because depletion risk or imbalance is already high.,0.4512,moderate,1,0.9,monitor,Selected monitor because it maximized deterministic net value under current constraints.,0.0,0.0,30.0,[]
7,Bukit Panjang,West,2026-04-20 13:00:00+08:00,0.407,0.407,medium,13,-0.4,2.6,low supply,0.0304,low,4.0,0.0083,low,watchlist,Heuristic baseline policy recommends watchlist monitoring because signals are elevated but not yet acute.,0.1561,low,0,0.9,monitor,Selected monitor because it maximized deterministic net value under current constraints.,0.0,0.0,30.0,[]
7,Bukit Panjang,West,2026-04-22 16:00:00+08:00,0.4499,0.4499,medium,11,-0.09090909,1.2222222,low supply,0.2273,low,8.0,0.0851,low,watchlist,Heuristic baseline policy recommends watchlist monitoring because signals are elevated but not yet acute.,0.2598,moderate,1,0.9,monitor,Selected monitor because it maximized deterministic net value under current constraints.,0.0,0.0,30.0,[]
7,Bukit Panjang,West,2026-04-23 07:00:00+08:00,0.4094,0.4094,medium,11,0.0,1.2222222,low supply + peak hour,0.3149,low,8.0,0.1179,low,watchlist,Heuristic baseline policy recommends watchlist monitoring because signals are elevated but not yet acute.,0.285,moderate,1,0.9,monitor,Selected monitor because it maximized deterministic net value under current constraints.,0.0,0.0,30.0,[]
7,Bukit Panjang,West,2026-04-23 15:00:00+08:00,0.69,0.69,medium,15,-1.2857143,1.0714285,low supply,0.1286,low,13.0,0.0525,low,watchlist,Heuristic baseline policy recommends watchlist monitoring because signals are elevated but not yet acute.,0.2994,moderate,1,0.9,monitor,Selected monitor because it maximized deterministic net value under current constraints.,0.0,0.0,30.0,[]
7,Bukit Panjang,West,2026-04-23 18:00:00+08:00,0.5001,0.5001,medium,14,-0.875,1.2727273,low supply + peak hour,0.365,low,10.0,0.1356,low,watchlist,Heuristic baseline policy recommends watchlist monitoring because signals are elevated but not yet acute.,0.3393,moderate,1,0.9,monitor,Selected monitor because it maximized deterministic net value under current constraints.,0.0,0.0,30.0,[]
7,Bukit Panjang,West,2026-04-23 23:00:00+08:00,0.5346,0.5346,medium,14,0.0,1.5555556,low supply,0.0304,low,8.0,0.0102,low,watchlist,Heuristic baseline policy recommends watchlist monitoring because signals are elevated but not yet acute.,0.2008,low,0,0.9,monitor,Selected monitor because it maximized deterministic net value under current constraints.,0.0,0.0,30.0,[]
7,Bukit Panjang,West,2026-04-24 07:00:00+08:00,0.5594,0.5594,medium,13,-0.5555556,1.8571428,low supply + peak hour,0.3149,low,6.0,0.0979,low,watchlist,Heuristic baseline policy recommends watchlist monitoring because signals are elevated but not yet acute.,0.3375,moderate,1,0.9,monitor,Selected monitor because it maximized deterministic net value under current constraints.,0.0,0.0,30.0,[]
7,Bukit Panjang,West,2026-04-26 04:00:00+08:00,0.4997,0.4997,medium,12,-0.083333336,2.0,low supply,0.0646,low,5.0,0.0194,low,watchlist,Heuristic baseline policy recommends watchlist monitoring because signals are elevated but not yet acute.,0.204,low,0,0.9,monitor,Selected monitor because it maximized deterministic net value under current constraints.,0.0,0.0,30.0,[]
7,Bukit Panjang,West,2026-04-28 21:00:00+08:00,0.5857,0.5857,medium,12,-0.44444445,1.5,low supply,0.1286,low,7.0,0.0437,low,watchlist,Heuristic baseline policy recommends watchlist monitoring because signals are elevated but not yet acute.,0.2629,moderate,2,0.9,monitor,Selected monitor because it maximized deterministic net value under current constraints.,0.0,0.0,30.0,[]
7,Bukit Panjang,West,2026-04-29 18:00:00+08:00,0.4996,0.4996,medium,11,-0.33333334,1.2222222,low supply + peak hour,0.365,low,8.0,0.1367,low,watchlist,Heuristic baseline policy recommends watchlist monitoring because signals are elevated but not yet acute.,0.3391,moderate,4,0.9,monitor,Selected monitor because it maximized deterministic net value under current constraints.,0.0,0.0,30.0,[]
7,Bukit Panjang,West,2026-04-30 23:00:00+08:00,0.5332,0.5332,medium,12,-0.44444445,1.5,low supply,0.0304,low,7.0,0.0103,low,watchlist,Heuristic baseline policy recommends watchlist monitoring because signals are elevated but not yet acute.,0.2003,low,0,0.9,monitor,Selected monitor because it maximized deterministic net value under current constraints.,0.0,0.0,30.0,[]
7,Bukit Panjang,West,2026-05-01 07:00:00+08:00,0.8736,0.8736,high,12,-1.1666666,3.0,low supply + peak hour + public holiday,0.3149,low,3.0,0.0819,low,intervention,Heuristic baseline policy recommends intervention because depletion risk or imbalance is already high.,0.4475,moderate,1,0.9,monitor,Selected monitor because it maximized deterministic net value under current constraints.,0.0,0.0,30.0,[]
7,Bukit Panjang,West,2026-05-01 10:00:00+08:00,0.819,0.819,high,11,0.07692308,3.6666667,low supply + public holiday,0.2038,low,2.0,0.0497,low,intervention,Heuristic baseline policy recommends intervention because depletion risk or imbalance is already high.,0.3784,moderate,2,0.9,monitor,Selected monitor because it maximized deterministic net value under current constraints.,0.0,0.0,30.0,[]
7,Bukit Panjang,West,2026-05-02 05:00:00+08:00,0.7131,0.7131,high,12,0.0,0.8,low supply,0.1223,low,14.0,0.0873,low,watchlist,Heuristic baseline policy recommends watchlist monitoring because signals are elevated but not yet acute.,0.3332,moderate,1,0.9,monitor,Selected monitor because it maximized deterministic net value under current constraints.,0.0,0.0,30.0,[]
7,Bukit Panjang,West,2026-05-02 11:00:00+08:00,0.4579,0.4579,medium,14,-0.875,2.3333333,low supply,0.1223,low,5.0,0.0349,low,watchlist,Heuristic baseline policy recommends watchlist monitoring because signals are elevated but not yet acute.,0.2153,low,0,0.9,monitor,Selected monitor because it maximized deterministic net value under current constraints.,0.0,0.0,30.0,[]
8,Bukit Timah,Central,2026-04-16 10:00:00+08:00,0.9901,0.9901,high,20,-2.0,4.137931,normal conditions,0.2038,low,3.8333,0.0501,low,intervention,Heuristic baseline policy recommends intervention because depletion risk or imbalance is already high.,0.4382,moderate,1,3.8048,monitor,Selected monitor because it maximized deterministic net value under current constraints.,0.0,0.0,30.0,[]
8,Bukit Timah,Central,2026-04-17 12:00:00+08:00,0.7129,0.7129,high,4,0.0,0.82758623,critically low supply,0.0446,low,3.8333,0.0192,low,watchlist,Heuristic baseline policy recommends watchlist monitoring because signals are elevated but not yet acute.,0.2696,moderate,1,3.8048,monitor,Selected monitor because it maximized deterministic net value under current constraints.,0.0,0.0,30.0,[]
8,Bukit Timah,Central,2026-04-17 14:00:00+08:00,0.8159,0.8159,high,4,-0.6666667,0.82758623,critically low supply,0.0624,low,3.8333,0.0268,low,intervention,Heuristic baseline policy recommends intervention because depletion risk or imbalance is already high.,0.3136,moderate,1,3.8048,monitor,Selected monitor because it maximized deterministic net value under current constraints.,0.0,0.0,30.0,[]
8,Bukit Timah,Central,2026-04-17 16:00:00+08:00,0.7119,0.7119,high,2,0.0,0.41379312,critically low supply + below yesterday baseline,0.2273,low,3.8333,0.2457,low,watchlist,Heuristic baseline policy recommends watchlist monitoring because signals are elevated but not yet acute.,0.4471,moderate,3,3.8048,monitor,Selected monitor because it maximized deterministic net value under current constraints.,0.0,0.0,30.0,[]
8,Bukit Timah,Central,2026-04-18 00:00:00+08:00,0.8026,0.8026,high,7,-0.33333334,1.4482758,critically low supply,0.035,low,3.8333,0.0116,low,intervention,Heuristic baseline policy recommends intervention because depletion risk or imbalance is already high.,0.2967,moderate,1,3.8048,monitor,Selected monitor because it maximized deterministic net value under current constraints.,0.0,0.0,30.0,[]
8,Bukit Timah,Central,2026-04-18 15:00:00+08:00,0.5807,0.5807,medium,4,-0.25,0.8,critically low supply,0.1486,low,4.0,0.0654,low,watchlist,Heuristic baseline policy recommends watchlist monitoring because signals are elevated but not yet acute.,0.2701,moderate,1,3.8048,monitor,Selected monitor because it maximized deterministic net value under current constraints.,0.0,0.0,30.0,[]
8,Bukit Timah,Central,2026-04-18 22:00:00+08:00,0.5608,0.5608,medium,4,-0.25,1.3333334,critically low supply,0.0824,low,2.0,0.0264,low,watchlist,Heuristic baseline policy recommends watchlist monitoring because signals are elevated but not yet acute.,0.2334,low,0,3.8048,monitor,Selected monitor because it maximized deterministic net value under current constraints.,0.0,0.0,30.0,[]
8,Bukit Timah,Central,2026-04-19 00:00:00+08:00,0.6588,0.6588,medium,4,-1.5,1.3333334,critically low supply,0.035,low,2.0,0.0112,low,watchlist,Heuristic baseline policy recommends watchlist monitoring because signals are elevated but not yet acute.,0.2463,low,0,3.8048,monitor,Selected monitor because it maximized deterministic net value under current constraints.,0.0,0.0,30.0,[]
8,Bukit Timah,Central,2026-04-19 02:00:00+08:00,0.6131,0.6131,medium,4,-0.25,1.3333334,critically low supply,0.0364,low,2.0,0.0116,low,watchlist,Heuristic baseline policy recommends watchlist monitoring because signals are elevated but not yet acute.,0.231,low,0,3.8048,monitor,Selected monitor because it maximized deterministic net value under current constraints.,0.0,0.0,30.0,[]
8,Bukit Timah,Central,2026-04-19 10:00:00+08:00,0.4377,0.4377,medium,2,0.25,0.33333334,sustained depletion + critically low supply + below yesterday baseline,0.2238,low,5.0,0.299,low,watchlist,Heuristic baseline policy recommends watchlist monitoring because signals are elevated but not yet acute.,0.3739,moderate,1,3.8048,monitor,Selected monitor because it maximized deterministic net value under current constraints.,0.0,0.0,30.0,[]
8,Bukit Timah,Central,2026-04-19 14:00:00+08:00,0.4705,0.4705,medium,4,-0.6666667,0.5714286,critically low supply + below yesterday baseline,0.0824,low,6.0,0.1128,low,watchlist,Heuristic baseline policy recommends watchlist monitoring because signals are elevated but not yet acute.,0.2684,moderate,1,3.8048,monitor,Selected monitor because it maximized deterministic net value under current constraints.,0.0,0.0,30.0,[]
8,Bukit Timah,Central,2026-04-19 20:00:00+08:00,0.4659,0.4659,medium,5,-1.0,1.6666666,critically low supply + peak hour,0.2473,low,2.0,0.0732,low,watchlist,Heuristic baseline policy recommends watchlist monitoring because signals are elevated but not yet acute.,0.2743,moderate,3,3.8048,monitor,Selected monitor because it maximized deterministic net value under current constraints.,0.0,0.0,30.0,[]
8,Bukit Timah,Central,2026-04-20 04:00:00+08:00,0.4712,0.4712,medium,3,-0.33333334,1.5,critically low supply,0.0446,low,1.0,0.0125,low,watchlist,Heuristic baseline policy recommends watchlist monitoring because signals are elevated but not yet acute.,0.185,low,0,3.8048,monitor,Selected monitor because it maximized deterministic net value under current constraints.,0.0,0.0,30.0,[]
8,Bukit Timah,Central,2026-04-20 10:00:00+08:00,0.6346,0.6346,medium,5,-0.5,1.25,critically low supply,0.2038,low,3.0,0.0701,low,watchlist,Heuristic baseline policy recommends watchlist monitoring because signals are elevated but not yet acute.,0.3138,moderate,3,3.8048,monitor,Selected monitor because it maximized deterministic net value under current constraints.,0.0,0.0,30.0,[]
8,Bukit Timah,Central,2026-04-21 03:00:00+08:00,0.6686,0.6686,medium,4,-0.25,0.8,critically low supply,0.0224,low,4.0,0.0099,low,watchlist,Heuristic baseline policy recommends watchlist monitoring because signals are elevated but not yet acute.,0.2441,low,0,3.8048,monitor,Selected monitor because it maximized deterministic net value under current constraints.,0.0,0.0,30.0,[]
8,Bukit Timah,Central,2026-04-21 05:00:00+08:00,0.8347,0.8347,high,7,-0.6,2.3333333,critically low supply,0.1023,low,2.0,0.0275,low,intervention,Heuristic baseline policy recommends intervention because depletion risk or imbalance is already high.,0.3382,moderate,1,3.8048,monitor,Selected monitor because it maximized deterministic net value under current constraints.,0.0,0.0,30.0,[]
8,Bukit Timah,Central,2026-04-22 00:00:00+08:00,0.5419,0.5419,medium,9,-0.42857143,2.25,critically low supply,0.015,low,3.0,0.0042,low,watchlist,Heuristic baseline policy recommends watchlist monitoring because signals are elevated but not yet acute.,0.1964,low,0,3.8048,monitor,Selected monitor because it maximized deterministic net value under current constraints.,0.0,0.0,30.0,[]
8,Bukit Timah,Central,2026-04-22 10:00:00+08:00,0.6175,0.6175,medium,5,-2.0,0.8333333,critically low supply,0.2038,low,5.0,0.0897,low,watchlist,Heuristic baseline policy recommends watchlist monitoring because signals are elevated but not yet acute.,0.3078,moderate,2,3.8048,monitor,Selected monitor because it maximized deterministic net value under current constraints.,0.0,0.0,30.0,[]
8,Bukit Timah,Central,2026-04-22 14:00:00+08:00,0.5057,0.5057,medium,4,-0.6666667,0.6666667,critically low supply + below yesterday baseline,0.0624,low,5.0,0.0712,low,watchlist,Heuristic baseline policy recommends watchlist monitoring because signals are elevated but not yet acute.,0.2451,low,0,3.8048,monitor,Selected monitor because it maximized deterministic net value under current constraints.,0.0,0.0,30.0,[]
8,Bukit Timah,Central,2026-04-22 16:00:00+08:00,0.6037,0.6037,medium,5,-0.5,1.6666666,critically low supply,0.2273,low,2.0,0.0673,low,watchlist,Heuristic baseline policy recommends watchlist monitoring because signals are elevated but not yet acute.,0.3136,moderate,1,3.8048,monitor,Selected monitor because it maximized deterministic net value under current constraints.,0.0,0.0,30.0,[]
8,Bukit Timah,Central,2026-04-22 20:00:00+08:00,0.61,0.61,medium,4,0.0,1.0,critically low supply + peak hour,0.2273,low,3.0,0.0864,low,watchlist,Heuristic baseline policy recommends watchlist monitoring because signals are elevated but not yet acute.,0.3158,moderate,1,3.8048,monitor,Selected monitor because it maximized deterministic net value under current constraints.,0.0,0.0,30.0,[]
8,Bukit Timah,Central,2026-04-23 11:00:00+08:00,0.6264,0.6264,medium,2,-0.5,0.4,sustained depletion + critically low supply + below yesterday baseline,0.1023,low,4.0,0.1696,low,watchlist,Heuristic baseline policy recommends watchlist monitoring because signals are elevated but not yet acute.,0.3653,moderate,2,3.8048,monitor,Selected monitor because it maximized deterministic net value under current constraints.,0.0,0.0,30.0,[]
8,Bukit Timah,Central,2026-04-23 15:00:00+08:00,0.8643,0.8643,high,9,-2.0,1.125,critically low supply,0.1286,low,7.0,0.0497,low,intervention,Heuristic baseline policy recommends intervention because depletion risk or imbalance is already high.,0.3604,moderate,3,3.8048,monitor,Selected monitor because it maximized deterministic net value under current constraints.,0.0,0.0,30.0,[]
8,Bukit Timah,Central,2026-04-24 07:00:00+08:00,0.4635,0.4635,medium,4,0.44444445,2.0,rapid depletion + sustained depletion + critically low supply + peak hour,0.3149,low,1.0,0.0819,low,watchlist,Heuristic baseline policy recommends watchlist monitoring because signals are elevated but not yet acute.,0.3039,moderate,1,3.8048,monitor,Selected monitor because it maximized deterministic net value under current constraints.,0.0,0.0,30.0,[]
8,Bukit Timah,Central,2026-04-24 14:00:00+08:00,0.615,0.615,medium,4,0.0,1.3333334,critically low supply,0.0624,low,2.0,0.02,low,watchlist,Heuristic baseline policy recommends watchlist monitoring because signals are elevated but not yet acute.,0.2433,low,0,3.8048,monitor,Selected monitor because it maximized deterministic net value under current constraints.,0.0,0.0,30.0,[]
8,Bukit Timah,Central,2026-04-24 15:00:00+08:00,0.7278,0.7278,high,4,0.0,0.8,critically low supply,0.1286,low,4.0,0.0566,low,watchlist,Heuristic baseline policy recommends watchlist monitoring because signals are elevated but not yet acute.,0.3126,moderate,1,3.8048,monitor,Selected monitor because it maximized deterministic net value under current constraints.,0.0,0.0,30.0,[]
8,Bukit Timah,Central,2026-04-24 16:00:00+08:00,0.5129,0.5129,medium,4,0.0,1.0,critically low supply,0.2273,low,3.0,0.0864,low,watchlist,Heuristic baseline policy recommends watchlist monitoring because signals are elevated but not yet acute.,0.2818,moderate,2,3.8048,monitor,Selected monitor because it maximized deterministic net value under current constraints.,0.0,0.0,30.0,[]
8,Bukit Timah,Central,2026-04-25 09:00:00+08:00,0.5179,0.5179,medium,4,-0.25,1.3333334,critically low supply + peak hour,0.3349,low,2.0,0.1072,low,watchlist,Heuristic baseline policy recommends watchlist monitoring because signals are elevated but not yet acute.,0.332,moderate,2,3.8048,monitor,Selected monitor because it maximized deterministic net value under current constraints.,0.0,0.0,30.0,[]
8,Bukit Timah,Central,2026-04-25 10:00:00+08:00,0.5149,0.5149,medium,4,0.0,0.4,critically low supply + below yesterday baseline,0.2238,low,9.0,0.2767,low,watchlist,Heuristic baseline policy recommends watchlist monitoring because signals are elevated but not yet acute.,0.392,moderate,3,3.8048,monitor,Selected monitor because it maximized deterministic net value under current constraints.,0.0,0.0,30.0,[]
8,Bukit Timah,Central,2026-04-25 21:00:00+08:00,0.4769,0.4769,medium,4,-0.25,1.3333334,critically low supply,0.1486,low,2.0,0.0476,low,watchlist,Heuristic baseline policy recommends watchlist monitoring because signals are elevated but not yet acute.,0.2338,low,0,3.8048,monitor,Selected monitor because it maximized deterministic net value under current constraints.,0.0,0.0,30.0,[]
8,Bukit Timah,Central,2026-04-25 22:00:00+08:00,0.7226,0.7226,high,4,0.0,0.8,critically low supply,0.0824,low,4.0,0.0363,low,watchlist,Heuristic baseline policy recommends watchlist monitoring because signals are elevated but not yet acute.,0.29,moderate,1,3.8048,monitor,Selected monitor because it maximized deterministic net value under current constraints.,0.0,0.0,30.0,[]
8,Bukit Timah,Central,2026-04-26 14:00:00+08:00,0.8357,0.8357,high,9,-1.5,1.5,critically low supply,0.0824,low,5.0,0.0275,low,intervention,Heuristic baseline policy recommends intervention because depletion risk or imbalance is already high.,0.3296,moderate,1,3.8048,monitor,Selected monitor because it maximized deterministic net value under current constraints.,0.0,0.0,30.0,[]
8,Bukit Timah,Central,2026-04-26 21:00:00+08:00,0.4943,0.4943,medium,4,-0.25,1.3333334,critically low supply,0.1486,low,2.0,0.0476,low,watchlist,Heuristic baseline policy recommends watchlist monitoring because signals are elevated but not yet acute.,0.2399,low,0,3.8048,monitor,Selected monitor because it maximized deterministic net value under current constraints.,0.0,0.0,30.0,[]
8,Bukit Timah,Central,2026-04-27 10:00:00+08:00,0.4828,0.4828,medium,2,0.25,0.5,sustained depletion + critically low supply + below yesterday baseline,0.2038,low,3.0,0.1808,low,watchlist,Heuristic baseline policy recommends watchlist monitoring because signals are elevated but not yet acute.,0.3274,moderate,1,3.8048,monitor,Selected monitor because it maximized deterministic net value under current constraints.,0.0,0.0,30.0,[]
8,Bukit Timah,Central,2026-04-27 22:00:00+08:00,0.5395,0.5395,medium,4,-0.25,1.0,critically low supply,0.0624,low,3.0,0.0237,low,watchlist,Heuristic baseline policy recommends watchlist monitoring because signals are elevated but not yet acute.,0.2169,low,0,3.8048,monitor,Selected monitor because it maximized deterministic net value under current constraints.,0.0,0.0,30.0,[]
8,Bukit Timah,Central,2026-04-28 04:00:00+08:00,0.4744,0.4744,medium,4,-0.25,1.0,critically low supply,0.0446,low,3.0,0.0169,low,watchlist,Heuristic baseline policy recommends watchlist monitoring because signals are elevated but not yet acute.,0.1861,low,0,3.8048,monitor,Selected monitor because it maximized deterministic net value under current constraints.,0.0,0.0,30.0,[]
8,Bukit Timah,Central,2026-04-28 08:00:00+08:00,0.6751,0.6751,medium,5,-0.2,1.25,critically low supply + peak hour,0.365,low,3.0,0.1256,low,watchlist,Heuristic baseline policy recommends watchlist monitoring because signals are elevated but not yet acute.,0.4005,moderate,3,3.8048,monitor,Selected monitor because it maximized deterministic net value under current constraints.,0.0,0.0,30.0,[]
8,Bukit Timah,Central,2026-04-29 10:00:00+08:00,0.8295,0.8295,high,6,-2.0,1.0,critically low supply,0.2038,low,5.0,0.0815,low,intervention,Heuristic baseline policy recommends intervention because depletion risk or imbalance is already high.,0.382,moderate,2,3.8048,monitor,Selected monitor because it maximized deterministic net value under current constraints.,0.0,0.0,30.0,[]
8,Bukit Timah,Central,2026-04-30 11:00:00+08:00,0.4306,0.4306,medium,4,-0.25,1.0,critically low supply,0.1023,low,3.0,0.0389,low,watchlist,Heuristic baseline policy recommends watchlist monitoring because signals are elevated but not yet acute.,0.1967,low,0,3.8048,monitor,Selected monitor because it maximized deterministic net value under current constraints.,0.0,0.0,30.0,[]
8,Bukit Timah,Central,2026-04-30 14:00:00+08:00,0.7092,0.7092,high,10,-1.2,3.3333333,low supply,0.0624,low,2.0,0.0155,low,watchlist,Heuristic baseline policy recommends watchlist monitoring because signals are elevated but not yet acute.,0.2763,moderate,1,3.8048,monitor,Selected monitor because it maximized deterministic net value under current constraints.,0.0,0.0,30.0,[]
8,Bukit Timah,Central,2026-05-01 02:00:00+08:00,0.5356,0.5356,medium,6,-1.3333334,0.85714287,critically low supply + public holiday,0.0164,low,6.0,0.0072,low,watchlist,Heuristic baseline policy recommends watchlist monitoring because signals are elevated but not yet acute.,0.1948,low,0,3.8048,monitor,Selected monitor because it maximized deterministic net value under current constraints.,0.0,0.0,30.0,[]
8,Bukit Timah,Central,2026-05-01 05:00:00+08:00,0.588,0.588,medium,2,-2.0,0.5,critically low supply + below yesterday baseline + public holiday,0.1023,low,3.0,0.124,low,watchlist,Heuristic baseline policy recommends watchlist monitoring because signals are elevated but not yet acute.,0.3185,moderate,1,3.8048,monitor,Selected monitor because it maximized deterministic net value under current constraints.,0.0,0.0,30.0,[]
8,Bukit Timah,Central,2026-05-01 10:00:00+08:00,0.5066,0.5066,medium,4,-0.6666667,0.5714286,critically low supply + below yesterday baseline + public holiday,0.2038,low,6.0,0.1808,low,watchlist,Heuristic baseline policy recommends watchlist monitoring because signals are elevated but not yet acute.,0.3357,moderate,1,3.8048,monitor,Selected monitor because it maximized deterministic net value under current constraints.,0.0,0.0,30.0,[]
8,Bukit Timah,Central,2026-05-01 22:00:00+08:00,0.528,0.528,medium,4,-0.25,0.8,critically low supply + public holiday,0.0624,low,4.0,0.0275,low,watchlist,Heuristic baseline policy recommends watchlist monitoring because signals are elevated but not yet acute.,0.2129,low,0,3.8048,monitor,Selected monitor because it maximized deterministic net value under current constraints.,0.0,0.0,30.0,[]
8,Bukit Timah,Central,2026-05-02 04:00:00+08:00,0.5869,0.5869,medium,5,-0.2,1.6666666,critically low supply,0.0646,low,2.0,0.0191,low,watchlist,Heuristic baseline policy recommends watchlist monitoring because signals are elevated but not yet acute.,0.2345,low,0,3.8048,monitor,Selected monitor because it maximized deterministic net value under current constraints.,0.0,0.0,30.0,[]
8,Bukit Timah,Central,2026-05-02 06:00:00+08:00,0.4281,0.4281,medium,2,-0.5,0.6666667,sustained depletion + critically low supply + below yesterday baseline,0.2238,low,2.0,0.0985,low,watchlist,Heuristic baseline policy recommends watchlist monitoring because signals are elevated but not yet acute.,0.2505,moderate,2,3.8048,monitor,Selected monitor because it maximized deterministic net value under current constraints.,0.0,0.0,30.0,[]
8,Bukit Timah,Central,2026-05-02 08:00:00+08:00,0.8373,0.8373,high,5,-1.0,5.0,critically low supply + peak hour,0.385,low,0.0,0.1694,low,intervention,Heuristic baseline policy recommends intervention because depletion risk or imbalance is already high.,0.4663,moderate,3,3.8048,monitor,Selected monitor because it maximized deterministic net value under current constraints.,0.0,0.0,30.0,[]
8,Bukit Timah,Central,2026-05-02 19:00:00+08:00,0.5156,0.5156,medium,4,-0.25,1.0,critically low supply + peak hour,0.3439,low,3.0,0.1307,low,watchlist,Heuristic baseline policy recommends watchlist monitoring because signals are elevated but not yet acute.,0.3352,moderate,1,3.8048,monitor,Selected monitor because it maximized deterministic net value under current constraints.,0.0,0.0,30.0,[]
8,Bukit Timah,Central,2026-05-02 20:00:00+08:00,0.6415,0.6415,medium,4,0.0,1.0,critically low supply + peak hour,0.2473,low,3.0,0.094,low,watchlist,Heuristic baseline policy recommends watchlist monitoring because signals are elevated but not yet acute.,0.3358,moderate,2,3.8048,monitor,Selected monitor because it maximized deterministic net value under current constraints.,0.0,0.0,30.0,[]
8,Bukit Timah,Central,2026-05-11 11:00:00+08:00,0.9416,0.9416,high,11,-2.0,2.75,low supply + rain,0.1689,low,3.0,0.0448,low,intervention,Heuristic baseline policy recommends intervention because depletion risk or imbalance is already high.,0.4056,moderate,1,3.8048,monitor,Selected monitor because it maximized deterministic net value under current constraints.,0.0,0.0,30.0,[]
9,Buona Vista,West,2026-04-16 10:00:00+08:00,0.9901,0.9901,high,23,-2.0,3.5947902,normal conditions,0.2038,low,5.3981,0.0522,low,intervention,Heuristic baseline policy recommends intervention because depletion risk or imbalance is already high.,0.4382,moderate,1,4.7714,monitor,Selected monitor because it maximized deterministic net value under current constraints.,0.0,0.0,30.0,[]
9,Buona Vista,West,2026-04-17 14:00:00+08:00,0.4391,0.4391,medium,8,-0.125,1.2503618,critically low supply,0.0624,low,5.3981,0.0226,low,watchlist,Heuristic baseline policy recommends watchlist monitoring because signals are elevated but not yet acute.,0.1818,low,0,4.7714,monitor,Selected monitor because it maximized deterministic net value under current constraints.,0.0,0.0,30.0,[]
9,Buona Vista,West,2026-04-18 04:00:00+08:00,0.6525,0.6525,medium,6,0.0,0.9377713,critically low supply,0.0646,low,5.3981,0.0269,low,watchlist,Heuristic baseline policy recommends watchlist monitoring because signals are elevated but not yet acute.,0.2574,moderate,1,4.7714,monitor,Selected monitor because it maximized deterministic net value under current constraints.,0.0,0.0,30.0,[]
9,Buona Vista,West,2026-04-18 13:00:00+08:00,0.5313,0.5313,medium,7,-0.33333334,1.1666666,critically low supply,0.0504,low,5.0,0.0187,low,watchlist,Heuristic baseline policy recommends watchlist monitoring because signals are elevated but not yet acute.,0.2086,low,0,4.7714,monitor,Selected monitor because it maximized deterministic net value under current constraints.,0.0,0.0,30.0,[]
9,Buona Vista,West,2026-04-18 15:00:00+08:00,0.5911,0.5911,medium,8,-0.2857143,0.8,critically low supply,0.1486,low,9.0,0.0921,low,watchlist,Heuristic baseline policy recommends watchlist monitoring because signals are elevated but not yet acute.,0.296,moderate,1,4.7714,monitor,Selected monitor because it maximized deterministic net value under current constraints.,0.0,0.0,30.0,[]
9,Buona Vista,West,2026-04-19 02:00:00+08:00,0.4734,0.4734,medium,5,-0.2,0.8333333,critically low supply,0.0364,low,5.0,0.016,low,watchlist,Heuristic baseline policy recommends watchlist monitoring because signals are elevated but not yet acute.,0.1821,low,0,4.7714,monitor,Selected monitor because it maximized deterministic net value under current constraints.,0.0,0.0,30.0,[]
9,Buona Vista,West,2026-04-19 06:00:00+08:00,0.5574,0.5574,medium,6,-0.4,1.2,critically low supply,0.2238,low,4.0,0.0806,low,watchlist,Heuristic baseline policy recommends watchlist monitoring because signals are elevated but not yet acute.,0.2958,moderate,1,4.7714,monitor,Selected monitor because it maximized deterministic net value under current constraints.,0.0,0.0,30.0,[]
9,Buona Vista,West,2026-04-20 06:00:00+08:00,0.6072,0.6072,medium,6,-0.4,1.2,critically low supply,0.2038,low,4.0,0.0734,low,watchlist,Heuristic baseline policy recommends watchlist monitoring because signals are elevated but not yet acute.,0.3042,moderate,1,4.7714,monitor,Selected monitor because it maximized deterministic net value under current constraints.,0.0,0.0,30.0,[]
9,Buona Vista,West,2026-04-20 08:00:00+08:00,0.597,0.597,medium,6,-0.16666667,1.2,critically low supply + peak hour,0.365,low,4.0,0.1314,low,watchlist,Heuristic baseline policy recommends watchlist monitoring because signals are elevated but not yet acute.,0.3732,moderate,1,4.7714,monitor,Selected monitor because it maximized deterministic net value under current constraints.,0.0,0.0,30.0,[]
9,Buona Vista,West,2026-04-20 09:00:00+08:00,0.507,0.507,medium,8,-0.2857143,1.3333334,critically low supply + peak hour,0.3149,low,5.0,0.1102,low,watchlist,Heuristic baseline policy recommends watchlist monitoring because signals are elevated but not yet acute.,0.3192,moderate,2,4.7714,monitor,Selected monitor because it maximized deterministic net value under current constraints.,0.0,0.0,30.0,[]
9,Buona Vista,West,2026-04-20 10:00:00+08:00,0.8195,0.8195,high,10,-0.22222222,2.0,low supply,0.2038,low,4.0,0.0603,low,intervention,Heuristic baseline policy recommends intervention because depletion risk or imbalance is already high.,0.3785,moderate,3,4.7714,monitor,Selected monitor because it maximized deterministic net value under current constraints.,0.0,0.0,30.0,[]
9,Buona Vista,West,2026-04-21 03:00:00+08:00,0.4041,0.4041,medium,5,0.0,0.8333333,critically low supply,0.0224,low,5.0,0.0099,low,watchlist,Heuristic baseline policy recommends watchlist monitoring because signals are elevated but not yet acute.,0.1515,low,0,4.7714,monitor,Selected monitor because it maximized deterministic net value under current constraints.,0.0,0.0,30.0,[]
9,Buona Vista,West,2026-04-22 08:00:00+08:00,0.7814,0.7814,high,9,-2.0,1.0,critically low supply + peak hour,0.365,low,8.0,0.1509,low,intervention,Heuristic baseline policy recommends intervention because depletion risk or imbalance is already high.,0.4377,moderate,1,4.7714,monitor,Selected monitor because it maximized deterministic net value under current constraints.,0.0,0.0,30.0,[]
9,Buona Vista,West,2026-04-22 10:00:00+08:00,0.7037,0.7037,high,15,-0.6,1.3636364,low supply,0.2038,low,10.0,0.0734,low,watchlist,Heuristic baseline policy recommends watchlist monitoring because signals are elevated but not yet acute.,0.338,moderate,2,4.7714,monitor,Selected monitor because it maximized deterministic net value under current constraints.,0.0,0.0,30.0,[]
9,Buona Vista,West,2026-04-23 15:00:00+08:00,0.5424,0.5424,medium,4,-0.25,0.5714286,critically low supply + below yesterday baseline,0.1286,low,6.0,0.1387,low,watchlist,Heuristic baseline policy recommends watchlist monitoring because signals are elevated but not yet acute.,0.3144,moderate,1,4.7714,monitor,Selected monitor because it maximized deterministic net value under current constraints.,0.0,0.0,30.0,[]
9,Buona Vista,West,2026-04-23 16:00:00+08:00,0.582,0.582,medium,7,-0.6,1.1666666,critically low supply,0.2273,low,5.0,0.0844,low,watchlist,Heuristic baseline policy recommends watchlist monitoring because signals are elevated but not yet acute.,0.306,moderate,2,4.7714,monitor,Selected monitor because it maximized deterministic net value under current constraints.,0.0,0.0,30.0,[]
9,Buona Vista,West,2026-04-27 06:00:00+08:00,0.6476,0.6476,medium,5,-0.5,0.8333333,critically low supply,0.2038,low,5.0,0.0897,low,watchlist,Heuristic baseline policy recommends watchlist monitoring because signals are elevated but not yet acute.,0.3184,moderate,1,4.7714,monitor,Selected monitor because it maximized deterministic net value under current constraints.,0.0,0.0,30.0,[]
9,Buona Vista,West,2026-04-27 10:00:00+08:00,0.5122,0.5122,medium,8,-0.5,1.3333334,critically low supply,0.2038,low,5.0,0.0713,low,watchlist,Heuristic baseline policy recommends watchlist monitoring because signals are elevated but not yet acute.,0.271,moderate,2,4.7714,monitor,Selected monitor because it maximized deterministic net value under current constraints.,0.0,0.0,30.0,[]
9,Buona Vista,West,2026-04-27 18:00:00+08:00,0.5061,0.5061,medium,9,-0.42857143,1.8,critically low supply + peak hour,0.365,low,4.0,0.1119,low,watchlist,Heuristic baseline policy recommends watchlist monitoring because signals are elevated but not yet acute.,0.3414,moderate,1,4.7714,monitor,Selected monitor because it maximized deterministic net value under current constraints.,0.0,0.0,30.0,[]
9,Buona Vista,West,2026-04-28 08:00:00+08:00,0.632,0.632,medium,7,-0.33333334,1.0,critically low supply + peak hour,0.365,low,6.0,0.1481,low,watchlist,Heuristic baseline policy recommends watchlist monitoring because signals are elevated but not yet acute.,0.3855,moderate,1,4.7714,monitor,Selected monitor because it maximized deterministic net value under current constraints.,0.0,0.0,30.0,[]
9,Buona Vista,West,2026-04-28 09:00:00+08:00,0.913,0.913,high,13,-0.75,2.1666667,low supply + peak hour,0.3149,low,5.0,0.092,low,intervention,Heuristic baseline policy recommends intervention because depletion risk or imbalance is already high.,0.4613,moderate,2,4.7714,monitor,Selected monitor because it maximized deterministic net value under current constraints.,0.0,0.0,30.0,[]
9,Buona Vista,West,2026-04-28 10:00:00+08:00,0.6236,0.6236,medium,11,0.14285715,2.2,low supply,0.2038,low,4.0,0.0585,low,watchlist,Heuristic baseline policy recommends watchlist monitoring because signals are elevated but not yet acute.,0.31,moderate,3,4.7714,monitor,Selected monitor because it maximized deterministic net value under current constraints.,0.0,0.0,30.0,[]
9,Buona Vista,West,2026-04-29 08:00:00+08:00,0.767,0.767,high,7,-1.0,1.1666666,critically low supply + peak hour,0.365,low,5.0,0.1356,low,intervention,Heuristic baseline policy recommends intervention because depletion risk or imbalance is already high.,0.4327,moderate,1,4.7714,monitor,Selected monitor because it maximized deterministic net value under current constraints.,0.0,0.0,30.0,[]
9,Buona Vista,West,2026-04-29 10:00:00+08:00,0.6726,0.6726,medium,10,-0.375,1.4285715,low supply,0.2038,low,6.0,0.0701,low,watchlist,Heuristic baseline policy recommends watchlist monitoring because signals are elevated but not yet acute.,0.3271,moderate,2,4.7714,monitor,Selected monitor because it maximized deterministic net value under current constraints.,0.0,0.0,30.0,[]
9,Buona Vista,West,2026-04-29 20:00:00+08:00,0.5573,0.5573,medium,5,0.0,1.0,critically low supply + peak hour,0.2273,low,4.0,0.0891,low,watchlist,Heuristic baseline policy recommends watchlist monitoring because signals are elevated but not yet acute.,0.2973,moderate,1,4.7714,monitor,Selected monitor because it maximized deterministic net value under current constraints.,0.0,0.0,30.0,[]
9,Buona Vista,West,2026-04-30 10:00:00+08:00,0.8864,0.8864,high,8,-0.8,1.6,critically low supply,0.2038,low,4.0,0.0652,low,intervention,Heuristic baseline policy recommends intervention because depletion risk or imbalance is already high.,0.4019,moderate,1,4.7714,monitor,Selected monitor because it maximized deterministic net value under current constraints.,0.0,0.0,30.0,[]
9,Buona Vista,West,2026-05-01 01:00:00+08:00,0.5516,0.5516,medium,6,-0.75,0.54545456,critically low supply + below yesterday baseline + public holiday,0.0152,low,10.0,0.0891,low,watchlist,Heuristic baseline policy recommends watchlist monitoring because signals are elevated but not yet acute.,0.2799,moderate,1,4.7714,monitor,Selected monitor because it maximized deterministic net value under current constraints.,0.0,0.0,30.0,[]
9,Buona Vista,West,2026-05-01 02:00:00+08:00,0.4816,0.4816,medium,6,0.0,1.2,critically low supply + public holiday,0.0164,low,4.0,0.0059,low,watchlist,Heuristic baseline policy recommends watchlist monitoring because signals are elevated but not yet acute.,0.1759,low,0,4.7714,monitor,Selected monitor because it maximized deterministic net value under current constraints.,0.0,0.0,30.0,[]
9,Buona Vista,West,2026-05-01 10:00:00+08:00,0.4706,0.4706,medium,2,0.25,0.18181819,critically low supply + below yesterday baseline + public holiday,0.2038,low,10.0,0.4453,medium,watchlist,Heuristic baseline policy recommends watchlist monitoring because signals are elevated but not yet acute.,0.4164,moderate,2,4.7714,monitor,Selected monitor because it maximized deterministic net value under current constraints.,0.0,0.0,30.0,[]
9,Buona Vista,West,2026-05-01 11:00:00+08:00,0.6188,0.6188,medium,2,0.0,0.6666667,critically low supply + below yesterday baseline + public holiday,0.1023,low,2.0,0.045,low,watchlist,Heuristic baseline policy recommends watchlist monitoring because signals are elevated but not yet acute.,0.2626,moderate,3,4.7714,monitor,Selected monitor because it maximized deterministic net value under current constraints.,0.0,0.0,30.0,[]
9,Buona Vista,West,2026-05-01 14:00:00+08:00,0.4494,0.4494,medium,6,-0.16666667,1.0,critically low supply + public holiday,0.0624,low,5.0,0.025,low,watchlist,Heuristic baseline policy recommends watchlist monitoring because signals are elevated but not yet acute.,0.1854,low,0,4.7714,monitor,Selected monitor because it maximized deterministic net value under current constraints.,0.0,0.0,30.0,[]
9,Buona Vista,West,2026-05-02 06:00:00+08:00,0.4753,0.4753,medium,5,-1.0,0.5555556,critically low supply + below yesterday baseline,0.2238,low,8.0,0.2057,low,watchlist,Heuristic baseline policy recommends watchlist monitoring because signals are elevated but not yet acute.,0.3421,moderate,1,4.7714,monitor,Selected monitor because it maximized deterministic net value under current constraints.,0.0,0.0,30.0,[]
9,Buona Vista,West,2026-05-02 08:00:00+08:00,0.4018,0.4018,medium,4,0.16666667,1.0,critically low supply + peak hour,0.385,low,3.0,0.1463,low,watchlist,Heuristic baseline policy recommends watchlist monitoring because signals are elevated but not yet acute.,0.3139,moderate,2,4.7714,monitor,Selected monitor because it maximized deterministic net value under current constraints.,0.0,0.0,30.0,[]
10,Changi,East,2026-04-18 21:00:00+08:00,0.4408,0.4408,medium,116,-0.8,1.8412699,normal conditions,0.1486,low,62.0,0.0488,low,no_action,Heuristic baseline policy recommends no action because depletion risk and imbalance remain low.,0.2211,low,0,0.3111,monitor,Selected monitor because it maximized deterministic net value under current constraints.,0.0,0.0,30.0,[]
10,Changi,East,2026-04-20 00:00:00+08:00,0.7632,0.7632,high,104,-0.9811321,1.8909091,normal conditions,0.015,low,54.0,0.0049,low,intervention,Heuristic baseline policy recommends intervention because depletion risk or imbalance is already high.,0.2739,moderate,1,0.3111,monitor,Selected monitor because it maximized deterministic net value under current constraints.,0.0,0.0,30.0,[]
10,Changi,East,2026-04-20 06:00:00+08:00,0.7294,0.7294,high,86,-0.5,2.0,normal conditions,0.2038,low,42.0,0.0646,low,watchlist,Heuristic baseline policy recommends watchlist monitoring because signals are elevated but not yet acute.,0.347,moderate,1,0.3111,monitor,Selected monitor because it maximized deterministic net value under current constraints.,0.0,0.0,30.0,[]
10,Changi,East,2026-04-22 00:00:00+08:00,0.6746,0.6746,medium,106,-0.2159091,1.65625,normal conditions,0.015,low,63.0,0.0051,low,watchlist,Heuristic baseline policy recommends watchlist monitoring because signals are elevated but not yet acute.,0.2429,low,0,0.3111,monitor,Selected monitor because it maximized deterministic net value under current constraints.,0.0,0.0,30.0,[]
10,Changi,East,2026-04-22 08:00:00+08:00,0.9248,0.9248,high,92,-1.4473684,2.4864864,peak hour,0.365,low,36.0,0.1073,low,intervention,Heuristic baseline policy recommends intervention because depletion risk or imbalance is already high.,0.4879,moderate,1,0.3111,monitor,Selected monitor because it maximized deterministic net value under current constraints.,0.0,0.0,30.0,[]
10,Changi,East,2026-04-22 10:00:00+08:00,0.7038,0.7038,high,72,0.21505377,1.7142857,normal conditions,0.2038,low,41.0,0.0686,low,watchlist,Heuristic baseline policy recommends watchlist monitoring because signals are elevated but not yet acute.,0.338,moderate,2,0.3111,monitor,Selected monitor because it maximized deterministic net value under current constraints.,0.0,0.0,30.0,[]
10,Changi,East,2026-04-23 11:00:00+08:00,0.8094,0.8094,high,80,-1.7931035,1.6,normal conditions,0.1023,low,49.0,0.0355,low,intervention,Heuristic baseline policy recommends intervention because depletion risk or imbalance is already high.,0.3293,moderate,1,0.3111,monitor,Selected monitor because it maximized deterministic net value under current constraints.,0.0,0.0,30.0,[]
10,Changi,East,2026-04-25 15:00:00+08:00,0.4641,0.4641,medium,40,-1.2777778,0.81632656,normal conditions,0.1486,low,48.0,0.1059,low,watchlist,Heuristic baseline policy recommends watchlist monitoring because signals are elevated but not yet acute.,0.2626,moderate,1,0.3111,monitor,Selected monitor because it maximized deterministic net value under current constraints.,0.0,0.0,30.0,[]
10,Changi,East,2026-04-25 21:00:00+08:00,0.9176,0.9176,high,114,-1.254902,1.5833334,normal conditions,0.1486,low,71.0,0.0519,low,intervention,Heuristic baseline policy recommends intervention because depletion risk or imbalance is already high.,0.388,moderate,1,0.3111,monitor,Selected monitor because it maximized deterministic net value under current constraints.,0.0,0.0,30.0,[]
10,Changi,East,2026-04-28 21:00:00+08:00,0.6794,0.6794,medium,113,-0.26666668,1.4675325,normal conditions,0.1286,low,76.0,0.0465,low,watchlist,Heuristic baseline policy recommends watchlist monitoring because signals are elevated but not yet acute.,0.2957,moderate,1,0.3111,monitor,Selected monitor because it maximized deterministic net value under current constraints.,0.0,0.0,30.0,[]
10,Changi,East,2026-04-29 08:00:00+08:00,0.9836,0.9836,high,83,-2.0,1.8043479,peak hour,0.365,low,45.0,0.1205,low,intervention,Heuristic baseline policy recommends intervention because depletion risk or imbalance is already high.,0.5085,moderate,1,0.3111,monitor,Selected monitor because it maximized deterministic net value under current constraints.,0.0,0.0,30.0,[]
10,Changi,East,2026-04-29 17:00:00+08:00,0.8066,0.8066,high,85,-1.0476191,2.1794872,peak hour,0.3239,low,38.0,0.0995,low,intervention,Heuristic baseline policy recommends intervention because depletion risk or imbalance is already high.,0.4281,moderate,1,0.3111,monitor,Selected monitor because it maximized deterministic net value under current constraints.,0.0,0.0,30.0,[]
10,Changi,East,2026-04-30 04:00:00+08:00,0.5122,0.5122,medium,68,-0.3018868,1.5813954,normal conditions,0.0446,low,42.0,0.0155,low,watchlist,Heuristic baseline policy recommends watchlist monitoring because signals are elevated but not yet acute.,0.1993,low,0,0.3111,monitor,Selected monitor because it maximized deterministic net value under current constraints.,0.0,0.0,30.0,[]
10,Changi,East,2026-04-30 05:00:00+08:00,0.4965,0.4965,medium,80,-0.17391305,1.7021277,normal conditions,0.1023,low,46.0,0.0346,low,watchlist,Heuristic baseline policy recommends watchlist monitoring because signals are elevated but not yet acute.,0.2198,low,0,0.3111,monitor,Selected monitor because it maximized deterministic net value under current constraints.,0.0,0.0,30.0,[]
10,Changi,East,2026-04-30 17:00:00+08:00,0.6683,0.6683,medium,89,-0.57894737,2.1707318,peak hour,0.3239,low,40.0,0.0997,low,watchlist,Heuristic baseline policy recommends watchlist monitoring because signals are elevated but not yet acute.,0.3797,moderate,1,0.3111,monitor,Selected monitor because it maximized deterministic net value under current constraints.,0.0,0.0,30.0,[]
10,Changi,East,2026-05-01 03:00:00+08:00,0.4757,0.4757,medium,74,-1.4193548,1.15625,public holiday,0.0224,low,63.0,0.0091,low,watchlist,Heuristic baseline policy recommends watchlist monitoring because signals are elevated but not yet acute.,0.1766,low,0,0.3111,monitor,Selected monitor because it maximized deterministic net value under current constraints.,0.0,0.0,30.0,[]
10,Changi,East,2026-05-01 05:00:00+08:00,0.8087,0.8087,high,175,-1.0952381,5.0,public holiday,0.1023,low,15.0,0.0226,low,intervention,Heuristic baseline policy recommends intervention because depletion risk or imbalance is already high.,0.3291,moderate,1,0.3111,monitor,Selected monitor because it maximized deterministic net value under current constraints.,0.0,0.0,30.0,[]
11,Choa Chu Kang,West,2026-04-16 10:00:00+08:00,0.9899,0.9899,high,22,-1.875,1.916129,normal conditions,0.2038,low,10.4815,0.0641,low,intervention,Heuristic baseline policy recommends intervention because depletion risk or imbalance is already high.,0.4382,moderate,1,2.9,monitor,Selected monitor because it maximized deterministic net value under current constraints.,0.0,0.0,30.0,[]
11,Choa Chu Kang,West,2026-04-17 15:00:00+08:00,0.4455,0.4455,medium,9,-0.25,0.783871,critically low supply,0.1286,low,10.4815,0.0899,low,watchlist,Heuristic baseline policy recommends watchlist monitoring because signals are elevated but not yet acute.,0.2421,low,0,2.9,monitor,Selected monitor because it maximized deterministic net value under current constraints.,0.0,0.0,30.0,[]
11,Choa Chu Kang,West,2026-04-18 04:00:00+08:00,0.9035,0.9035,high,17,0.0,1.4806452,low supply,0.0646,low,10.4815,0.0225,low,intervention,Heuristic baseline policy recommends intervention because depletion risk or imbalance is already high.,0.3453,moderate,1,2.9,monitor,Selected monitor because it maximized deterministic net value under current constraints.,0.0,0.0,30.0,[]
11,Choa Chu Kang,West,2026-04-19 01:00:00+08:00,0.6517,0.6517,medium,19,-0.53846157,1.5833334,low supply,0.0352,low,11.0,0.0119,low,watchlist,Heuristic baseline policy recommends watchlist monitoring because signals are elevated but not yet acute.,0.2439,low,0,2.9,monitor,Selected monitor because it maximized deterministic net value under current constraints.,0.0,0.0,30.0,[]
11,Choa Chu Kang,West,2026-04-19 05:00:00+08:00,0.6676,0.6676,medium,18,-0.26666668,1.2857143,low supply,0.1223,low,13.0,0.0457,low,watchlist,Heuristic baseline policy recommends watchlist monitoring because signals are elevated but not yet acute.,0.2887,moderate,1,2.9,monitor,Selected monitor because it maximized deterministic net value under current constraints.,0.0,0.0,30.0,[]
11,Choa Chu Kang,West,2026-04-19 21:00:00+08:00,0.466,0.466,medium,12,0.071428575,2.0,low supply,0.1486,low,5.0,0.0446,low,watchlist,Heuristic baseline policy recommends watchlist monitoring because signals are elevated but not yet acute.,0.23,low,0,2.9,monitor,Selected monitor because it maximized deterministic net value under current constraints.,0.0,0.0,30.0,[]
11,Choa Chu Kang,West,2026-04-21 05:00:00+08:00,0.6196,0.6196,medium,15,-0.7777778,1.3636364,low supply,0.1023,low,10.0,0.0368,low,watchlist,Heuristic baseline policy recommends watchlist monitoring because signals are elevated but not yet acute.,0.2629,moderate,1,2.9,monitor,Selected monitor because it maximized deterministic net value under current constraints.,0.0,0.0,30.0,[]
11,Choa Chu Kang,West,2026-04-22 14:00:00+08:00,0.4215,0.4215,medium,9,0.0,0.8181818,critically low supply,0.0624,low,10.0,0.0491,low,watchlist,Heuristic baseline policy recommends watchlist monitoring because signals are elevated but not yet acute.,0.1956,low,0,2.9,monitor,Selected monitor because it maximized deterministic net value under current constraints.,0.0,0.0,30.0,[]
11,Choa Chu Kang,West,2026-04-23 07:00:00+08:00,0.7882,0.7882,high,16,-0.7,1.4545455,low supply + peak hour,0.3149,low,10.0,0.1102,low,intervention,Heuristic baseline policy recommends intervention because depletion risk or imbalance is already high.,0.4176,moderate,1,2.9,monitor,Selected monitor because it maximized deterministic net value under current constraints.,0.0,0.0,30.0,[]
11,Choa Chu Kang,West,2026-04-24 10:00:00+08:00,0.4996,0.4996,medium,9,0.09090909,2.25,critically low supply,0.2038,low,3.0,0.0571,low,watchlist,Heuristic baseline policy recommends watchlist monitoring because signals are elevated but not yet acute.,0.2666,moderate,1,2.9,monitor,Selected monitor because it maximized deterministic net value under current constraints.,0.0,0.0,30.0,[]
11,Choa Chu Kang,West,2026-04-25 08:00:00+08:00,0.5341,0.5341,medium,13,0.0,0.7647059,low supply + peak hour,0.385,low,16.0,0.2282,low,watchlist,Heuristic baseline policy recommends watchlist monitoring because signals are elevated but not yet acute.,0.3977,moderate,1,2.9,monitor,Selected monitor because it maximized deterministic net value under current constraints.,0.0,0.0,30.0,[]
11,Choa Chu Kang,West,2026-04-25 09:00:00+08:00,0.467,0.467,medium,10,0.21428572,2.0,low supply + peak hour,0.3349,low,4.0,0.0991,low,watchlist,Heuristic baseline policy recommends watchlist monitoring because signals are elevated but not yet acute.,0.3142,moderate,2,2.9,monitor,Selected monitor because it maximized deterministic net value under current constraints.,0.0,0.0,30.0,[]
11,Choa Chu Kang,West,2026-04-26 04:00:00+08:00,0.7296,0.7296,high,13,0.1764706,1.4444444,low supply,0.0646,low,8.0,0.0225,low,watchlist,Heuristic baseline policy recommends watchlist monitoring because signals are elevated but not yet acute.,0.2844,moderate,1,2.9,monitor,Selected monitor because it maximized deterministic net value under current constraints.,0.0,0.0,30.0,[]
11,Choa Chu Kang,West,2026-04-27 18:00:00+08:00,0.9703,0.9703,high,21,-1.4444444,1.6153846,peak hour,0.365,low,12.0,0.1231,low,intervention,Heuristic baseline policy recommends intervention because depletion risk or imbalance is already high.,0.5039,moderate,1,2.9,monitor,Selected monitor because it maximized deterministic net value under current constraints.,0.0,0.0,30.0,[]
11,Choa Chu Kang,West,2026-04-28 05:00:00+08:00,0.5103,0.5103,medium,17,-0.2,1.5454545,low supply,0.1023,low,10.0,0.0349,low,watchlist,Heuristic baseline policy recommends watchlist monitoring because signals are elevated but not yet acute.,0.2246,low,0,2.9,monitor,Selected monitor because it maximized deterministic net value under current constraints.,0.0,0.0,30.0,[]
11,Choa Chu Kang,West,2026-04-28 22:00:00+08:00,0.9113,0.9113,high,18,-0.9,1.8,low supply,0.0624,low,9.0,0.02,low,intervention,Heuristic baseline policy recommends intervention because depletion risk or imbalance is already high.,0.347,moderate,1,2.9,monitor,Selected monitor because it maximized deterministic net value under current constraints.,0.0,0.0,30.0,[]
11,Choa Chu Kang,West,2026-04-29 02:00:00+08:00,0.9806,0.9806,high,28,-1.2307693,2.8,normal conditions,0.0164,low,9.0,0.0045,low,intervention,Heuristic baseline policy recommends intervention because depletion risk or imbalance is already high.,0.3506,moderate,1,2.9,monitor,Selected monitor because it maximized deterministic net value under current constraints.,0.0,0.0,30.0,[]
11,Choa Chu Kang,West,2026-04-29 18:00:00+08:00,0.4876,0.4876,medium,12,-0.083333336,0.9230769,low supply + peak hour,0.365,low,12.0,0.1606,low,watchlist,Heuristic baseline policy recommends watchlist monitoring because signals are elevated but not yet acute.,0.3349,moderate,2,2.9,monitor,Selected monitor because it maximized deterministic net value under current constraints.,0.0,0.0,30.0,[]
11,Choa Chu Kang,West,2026-04-30 05:00:00+08:00,0.5887,0.5887,medium,15,-0.7777778,1.25,low supply,0.1023,low,11.0,0.0385,low,watchlist,Heuristic baseline policy recommends watchlist monitoring because signals are elevated but not yet acute.,0.2521,moderate,1,2.9,monitor,Selected monitor because it maximized deterministic net value under current constraints.,0.0,0.0,30.0,[]
11,Choa Chu Kang,West,2026-04-30 14:00:00+08:00,0.645,0.645,medium,10,-2.0,0.7692308,low supply,0.0624,low,12.0,0.0638,low,watchlist,Heuristic baseline policy recommends watchlist monitoring because signals are elevated but not yet acute.,0.2872,moderate,1,2.9,monitor,Selected monitor because it maximized deterministic net value under current constraints.,0.0,0.0,30.0,[]
11,Choa Chu Kang,West,2026-05-01 01:00:00+08:00,0.9331,0.9331,high,26,-1.4545455,3.25,public holiday,0.0152,low,7.0,0.004,low,intervention,Heuristic baseline policy recommends intervention because depletion risk or imbalance is already high.,0.3334,moderate,1,2.9,monitor,Selected monitor because it maximized deterministic net value under current constraints.,0.0,0.0,30.0,[]
11,Choa Chu Kang,West,2026-05-01 07:00:00+08:00,0.5581,0.5581,medium,11,-1.0,1.8333334,low supply + peak hour + public holiday,0.3149,low,5.0,0.0973,low,watchlist,Heuristic baseline policy recommends watchlist monitoring because signals are elevated but not yet acute.,0.337,moderate,1,2.9,monitor,Selected monitor because it maximized deterministic net value under current constraints.,0.0,0.0,30.0,[]
11,Choa Chu Kang,West,2026-05-01 10:00:00+08:00,0.8711,0.8711,high,13,-0.16666667,2.6,low supply + public holiday,0.2038,low,4.0,0.0558,low,intervention,Heuristic baseline policy recommends intervention because depletion risk or imbalance is already high.,0.3966,moderate,2,2.9,monitor,Selected monitor because it maximized deterministic net value under current constraints.,0.0,0.0,30.0,[]
11,Choa Chu Kang,West,2026-05-01 21:00:00+08:00,0.4354,0.4354,medium,9,-0.42857143,0.6,critically low supply + below yesterday baseline + public holiday,0.1286,low,14.0,0.1452,low,watchlist,Heuristic baseline policy recommends watchlist monitoring because signals are elevated but not yet acute.,0.2817,moderate,1,2.9,monitor,Selected monitor because it maximized deterministic net value under current constraints.,0.0,0.0,30.0,[]
11,Choa Chu Kang,West,2026-05-02 11:00:00+08:00,0.5495,0.5495,medium,15,-1.0,2.5,low supply,0.1223,low,5.0,0.0342,low,watchlist,Heuristic baseline policy recommends watchlist monitoring because signals are elevated but not yet acute.,0.2474,low,0,2.9,monitor,Selected monitor because it maximized deterministic net value under current constraints.,0.0,0.0,30.0,[]
12,Clementi,West,2026-04-16 10:00:00+08:00,0.9897,0.9897,high,20,-1.3333334,1.983471,normal conditions,0.2038,low,9.0833,0.063,low,intervention,Heuristic baseline policy recommends intervention because depletion risk or imbalance is already high.,0.4381,moderate,1,3.3,monitor,Selected monitor because it maximized deterministic net value under current constraints.,0.0,0.0,30.0,[]
12,Clementi,West,2026-04-17 15:00:00+08:00,0.8357,0.8357,high,13,-0.07692308,1.2892562,low supply,0.1286,low,9.0833,0.0473,low,intervention,Heuristic baseline policy recommends intervention because depletion risk or imbalance is already high.,0.3504,moderate,1,3.3,monitor,Selected monitor because it maximized deterministic net value under current constraints.,0.0,0.0,30.0,[]
12,Clementi,West,2026-04-18 04:00:00+08:00,0.5544,0.5544,medium,7,0.2,0.6942149,critically low supply + below yesterday baseline,0.0646,low,9.0833,0.0789,low,watchlist,Heuristic baseline policy recommends watchlist monitoring because signals are elevated but not yet acute.,0.269,moderate,1,3.3,monitor,Selected monitor because it maximized deterministic net value under current constraints.,0.0,0.0,30.0,[]
12,Clementi,West,2026-04-19 22:00:00+08:00,0.4439,0.4439,medium,13,0.125,1.3,low supply,0.0824,low,9.0,0.0302,low,watchlist,Heuristic baseline policy recommends watchlist monitoring because signals are elevated but not yet acute.,0.1924,low,0,3.3,monitor,Selected monitor because it maximized deterministic net value under current constraints.,0.0,0.0,30.0,[]
12,Clementi,West,2026-04-20 09:00:00+08:00,0.4126,0.4126,medium,11,-0.2,1.2222222,low supply + peak hour,0.3149,low,8.0,0.1179,low,watchlist,Heuristic baseline policy recommends watchlist monitoring because signals are elevated but not yet acute.,0.2861,moderate,1,3.3,monitor,Selected monitor because it maximized deterministic net value under current constraints.,0.0,0.0,30.0,[]
12,Clementi,West,2026-04-20 10:00:00+08:00,0.4253,0.4253,medium,10,0.083333336,1.1111112,low supply,0.2038,low,8.0,0.0799,low,watchlist,Heuristic baseline policy recommends watchlist monitoring because signals are elevated but not yet acute.,0.2406,low,0,3.3,monitor,Selected monitor because it maximized deterministic net value under current constraints.,0.0,0.0,30.0,[]
12,Clementi,West,2026-04-22 10:00:00+08:00,0.69,0.69,medium,10,-2.0,0.90909094,low supply,0.2038,low,10.0,0.0897,low,watchlist,Heuristic baseline policy recommends watchlist monitoring because signals are elevated but not yet acute.,0.3332,moderate,2,3.3,monitor,Selected monitor because it maximized deterministic net value under current constraints.,0.0,0.0,30.0,[]
12,Clementi,West,2026-04-23 11:00:00+08:00,0.6577,0.6577,medium,11,-1.4,1.0,low supply,0.1023,low,10.0,0.0428,low,watchlist,Heuristic baseline policy recommends watchlist monitoring because signals are elevated but not yet acute.,0.2762,moderate,1,3.3,monitor,Selected monitor because it maximized deterministic net value under current constraints.,0.0,0.0,30.0,[]
12,Clementi,West,2026-04-23 15:00:00+08:00,0.5688,0.5688,medium,13,-0.16666667,1.8571428,low supply,0.1286,low,6.0,0.04,low,watchlist,Heuristic baseline policy recommends watchlist monitoring because signals are elevated but not yet acute.,0.257,moderate,2,3.3,monitor,Selected monitor because it maximized deterministic net value under current constraints.,0.0,0.0,30.0,[]
12,Clementi,West,2026-04-24 15:00:00+08:00,0.4448,0.4448,medium,11,0.07692308,1.1,low supply,0.1286,low,9.0,0.051,low,watchlist,Heuristic baseline policy recommends watchlist monitoring because signals are elevated but not yet acute.,0.2136,low,0,3.3,monitor,Selected monitor because it maximized deterministic net value under current constraints.,0.0,0.0,30.0,[]
12,Clementi,West,2026-04-25 08:00:00+08:00,0.5965,0.5965,medium,8,0.30769232,1.6,rapid depletion + critically low supply + peak hour,0.385,low,4.0,0.1232,low,watchlist,Heuristic baseline policy recommends watchlist monitoring because signals are elevated but not yet acute.,0.382,moderate,1,3.3,monitor,Selected monitor because it maximized deterministic net value under current constraints.,0.0,0.0,30.0,[]
12,Clementi,West,2026-04-27 06:00:00+08:00,0.9796,0.9796,high,18,-1.7142857,1.8,low supply,0.2038,low,9.0,0.0652,low,intervention,Heuristic baseline policy recommends intervention because depletion risk or imbalance is already high.,0.4346,moderate,1,3.3,monitor,Selected monitor because it maximized deterministic net value under current constraints.,0.0,0.0,30.0,[]
12,Clementi,West,2026-04-27 10:00:00+08:00,0.4016,0.4016,medium,13,0.2631579,1.3,low supply,0.2038,low,9.0,0.0746,low,watchlist,Heuristic baseline policy recommends watchlist monitoring because signals are elevated but not yet acute.,0.2323,low,0,3.3,monitor,Selected monitor because it maximized deterministic net value under current constraints.,0.0,0.0,30.0,[]
12,Clementi,West,2026-04-28 09:00:00+08:00,0.5417,0.5417,medium,13,-0.27272728,1.4444444,low supply + peak hour,0.3149,low,8.0,0.1095,low,watchlist,Heuristic baseline policy recommends watchlist monitoring because signals are elevated but not yet acute.,0.3313,moderate,1,3.3,monitor,Selected monitor because it maximized deterministic net value under current constraints.,0.0,0.0,30.0,[]
12,Clementi,West,2026-04-28 10:00:00+08:00,0.5905,0.5905,medium,15,-0.14285715,1.3636364,low supply,0.2038,low,10.0,0.0734,low,watchlist,Heuristic baseline policy recommends watchlist monitoring because signals are elevated but not yet acute.,0.2984,moderate,2,3.3,monitor,Selected monitor because it maximized deterministic net value under current constraints.,0.0,0.0,30.0,[]
12,Clementi,West,2026-04-29 10:00:00+08:00,0.4395,0.4395,medium,11,-0.09090909,1.1,low supply,0.2038,low,9.0,0.0808,low,watchlist,Heuristic baseline policy recommends watchlist monitoring because signals are elevated but not yet acute.,0.2455,low,0,3.3,monitor,Selected monitor because it maximized deterministic net value under current constraints.,0.0,0.0,30.0,[]
12,Clementi,West,2026-04-29 20:00:00+08:00,0.4183,0.4183,medium,8,-0.125,0.72727275,critically low supply + peak hour,0.2273,low,10.0,0.1537,low,watchlist,Heuristic baseline policy recommends watchlist monitoring because signals are elevated but not yet acute.,0.2887,moderate,1,3.3,monitor,Selected monitor because it maximized deterministic net value under current constraints.,0.0,0.0,30.0,[]
12,Clementi,West,2026-05-01 15:00:00+08:00,0.422,0.422,medium,9,0.0,0.75,critically low supply + public holiday,0.1286,low,11.0,0.0998,low,watchlist,Heuristic baseline policy recommends watchlist monitoring because signals are elevated but not yet acute.,0.2419,low,0,3.3,monitor,Selected monitor because it maximized deterministic net value under current constraints.,0.0,0.0,30.0,[]
13,Downtown Core,Central,2026-04-16 10:00:00+08:00,0.9901,0.9901,high,45,-2.0,3.884892,normal conditions,0.2038,low,10.5833,0.0523,low,intervention,Heuristic baseline policy recommends intervention because depletion risk or imbalance is already high.,0.4382,moderate,1,8.423,monitor,Selected monitor because it maximized deterministic net value under current constraints.,0.0,0.0,30.0,[]
13,Downtown Core,Central,2026-04-17 13:00:00+08:00,0.4464,0.4464,medium,9,0.375,0.77697843,rapid depletion + sustained depletion + critically low supply,0.0304,low,10.5833,0.0446,low,watchlist,Heuristic baseline policy recommends watchlist monitoring because signals are elevated but not yet acute.,0.1998,low,0,8.423,monitor,Selected monitor because it maximized deterministic net value under current constraints.,0.0,0.0,30.0,[]
13,Downtown Core,Central,2026-04-17 17:00:00+08:00,0.4707,0.4707,medium,13,-1.8,1.1223022,low supply + peak hour,0.3239,low,10.5833,0.1281,low,watchlist,Heuristic baseline policy recommends watchlist monitoring because signals are elevated but not yet acute.,0.3105,moderate,1,8.423,monitor,Selected monitor because it maximized deterministic net value under current constraints.,0.0,0.0,30.0,[]
13,Downtown Core,Central,2026-04-17 20:00:00+08:00,0.8489,0.8489,high,20,-1.1,1.7266186,peak hour,0.2273,low,10.5833,0.0743,low,intervention,Heuristic baseline policy recommends intervention because depletion risk or imbalance is already high.,0.3994,moderate,3,8.423,monitor,Selected monitor because it maximized deterministic net value under current constraints.,0.0,0.0,30.0,[]
13,Downtown Core,Central,2026-04-19 02:00:00+08:00,0.6697,0.6697,medium,11,-1.4,0.78571427,low supply,0.0364,low,13.0,0.0484,low,watchlist,Heuristic baseline policy recommends watchlist monitoring because signals are elevated but not yet acute.,0.2815,moderate,1,8.423,monitor,Selected monitor because it maximized deterministic net value under current constraints.,0.0,0.0,30.0,[]
13,Downtown Core,Central,2026-04-19 17:00:00+08:00,0.8707,0.8707,high,11,-2.0,1.5714285,low supply + peak hour,0.3439,low,6.0,0.1138,low,intervention,Heuristic baseline policy recommends intervention because depletion risk or imbalance is already high.,0.4595,moderate,1,8.423,monitor,Selected monitor because it maximized deterministic net value under current constraints.,0.0,0.0,30.0,[]
13,Downtown Core,Central,2026-04-19 18:00:00+08:00,0.6556,0.6556,medium,12,-0.083333336,2.0,low supply + peak hour,0.385,low,5.0,0.1155,low,watchlist,Heuristic baseline policy recommends watchlist monitoring because signals are elevated but not yet acute.,0.4027,moderate,2,8.423,monitor,Selected monitor because it maximized deterministic net value under current constraints.,0.0,0.0,30.0,[]
13,Downtown Core,Central,2026-04-19 22:00:00+08:00,0.5114,0.5114,medium,17,-0.5,2.4285715,low supply,0.0824,low,6.0,0.0235,low,watchlist,Heuristic baseline policy recommends watchlist monitoring because signals are elevated but not yet acute.,0.2161,low,0,8.423,monitor,Selected monitor because it maximized deterministic net value under current constraints.,0.0,0.0,30.0,[]
13,Downtown Core,Central,2026-04-19 23:00:00+08:00,0.7643,0.7643,high,22,-0.2777778,3.142857,normal conditions,0.0504,low,6.0,0.0134,low,intervention,Heuristic baseline policy recommends intervention because depletion risk or imbalance is already high.,0.2902,moderate,1,8.423,monitor,Selected monitor because it maximized deterministic net value under current constraints.,0.0,0.0,30.0,[]
13,Downtown Core,Central,2026-04-20 09:00:00+08:00,0.9554,0.9554,high,18,-0.5833333,1.8,low supply + peak hour,0.3149,low,9.0,0.1008,low,intervention,Heuristic baseline policy recommends intervention because depletion risk or imbalance is already high.,0.4761,moderate,2,8.423,monitor,Selected monitor because it maximized deterministic net value under current constraints.,0.0,0.0,30.0,[]
13,Downtown Core,Central,2026-04-20 17:00:00+08:00,0.6183,0.6183,medium,14,-0.875,3.5,low supply + peak hour,0.3239,low,3.0,0.0814,low,watchlist,Heuristic baseline policy recommends watchlist monitoring because signals are elevated but not yet acute.,0.3622,moderate,1,8.423,monitor,Selected monitor because it maximized deterministic net value under current constraints.,0.0,0.0,30.0,[]
13,Downtown Core,Central,2026-04-20 18:00:00+08:00,0.7095,0.7095,high,18,-0.26666668,1.5,low supply + peak hour,0.365,low,11.0,0.1265,low,watchlist,Heuristic baseline policy recommends watchlist monitoring because signals are elevated but not yet acute.,0.4126,moderate,2,8.423,monitor,Selected monitor because it maximized deterministic net value under current constraints.,0.0,0.0,30.0,[]
13,Downtown Core,Central,2026-04-20 22:00:00+08:00,0.9746,0.9746,high,24,-1.2727273,2.0,normal conditions,0.0624,low,11.0,0.0193,low,intervention,Heuristic baseline policy recommends intervention because depletion risk or imbalance is already high.,0.3692,moderate,1,8.423,monitor,Selected monitor because it maximized deterministic net value under current constraints.,0.0,0.0,30.0,[]
13,Downtown Core,Central,2026-04-20 23:00:00+08:00,0.6308,0.6308,medium,30,-0.24,1.6666666,normal conditions,0.0304,low,17.0,0.0102,low,watchlist,Heuristic baseline policy recommends watchlist monitoring because signals are elevated but not yet acute.,0.2345,low,0,8.423,monitor,Selected monitor because it maximized deterministic net value under current constraints.,0.0,0.0,30.0,[]
13,Downtown Core,Central,2026-04-21 05:00:00+08:00,0.5451,0.5451,medium,15,0.2,1.3636364,low supply,0.1023,low,10.0,0.0368,low,watchlist,Heuristic baseline policy recommends watchlist monitoring because signals are elevated but not yet acute.,0.2368,low,0,8.423,monitor,Selected monitor because it maximized deterministic net value under current constraints.,0.0,0.0,30.0,[]
13,Downtown Core,Central,2026-04-21 23:00:00+08:00,0.9752,0.9752,high,23,-1.6666666,3.8333333,normal conditions,0.0304,low,5.0,0.0077,low,intervention,Heuristic baseline policy recommends intervention because depletion risk or imbalance is already high.,0.355,moderate,1,8.423,monitor,Selected monitor because it maximized deterministic net value under current constraints.,0.0,0.0,30.0,[]
13,Downtown Core,Central,2026-04-22 10:00:00+08:00,0.9665,0.9665,high,20,-0.61538464,1.8181819,normal conditions,0.2038,low,10.0,0.0652,low,intervention,Heuristic baseline policy recommends intervention because depletion risk or imbalance is already high.,0.43,moderate,2,8.423,monitor,Selected monitor because it maximized deterministic net value under current constraints.,0.0,0.0,30.0,[]
13,Downtown Core,Central,2026-04-22 14:00:00+08:00,0.6969,0.6969,medium,7,-0.6,1.1666666,critically low supply,0.0624,low,5.0,0.0232,low,watchlist,Heuristic baseline policy recommends watchlist monitoring because signals are elevated but not yet acute.,0.272,moderate,1,8.423,monitor,Selected monitor because it maximized deterministic net value under current constraints.,0.0,0.0,30.0,[]
13,Downtown Core,Central,2026-04-22 18:00:00+08:00,0.4186,0.4186,medium,16,-0.30769232,1.3333334,low supply + peak hour,0.365,low,11.0,0.1332,low,no_action,Heuristic baseline policy recommends no action because depletion risk and imbalance remain low.,0.3108,moderate,1,8.423,monitor,Selected monitor because it maximized deterministic net value under current constraints.,0.0,0.0,30.0,[]
13,Downtown Core,Central,2026-04-22 19:00:00+08:00,0.4317,0.4317,medium,16,0.0,1.4545455,low supply + peak hour,0.3239,low,10.0,0.1134,low,no_action,Heuristic baseline policy recommends no action because depletion risk and imbalance remain low.,0.2969,moderate,2,8.423,monitor,Selected monitor because it maximized deterministic net value under current constraints.,0.0,0.0,30.0,[]
13,Downtown Core,Central,2026-04-23 11:00:00+08:00,0.5495,0.5495,medium,11,-2.0,0.55,low supply + below yesterday baseline,0.1023,low,19.0,0.1471,low,watchlist,Heuristic baseline policy recommends watchlist monitoring because signals are elevated but not yet acute.,0.3226,moderate,2,8.423,monitor,Selected monitor because it maximized deterministic net value under current constraints.,0.0,0.0,30.0,[]
13,Downtown Core,Central,2026-04-23 18:00:00+08:00,0.9567,0.9567,high,14,-1.5,1.5555556,low supply + peak hour,0.365,low,8.0,0.1231,low,intervention,Heuristic baseline policy recommends intervention because depletion risk or imbalance is already high.,0.4991,moderate,1,8.423,monitor,Selected monitor because it maximized deterministic net value under current constraints.,0.0,0.0,30.0,[]
13,Downtown Core,Central,2026-04-24 17:00:00+08:00,0.9211,0.9211,high,19,-1.5,2.7142856,low supply + peak hour,0.3239,low,6.0,0.0893,low,intervention,Heuristic baseline policy recommends intervention because depletion risk or imbalance is already high.,0.4681,moderate,1,8.423,monitor,Selected monitor because it maximized deterministic net value under current constraints.,0.0,0.0,30.0,[]
13,Downtown Core,Central,2026-04-24 18:00:00+08:00,0.5351,0.5351,medium,20,-0.05,1.5384616,peak hour,0.365,low,12.0,0.1256,low,watchlist,Heuristic baseline policy recommends watchlist monitoring because signals are elevated but not yet acute.,0.3515,moderate,2,8.423,monitor,Selected monitor because it maximized deterministic net value under current constraints.,0.0,0.0,30.0,[]
13,Downtown Core,Central,2026-04-25 13:00:00+08:00,0.4815,0.4815,medium,7,-0.33333334,0.7,critically low supply + below yesterday baseline,0.0504,low,9.0,0.0701,low,watchlist,Heuristic baseline policy recommends watchlist monitoring because signals are elevated but not yet acute.,0.2356,low,0,8.423,monitor,Selected monitor because it maximized deterministic net value under current constraints.,0.0,0.0,30.0,[]
13,Downtown Core,Central,2026-04-25 22:00:00+08:00,0.428,0.428,medium,15,-0.45454547,2.142857,low supply,0.0824,low,6.0,0.0244,low,no_action,Heuristic baseline policy recommends no action because depletion risk and imbalance remain low.,0.1869,low,0,8.423,monitor,Selected monitor because it maximized deterministic net value under current constraints.,0.0,0.0,30.0,[]
13,Downtown Core,Central,2026-04-25 23:00:00+08:00,0.6609,0.6609,medium,18,-0.1875,3.0,low supply,0.0504,low,5.0,0.0134,low,watchlist,Heuristic baseline policy recommends watchlist monitoring because signals are elevated but not yet acute.,0.254,moderate,1,8.423,monitor,Selected monitor because it maximized deterministic net value under current constraints.,0.0,0.0,30.0,[]
13,Downtown Core,Central,2026-04-26 17:00:00+08:00,0.4925,0.4925,medium,12,-0.85714287,4.0,low supply + peak hour,0.3439,low,2.0,0.0825,low,watchlist,Heuristic baseline policy recommends watchlist monitoring because signals are elevated but not yet acute.,0.3271,moderate,1,8.423,monitor,Selected monitor because it maximized deterministic net value under current constraints.,0.0,0.0,30.0,[]
13,Downtown Core,Central,2026-04-26 22:00:00+08:00,0.8654,0.8654,high,18,-0.72727275,2.25,low supply,0.0824,low,7.0,0.0242,low,intervention,Heuristic baseline policy recommends intervention because depletion risk or imbalance is already high.,0.34,moderate,1,8.423,monitor,Selected monitor because it maximized deterministic net value under current constraints.,0.0,0.0,30.0,[]
13,Downtown Core,Central,2026-04-27 20:00:00+08:00,0.4882,0.4882,medium,18,-0.26666668,1.8,low supply + peak hour,0.2273,low,9.0,0.0727,low,watchlist,Heuristic baseline policy recommends watchlist monitoring because signals are elevated but not yet acute.,0.2732,moderate,1,8.423,monitor,Selected monitor because it maximized deterministic net value under current constraints.,0.0,0.0,30.0,[]
13,Downtown Core,Central,2026-04-28 08:00:00+08:00,0.7943,0.7943,high,13,-0.75,1.4444444,low supply + peak hour,0.365,low,8.0,0.1269,low,intervention,Heuristic baseline policy recommends intervention because depletion risk or imbalance is already high.,0.4423,moderate,1,8.423,monitor,Selected monitor because it maximized deterministic net value under current constraints.,0.0,0.0,30.0,[]
13,Downtown Core,Central,2026-04-28 09:00:00+08:00,0.931,0.931,high,19,-0.42857143,1.7272727,low supply + peak hour,0.3149,low,10.0,0.1028,low,intervention,Heuristic baseline policy recommends intervention because depletion risk or imbalance is already high.,0.4676,moderate,2,8.423,monitor,Selected monitor because it maximized deterministic net value under current constraints.,0.0,0.0,30.0,[]
13,Downtown Core,Central,2026-04-28 10:00:00+08:00,0.6706,0.6706,medium,27,-0.4,1.4210526,normal conditions,0.2038,low,18.0,0.0734,low,watchlist,Heuristic baseline policy recommends watchlist monitoring because signals are elevated but not yet acute.,0.3264,moderate,3,8.423,monitor,Selected monitor because it maximized deterministic net value under current constraints.,0.0,0.0,30.0,[]
13,Downtown Core,Central,2026-04-28 23:00:00+08:00,0.9772,0.9772,high,33,-1.6153846,4.714286,normal conditions,0.0304,low,6.0,0.0074,low,intervention,Heuristic baseline policy recommends intervention because depletion risk or imbalance is already high.,0.3557,moderate,1,8.423,monitor,Selected monitor because it maximized deterministic net value under current constraints.,0.0,0.0,30.0,[]
13,Downtown Core,Central,2026-04-29 08:00:00+08:00,0.9746,0.9746,high,17,-2.0,1.7,low supply + peak hour,0.365,low,9.0,0.1194,low,intervention,Heuristic baseline policy recommends intervention because depletion risk or imbalance is already high.,0.5054,moderate,1,8.423,monitor,Selected monitor because it maximized deterministic net value under current constraints.,0.0,0.0,30.0,[]
13,Downtown Core,Central,2026-04-30 17:00:00+08:00,0.6753,0.6753,medium,17,-0.8,2.125,low supply + peak hour,0.3239,low,7.0,0.0968,low,watchlist,Heuristic baseline policy recommends watchlist monitoring because signals are elevated but not yet acute.,0.3821,moderate,1,8.423,monitor,Selected monitor because it maximized deterministic net value under current constraints.,0.0,0.0,30.0,[]
13,Downtown Core,Central,2026-05-01 05:00:00+08:00,0.7298,0.7298,high,10,-1.2,5.0,low supply + public holiday,0.1023,low,0.0,0.045,low,watchlist,Heuristic baseline policy recommends watchlist monitoring because signals are elevated but not yet acute.,0.3015,moderate,1,8.423,monitor,Selected monitor because it maximized deterministic net value under current constraints.,0.0,0.0,30.0,[]
13,Downtown Core,Central,2026-05-01 17:00:00+08:00,0.5081,0.5081,medium,15,-0.7777778,1.5,low supply + peak hour + public holiday,0.3239,low,9.0,0.1114,low,watchlist,Heuristic baseline policy recommends watchlist monitoring because signals are elevated but not yet acute.,0.3236,moderate,2,8.423,monitor,Selected monitor because it maximized deterministic net value under current constraints.,0.0,0.0,30.0,[]
13,Downtown Core,Central,2026-05-01 18:00:00+08:00,0.6318,0.6318,medium,17,-0.125,1.5454545,low supply + peak hour + public holiday,0.365,low,10.0,0.1245,low,watchlist,Heuristic baseline policy recommends watchlist monitoring because signals are elevated but not yet acute.,0.3854,moderate,3,8.423,monitor,Selected monitor because it maximized deterministic net value under current constraints.,0.0,0.0,30.0,[]
13,Downtown Core,Central,2026-05-01 23:00:00+08:00,0.4146,0.4146,medium,28,-0.3809524,2.8,public holiday,0.0304,low,9.0,0.0084,low,no_action,Heuristic baseline policy recommends no action because depletion risk and imbalance remain low.,0.1588,low,0,8.423,monitor,Selected monitor because it maximized deterministic net value under current constraints.,0.0,0.0,30.0,[]
13,Downtown Core,Central,2026-05-02 16:00:00+08:00,0.4033,0.4033,medium,8,-0.8,1.3333334,critically low supply,0.2473,low,5.0,0.0866,low,watchlist,Heuristic baseline policy recommends watchlist monitoring because signals are elevated but not yet acute.,0.2524,moderate,1,8.423,monitor,Selected monitor because it maximized deterministic net value under current constraints.,0.0,0.0,30.0,[]
13,Downtown Core,Central,2026-05-02 19:00:00+08:00,0.5136,0.5136,medium,14,-0.6666667,2.3333333,low supply + peak hour,0.3439,low,5.0,0.0983,low,watchlist,Heuristic baseline policy recommends watchlist monitoring because signals are elevated but not yet acute.,0.3345,moderate,2,8.423,monitor,Selected monitor because it maximized deterministic net value under current constraints.,0.0,0.0,30.0,[]
14,Geylang,East,2026-04-16 10:00:00+08:00,0.9806,0.9806,high,22,-0.9166667,1.7502762,normal conditions,0.2038,low,11.5694,0.0665,low,intervention,Heuristic baseline policy recommends intervention because depletion risk or imbalance is already high.,0.4349,moderate,1,1.898,monitor,Selected monitor because it maximized deterministic net value under current constraints.,0.0,0.0,30.0,[]
14,Geylang,East,2026-04-17 21:00:00+08:00,0.7506,0.7506,high,13,-0.07692308,1.0342542,low supply,0.1286,low,11.5694,0.0532,low,intervention,Heuristic baseline policy recommends intervention because depletion risk or imbalance is already high.,0.3206,moderate,1,1.898,monitor,Selected monitor because it maximized deterministic net value under current constraints.,0.0,0.0,30.0,[]
14,Geylang,East,2026-04-19 04:00:00+08:00,0.7511,0.7511,high,15,0.0,1.1538461,low supply,0.0646,low,12.0,0.0253,low,intervention,Heuristic baseline policy recommends intervention because depletion risk or imbalance is already high.,0.292,moderate,1,1.898,monitor,Selected monitor because it maximized deterministic net value under current constraints.,0.0,0.0,30.0,[]
14,Geylang,East,2026-04-19 10:00:00+08:00,0.7005,0.7005,high,17,-0.8,1.8888888,low supply,0.2238,low,8.0,0.07,low,watchlist,Heuristic baseline policy recommends watchlist monitoring because signals are elevated but not yet acute.,0.3459,moderate,1,1.898,monitor,Selected monitor because it maximized deterministic net value under current constraints.,0.0,0.0,30.0,[]
14,Geylang,East,2026-04-20 11:00:00+08:00,0.4177,0.4177,medium,13,0.06666667,1.3,low supply,0.1023,low,9.0,0.0375,low,watchlist,Heuristic baseline policy recommends watchlist monitoring because signals are elevated but not yet acute.,0.1922,low,0,1.898,monitor,Selected monitor because it maximized deterministic net value under current constraints.,0.0,0.0,30.0,[]
14,Geylang,East,2026-04-21 05:00:00+08:00,0.6458,0.6458,medium,18,-0.1875,1.2857143,low supply,0.1023,low,13.0,0.0382,low,watchlist,Heuristic baseline policy recommends watchlist monitoring because signals are elevated but not yet acute.,0.2721,moderate,1,1.898,monitor,Selected monitor because it maximized deterministic net value under current constraints.,0.0,0.0,30.0,[]
14,Geylang,East,2026-04-22 08:00:00+08:00,0.8639,0.8639,high,15,0.05882353,1.1538461,low supply + peak hour,0.365,low,12.0,0.1431,low,intervention,Heuristic baseline policy recommends intervention because depletion risk or imbalance is already high.,0.4666,moderate,1,1.898,monitor,Selected monitor because it maximized deterministic net value under current constraints.,0.0,0.0,30.0,[]
14,Geylang,East,2026-04-22 12:00:00+08:00,0.4591,0.4591,medium,18,-0.35714287,1.2,low supply,0.0446,low,14.0,0.0172,low,watchlist,Heuristic baseline policy recommends watchlist monitoring because signals are elevated but not yet acute.,0.1808,low,0,1.898,monitor,Selected monitor because it maximized deterministic net value under current constraints.,0.0,0.0,30.0,[]
14,Geylang,East,2026-04-22 21:00:00+08:00,0.6053,0.6053,medium,12,0.0,0.9230769,low supply,0.1286,low,12.0,0.0566,low,watchlist,Heuristic baseline policy recommends watchlist monitoring because signals are elevated but not yet acute.,0.2697,moderate,1,1.898,monitor,Selected monitor because it maximized deterministic net value under current constraints.,0.0,0.0,30.0,[]
14,Geylang,East,2026-04-23 15:00:00+08:00,0.5957,0.5957,medium,16,-1.8333334,0.84210527,low supply,0.1286,low,18.0,0.0827,low,watchlist,Heuristic baseline policy recommends watchlist monitoring because signals are elevated but not yet acute.,0.2886,moderate,1,1.898,monitor,Selected monitor because it maximized deterministic net value under current constraints.,0.0,0.0,30.0,[]
14,Geylang,East,2026-04-23 16:00:00+08:00,0.673,0.673,medium,14,0.11764706,1.75,low supply,0.2273,low,7.0,0.0727,low,watchlist,Heuristic baseline policy recommends watchlist monitoring because signals are elevated but not yet acute.,0.3378,moderate,2,1.898,monitor,Selected monitor because it maximized deterministic net value under current constraints.,0.0,0.0,30.0,[]
14,Geylang,East,2026-04-24 20:00:00+08:00,0.4725,0.4725,medium,13,0.0,1.8571428,low supply + peak hour,0.2273,low,6.0,0.0706,low,watchlist,Heuristic baseline policy recommends watchlist monitoring because signals are elevated but not yet acute.,0.2677,moderate,1,1.898,monitor,Selected monitor because it maximized deterministic net value under current constraints.,0.0,0.0,30.0,[]
14,Geylang,East,2026-04-25 08:00:00+08:00,0.5515,0.5515,medium,11,0.0,1.0,low supply + peak hour,0.385,low,10.0,0.161,low,watchlist,Heuristic baseline policy recommends watchlist monitoring because signals are elevated but not yet acute.,0.3663,moderate,1,1.898,monitor,Selected monitor because it maximized deterministic net value under current constraints.,0.0,0.0,30.0,[]
14,Geylang,East,2026-04-26 14:00:00+08:00,0.5698,0.5698,medium,17,-0.05882353,2.125,low supply,0.0824,low,7.0,0.0246,low,watchlist,Heuristic baseline policy recommends watchlist monitoring because signals are elevated but not yet acute.,0.2365,low,0,1.898,monitor,Selected monitor because it maximized deterministic net value under current constraints.,0.0,0.0,30.0,[]
14,Geylang,East,2026-04-27 10:00:00+08:00,0.8941,0.8941,high,17,-0.6363636,1.7,low supply,0.2038,low,9.0,0.0667,low,intervention,Heuristic baseline policy recommends intervention because depletion risk or imbalance is already high.,0.4046,moderate,1,1.898,monitor,Selected monitor because it maximized deterministic net value under current constraints.,0.0,0.0,30.0,[]
14,Geylang,East,2026-04-30 14:00:00+08:00,0.4192,0.4192,medium,12,0.13333334,1.0,low supply,0.0624,low,11.0,0.0262,low,watchlist,Heuristic baseline policy recommends watchlist monitoring because signals are elevated but not yet acute.,0.1748,low,0,1.898,monitor,Selected monitor because it maximized deterministic net value under current constraints.,0.0,0.0,30.0,[]
14,Geylang,East,2026-05-01 04:00:00+08:00,0.5816,0.5816,medium,12,0.1875,0.9230769,low supply + public holiday,0.0446,low,12.0,0.0196,low,watchlist,Heuristic baseline policy recommends watchlist monitoring because signals are elevated but not yet acute.,0.2236,low,0,1.898,monitor,Selected monitor because it maximized deterministic net value under current constraints.,0.0,0.0,30.0,[]
14,Geylang,East,2026-05-02 04:00:00+08:00,0.4026,0.4026,medium,11,0.0,1.5714285,low supply,0.0646,low,6.0,0.0214,low,watchlist,Heuristic baseline policy recommends watchlist monitoring because signals are elevated but not yet acute.,0.17,low,0,1.898,monitor,Selected monitor because it maximized deterministic net value under current constraints.,0.0,0.0,30.0,[]
14,Geylang,East,2026-05-02 08:00:00+08:00,0.4355,0.4355,medium,12,0.0,0.9230769,low supply + peak hour,0.385,low,12.0,0.1694,low,watchlist,Heuristic baseline policy recommends watchlist monitoring because signals are elevated but not yet acute.,0.3257,moderate,1,1.898,monitor,Selected monitor because it maximized deterministic net value under current constraints.,0.0,0.0,30.0,[]
14,Geylang,East,2026-05-11 11:00:00+08:00,0.5737,0.5737,medium,12,0.13333334,1.2,low supply + rain,0.1689,low,9.0,0.0642,low,watchlist,Heuristic baseline policy recommends watchlist monitoring because signals are elevated but not yet acute.,0.2768,moderate,1,1.898,monitor,Selected monitor because it maximized deterministic net value under current constraints.,0.0,0.0,30.0,[]
15,Hougang,North-East,2026-04-16 10:00:00+08:00,0.9808,0.9808,high,30,-1.0666667,1.979835,normal conditions,0.2038,low,14.1528,0.0638,low,intervention,Heuristic baseline policy recommends intervention because depletion risk or imbalance is already high.,0.435,moderate,1,2.3611,monitor,Selected monitor because it maximized deterministic net value under current constraints.,0.0,0.0,30.0,[]
15,Hougang,North-East,2026-04-17 16:00:00+08:00,0.9258,0.9258,high,24,-0.9230769,1.583868,normal conditions,0.2273,low,14.1528,0.0776,low,intervention,Heuristic baseline policy recommends intervention because depletion risk or imbalance is already high.,0.4263,moderate,1,2.3611,monitor,Selected monitor because it maximized deterministic net value under current constraints.,0.0,0.0,30.0,[]
15,Hougang,North-East,2026-04-18 02:00:00+08:00,0.5406,0.5406,medium,24,-0.47058824,1.583868,normal conditions,0.0364,low,14.1528,0.0124,low,watchlist,Heuristic baseline policy recommends watchlist monitoring because signals are elevated but not yet acute.,0.2056,low,0,2.3611,monitor,Selected monitor because it maximized deterministic net value under current constraints.,0.0,0.0,30.0,[]
15,Hougang,North-East,2026-04-18 15:00:00+08:00,0.8859,0.8859,high,21,-0.46666667,1.5,normal conditions,0.1486,low,13.0,0.0518,low,intervention,Heuristic baseline policy recommends intervention because depletion risk or imbalance is already high.,0.3769,moderate,1,2.3611,monitor,Selected monitor because it maximized deterministic net value under current constraints.,0.0,0.0,30.0,[]
15,Hougang,North-East,2026-04-18 21:00:00+08:00,0.5491,0.5491,medium,18,-0.5833333,1.5,low supply,0.1486,low,11.0,0.0515,low,watchlist,Heuristic baseline policy recommends watchlist monitoring because signals are elevated but not yet acute.,0.2591,moderate,1,2.3611,monitor,Selected monitor because it maximized deterministic net value under current constraints.,0.0,0.0,30.0,[]
15,Hougang,North-East,2026-04-18 23:00:00+08:00,0.4354,0.4354,medium,20,-0.5,1.4285715,normal conditions,0.0504,low,13.0,0.0179,low,no_action,Heuristic baseline policy recommends no action because depletion risk and imbalance remain low.,0.1751,low,0,2.3611,monitor,Selected monitor because it maximized deterministic net value under current constraints.,0.0,0.0,30.0,[]
15,Hougang,North-East,2026-04-19 04:00:00+08:00,0.4315,0.4315,medium,17,0.0,1.0,low supply,0.0646,low,16.0,0.0275,low,no_action,Heuristic baseline policy recommends no action because depletion risk and imbalance remain low.,0.1801,low,0,2.3611,monitor,Selected monitor because it maximized deterministic net value under current constraints.,0.0,0.0,30.0,[]
15,Hougang,North-East,2026-04-19 16:00:00+08:00,0.5005,0.5005,medium,22,-0.7692308,1.0476191,normal conditions,0.2473,low,20.0,0.1034,low,watchlist,Heuristic baseline policy recommends watchlist monitoring because signals are elevated but not yet acute.,0.2865,moderate,1,2.3611,monitor,Selected monitor because it maximized deterministic net value under current constraints.,0.0,0.0,30.0,[]
15,Hougang,North-East,2026-04-21 05:00:00+08:00,0.9712,0.9712,high,31,-0.88235295,2.0666666,normal conditions,0.1023,low,14.0,0.0315,low,intervention,Heuristic baseline policy recommends intervention because depletion risk or imbalance is already high.,0.386,moderate,1,2.3611,monitor,Selected monitor because it maximized deterministic net value under current constraints.,0.0,0.0,30.0,[]
15,Hougang,North-East,2026-04-22 03:00:00+08:00,0.9874,0.9874,high,24,-1.2727273,2.0,normal conditions,0.0224,low,11.0,0.0069,low,intervention,Heuristic baseline policy recommends intervention because depletion risk or imbalance is already high.,0.3557,moderate,1,2.3611,monitor,Selected monitor because it maximized deterministic net value under current constraints.,0.0,0.0,30.0,[]
15,Hougang,North-East,2026-04-22 14:00:00+08:00,0.4378,0.4378,medium,14,0.0,1.1666666,low supply,0.0624,low,11.0,0.0242,low,watchlist,Heuristic baseline policy recommends watchlist monitoring because signals are elevated but not yet acute.,0.1813,low,0,2.3611,monitor,Selected monitor because it maximized deterministic net value under current constraints.,0.0,0.0,30.0,[]
15,Hougang,North-East,2026-04-22 20:00:00+08:00,0.4476,0.4476,medium,20,-0.61538464,1.25,peak hour,0.2273,low,15.0,0.0864,low,no_action,Heuristic baseline policy recommends no action because depletion risk and imbalance remain low.,0.2589,moderate,1,2.3611,monitor,Selected monitor because it maximized deterministic net value under current constraints.,0.0,0.0,30.0,[]
15,Hougang,North-East,2026-04-22 22:00:00+08:00,0.8476,0.8476,high,25,-0.5294118,1.9230769,normal conditions,0.0624,low,12.0,0.0197,low,intervention,Heuristic baseline policy recommends intervention because depletion risk or imbalance is already high.,0.3247,moderate,1,2.3611,monitor,Selected monitor because it maximized deterministic net value under current constraints.,0.0,0.0,30.0,[]
15,Hougang,North-East,2026-04-23 15:00:00+08:00,0.5371,0.5371,medium,13,-1.8,0.40625,low supply + below yesterday baseline,0.1286,low,31.0,0.2154,low,watchlist,Heuristic baseline policy recommends watchlist monitoring because signals are elevated but not yet acute.,0.362,moderate,1,2.3611,monitor,Selected monitor because it maximized deterministic net value under current constraints.,0.0,0.0,30.0,[]
15,Hougang,North-East,2026-04-23 16:00:00+08:00,0.7404,0.7404,high,15,-0.14285715,1.875,low supply,0.2273,low,7.0,0.0709,low,watchlist,Heuristic baseline policy recommends watchlist monitoring because signals are elevated but not yet acute.,0.3614,moderate,2,2.3611,monitor,Selected monitor because it maximized deterministic net value under current constraints.,0.0,0.0,30.0,[]
15,Hougang,North-East,2026-04-24 07:00:00+08:00,0.5282,0.5282,medium,21,-0.15789473,1.9090909,peak hour,0.3149,low,10.0,0.099,low,watchlist,Heuristic baseline policy recommends watchlist monitoring because signals are elevated but not yet acute.,0.3266,moderate,1,2.3611,monitor,Selected monitor because it maximized deterministic net value under current constraints.,0.0,0.0,30.0,[]
15,Hougang,North-East,2026-04-25 08:00:00+08:00,0.7329,0.7329,high,18,-0.11764706,1.3846154,low supply + peak hour,0.385,low,12.0,0.1386,low,watchlist,Heuristic baseline policy recommends watchlist monitoring because signals are elevated but not yet acute.,0.4298,moderate,1,2.3611,monitor,Selected monitor because it maximized deterministic net value under current constraints.,0.0,0.0,30.0,[]
15,Hougang,North-East,2026-04-26 03:00:00+08:00,0.577,0.577,medium,18,-0.055555556,1.5,low supply,0.0424,low,11.0,0.0147,low,watchlist,Heuristic baseline policy recommends watchlist monitoring because signals are elevated but not yet acute.,0.221,low,0,2.3611,monitor,Selected monitor because it maximized deterministic net value under current constraints.,0.0,0.0,30.0,[]
15,Hougang,North-East,2026-04-26 20:00:00+08:00,0.8575,0.8575,high,20,-0.75,1.3333334,peak hour,0.2473,low,14.0,0.091,low,intervention,Heuristic baseline policy recommends intervention because depletion risk or imbalance is already high.,0.4114,moderate,1,2.3611,monitor,Selected monitor because it maximized deterministic net value under current constraints.,0.0,0.0,30.0,[]
15,Hougang,North-East,2026-04-27 15:00:00+08:00,0.5625,0.5625,medium,17,-1.0,1.0,low supply,0.1286,low,16.0,0.0548,low,watchlist,Heuristic baseline policy recommends watchlist monitoring because signals are elevated but not yet acute.,0.2547,moderate,1,2.3611,monitor,Selected monitor because it maximized deterministic net value under current constraints.,0.0,0.0,30.0,[]
15,Hougang,North-East,2026-04-28 05:00:00+08:00,0.4004,0.4004,medium,20,-0.16666667,1.3333334,normal conditions,0.1023,low,14.0,0.0376,low,no_action,Heuristic baseline policy recommends no action because depletion risk and imbalance remain low.,0.1862,low,0,2.3611,monitor,Selected monitor because it maximized deterministic net value under current constraints.,0.0,0.0,30.0,[]
15,Hougang,North-East,2026-04-28 06:00:00+08:00,0.5909,0.5909,medium,19,0.04761905,1.5833334,low supply,0.2038,low,11.0,0.0691,low,watchlist,Heuristic baseline policy recommends watchlist monitoring because signals are elevated but not yet acute.,0.2985,moderate,1,2.3611,monitor,Selected monitor because it maximized deterministic net value under current constraints.,0.0,0.0,30.0,[]
15,Hougang,North-East,2026-04-30 23:00:00+08:00,0.5321,0.5321,medium,16,0.0,2.2857144,low supply,0.0304,low,6.0,0.0088,low,watchlist,Heuristic baseline policy recommends watchlist monitoring because signals are elevated but not yet acute.,0.1999,low,0,2.3611,monitor,Selected monitor because it maximized deterministic net value under current constraints.,0.0,0.0,30.0,[]
15,Hougang,North-East,2026-05-01 00:00:00+08:00,0.7446,0.7446,high,23,-0.4117647,1.9166666,public holiday,0.015,low,11.0,0.0047,low,watchlist,Heuristic baseline policy recommends watchlist monitoring because signals are elevated but not yet acute.,0.2674,moderate,1,2.3611,monitor,Selected monitor because it maximized deterministic net value under current constraints.,0.0,0.0,30.0,[]
15,Hougang,North-East,2026-05-01 10:00:00+08:00,0.9041,0.9041,high,16,-2.0,1.1428572,low supply + public holiday,0.2038,low,13.0,0.0805,low,intervention,Heuristic baseline policy recommends intervention because depletion risk or imbalance is already high.,0.4081,moderate,2,2.3611,monitor,Selected monitor because it maximized deterministic net value under current constraints.,0.0,0.0,30.0,[]
15,Hougang,North-East,2026-05-02 06:00:00+08:00,0.6215,0.6215,medium,20,-0.61538464,1.25,normal conditions,0.2238,low,15.0,0.085,low,watchlist,Heuristic baseline policy recommends watchlist monitoring because signals are elevated but not yet acute.,0.3182,moderate,1,2.3611,monitor,Selected monitor because it maximized deterministic net value under current constraints.,0.0,0.0,30.0,[]
15,Hougang,North-East,2026-05-02 12:00:00+08:00,0.8008,0.8008,high,10,-2.0,3.3333333,low supply,0.0646,low,2.0,0.016,low,intervention,Heuristic baseline policy recommends intervention because depletion risk or imbalance is already high.,0.3093,moderate,1,2.3611,monitor,Selected monitor because it maximized deterministic net value under current constraints.,0.0,0.0,30.0,[]
15,Hougang,North-East,2026-05-02 14:00:00+08:00,0.4027,0.4027,medium,13,-0.5555556,1.0833334,low supply,0.0824,low,11.0,0.0332,low,watchlist,Heuristic baseline policy recommends watchlist monitoring because signals are elevated but not yet acute.,0.178,low,0,2.3611,monitor,Selected monitor because it maximized deterministic net value under current constraints.,0.0,0.0,30.0,[]
15,Hougang,North-East,2026-05-02 15:00:00+08:00,0.5263,0.5263,medium,13,0.0,1.1818181,low supply,0.1486,low,10.0,0.0572,low,watchlist,Heuristic baseline policy recommends watchlist monitoring because signals are elevated but not yet acute.,0.2511,moderate,1,2.3611,monitor,Selected monitor because it maximized deterministic net value under current constraints.,0.0,0.0,30.0,[]
16,Jurong East,West,2026-04-16 10:00:00+08:00,0.9901,0.9901,high,32,-2.0,3.5104113,normal conditions,0.2038,low,8.1157,0.0532,low,intervention,Heuristic baseline policy recommends intervention because depletion risk or imbalance is already high.,0.4382,moderate,1,0.9714,monitor,Selected monitor because it maximized deterministic net value under current constraints.,0.0,0.0,30.0,[]
16,Jurong East,West,2026-04-18 17:00:00+08:00,0.4004,0.4004,medium,8,0.1,0.8,critically low supply + peak hour,0.3439,low,9.0,0.1839,low,watchlist,Heuristic baseline policy recommends watchlist monitoring because signals are elevated but not yet acute.,0.3171,moderate,1,0.9714,monitor,Selected monitor because it maximized deterministic net value under current constraints.,0.0,0.0,30.0,[]
16,Jurong East,West,2026-04-20 04:00:00+08:00,0.5294,0.5294,medium,9,-0.11111111,1.8,critically low supply,0.0446,low,4.0,0.0137,low,watchlist,Heuristic baseline policy recommends watchlist monitoring because signals are elevated but not yet acute.,0.2054,low,0,0.9714,monitor,Selected monitor because it maximized deterministic net value under current constraints.,0.0,0.0,30.0,[]
16,Jurong East,West,2026-04-20 09:00:00+08:00,0.8187,0.8187,high,12,-0.44444445,1.7142857,low supply + peak hour,0.3149,low,6.0,0.1008,low,intervention,Heuristic baseline policy recommends intervention because depletion risk or imbalance is already high.,0.4283,moderate,1,0.9714,monitor,Selected monitor because it maximized deterministic net value under current constraints.,0.0,0.0,30.0,[]
16,Jurong East,West,2026-04-20 10:00:00+08:00,0.6586,0.6586,medium,11,0.07692308,1.375,low supply,0.2038,low,7.0,0.0719,low,watchlist,Heuristic baseline policy recommends watchlist monitoring because signals are elevated but not yet acute.,0.3222,moderate,2,0.9714,monitor,Selected monitor because it maximized deterministic net value under current constraints.,0.0,0.0,30.0,[]
16,Jurong East,West,2026-04-22 19:00:00+08:00,0.4737,0.4737,medium,8,0.0,0.61538464,critically low supply + below yesterday baseline + peak hour,0.3239,low,12.0,0.2481,low,watchlist,Heuristic baseline policy recommends watchlist monitoring because signals are elevated but not yet acute.,0.3782,moderate,2,0.9714,monitor,Selected monitor because it maximized deterministic net value under current constraints.,0.0,0.0,30.0,[]
16,Jurong East,West,2026-04-23 15:00:00+08:00,0.9151,0.9151,high,20,-1.1,2.857143,normal conditions,0.1286,low,6.0,0.035,low,intervention,Heuristic baseline policy recommends intervention because depletion risk or imbalance is already high.,0.3782,moderate,1,0.9714,monitor,Selected monitor because it maximized deterministic net value under current constraints.,0.0,0.0,30.0,[]
16,Jurong East,West,2026-04-23 16:00:00+08:00,0.5016,0.5016,medium,14,0.2857143,1.75,low supply,0.2273,low,7.0,0.0727,low,watchlist,Heuristic baseline policy recommends watchlist monitoring because signals are elevated but not yet acute.,0.2778,moderate,2,0.9714,monitor,Selected monitor because it maximized deterministic net value under current constraints.,0.0,0.0,30.0,[]
16,Jurong East,West,2026-04-24 01:00:00+08:00,0.4425,0.4425,medium,13,-0.75,1.625,low supply,0.0152,low,7.0,0.005,low,watchlist,Heuristic baseline policy recommends watchlist monitoring because signals are elevated but not yet acute.,0.1617,low,0,0.9714,monitor,Selected monitor because it maximized deterministic net value under current constraints.,0.0,0.0,30.0,[]
16,Jurong East,West,2026-04-24 07:00:00+08:00,0.7145,0.7145,high,11,0.14285715,1.8333334,low supply + peak hour,0.3149,low,5.0,0.0973,low,watchlist,Heuristic baseline policy recommends watchlist monitoring because signals are elevated but not yet acute.,0.3918,moderate,1,0.9714,monitor,Selected monitor because it maximized deterministic net value under current constraints.,0.0,0.0,30.0,[]
16,Jurong East,West,2026-04-28 09:00:00+08:00,0.9829,0.9829,high,22,-1.0909091,2.2,peak hour,0.3149,low,9.0,0.0939,low,intervention,Heuristic baseline policy recommends intervention because depletion risk or imbalance is already high.,0.4857,moderate,1,0.9714,monitor,Selected monitor because it maximized deterministic net value under current constraints.,0.0,0.0,30.0,[]
16,Jurong East,West,2026-04-28 10:00:00+08:00,0.8414,0.8414,high,19,0.13043478,2.1111112,low supply,0.2038,low,8.0,0.0614,low,intervention,Heuristic baseline policy recommends intervention because depletion risk or imbalance is already high.,0.3862,moderate,2,0.9714,monitor,Selected monitor because it maximized deterministic net value under current constraints.,0.0,0.0,30.0,[]
16,Jurong East,West,2026-04-29 17:00:00+08:00,0.5415,0.5415,medium,7,-1.6666666,1.0,critically low supply + peak hour,0.3239,low,6.0,0.1314,low,watchlist,Heuristic baseline policy recommends watchlist monitoring because signals are elevated but not yet acute.,0.3353,moderate,1,0.9714,monitor,Selected monitor because it maximized deterministic net value under current constraints.,0.0,0.0,30.0,[]
16,Jurong East,West,2026-04-29 19:00:00+08:00,0.5024,0.5024,medium,7,-0.6,0.7,critically low supply + below yesterday baseline + peak hour,0.3239,low,9.0,0.2092,low,watchlist,Heuristic baseline policy recommends watchlist monitoring because signals are elevated but not yet acute.,0.366,moderate,3,0.9714,monitor,Selected monitor because it maximized deterministic net value under current constraints.,0.0,0.0,30.0,[]
17,Jurong West,West,2026-04-16 10:00:00+08:00,0.6761,0.6761,medium,17,-0.2857143,1.6728929,low supply,0.2038,low,9.162,0.0671,low,watchlist,Heuristic baseline policy recommends watchlist monitoring because signals are elevated but not yet acute.,0.3283,moderate,1,6.4,monitor,Selected monitor because it maximized deterministic net value under current constraints.,0.0,0.0,30.0,[]
17,Jurong West,West,2026-04-17 09:00:00+08:00,0.9476,0.9476,high,14,0.16666667,1.3776765,low supply + peak hour,0.3149,low,9.162,0.1124,low,intervention,Heuristic baseline policy recommends intervention because depletion risk or imbalance is already high.,0.4734,moderate,2,6.4,monitor,Selected monitor because it maximized deterministic net value under current constraints.,0.0,0.0,30.0,[]
17,Jurong West,West,2026-04-18 04:00:00+08:00,0.5898,0.5898,medium,12,0.071428575,1.1808656,low supply,0.0646,low,9.162,0.0248,low,watchlist,Heuristic baseline policy recommends watchlist monitoring because signals are elevated but not yet acute.,0.2355,low,0,6.4,monitor,Selected monitor because it maximized deterministic net value under current constraints.,0.0,0.0,30.0,[]
17,Jurong West,West,2026-04-18 23:00:00+08:00,0.6282,0.6282,medium,13,-1.0,1.8571428,low supply,0.0504,low,6.0,0.0157,low,watchlist,Heuristic baseline policy recommends watchlist monitoring because signals are elevated but not yet acute.,0.2426,low,0,6.4,monitor,Selected monitor because it maximized deterministic net value under current constraints.,0.0,0.0,30.0,[]
17,Jurong West,West,2026-04-19 04:00:00+08:00,0.401,0.401,medium,10,0.21428572,1.25,low supply,0.0646,low,7.0,0.0238,low,watchlist,Heuristic baseline policy recommends watchlist monitoring because signals are elevated but not yet acute.,0.1694,low,0,6.4,monitor,Selected monitor because it maximized deterministic net value under current constraints.,0.0,0.0,30.0,[]
17,Jurong West,West,2026-04-22 08:00:00+08:00,0.402,0.402,medium,10,0.0,0.6666667,low supply + below yesterday baseline + peak hour,0.365,low,14.0,0.2528,low,watchlist,Heuristic baseline policy recommends watchlist monitoring because signals are elevated but not yet acute.,0.3621,moderate,1,6.4,monitor,Selected monitor because it maximized deterministic net value under current constraints.,0.0,0.0,30.0,[]
17,Jurong West,West,2026-04-24 10:00:00+08:00,0.423,0.423,medium,9,0.33333334,1.0,rapid depletion + critically low supply,0.2038,low,8.0,0.0842,low,watchlist,Heuristic baseline policy recommends watchlist monitoring because signals are elevated but not yet acute.,0.2398,low,0,6.4,monitor,Selected monitor because it maximized deterministic net value under current constraints.,0.0,0.0,30.0,[]
17,Jurong West,West,2026-04-27 06:00:00+08:00,0.9828,0.9828,high,23,-1.6666666,2.090909,normal conditions,0.2038,low,10.0,0.062,low,intervention,Heuristic baseline policy recommends intervention because depletion risk or imbalance is already high.,0.4357,moderate,1,6.4,monitor,Selected monitor because it maximized deterministic net value under current constraints.,0.0,0.0,30.0,[]
17,Jurong West,West,2026-04-28 06:00:00+08:00,0.6172,0.6172,medium,13,0.0,1.0833334,low supply,0.2038,low,11.0,0.0821,low,watchlist,Heuristic baseline policy recommends watchlist monitoring because signals are elevated but not yet acute.,0.3077,moderate,1,6.4,monitor,Selected monitor because it maximized deterministic net value under current constraints.,0.0,0.0,30.0,[]
17,Jurong West,West,2026-04-28 08:00:00+08:00,0.4462,0.4462,medium,14,-0.25,1.4,low supply + peak hour,0.365,low,9.0,0.1293,low,watchlist,Heuristic baseline policy recommends watchlist monitoring because signals are elevated but not yet acute.,0.3204,moderate,1,6.4,monitor,Selected monitor because it maximized deterministic net value under current constraints.,0.0,0.0,30.0,[]
17,Jurong West,West,2026-04-28 09:00:00+08:00,0.9667,0.9667,high,22,-0.53333336,2.0,peak hour,0.3149,low,10.0,0.0973,low,intervention,Heuristic baseline policy recommends intervention because depletion risk or imbalance is already high.,0.4801,moderate,2,6.4,monitor,Selected monitor because it maximized deterministic net value under current constraints.,0.0,0.0,30.0,[]
17,Jurong West,West,2026-04-29 08:00:00+08:00,0.5198,0.5198,medium,14,-0.36363637,1.2727273,low supply + peak hour,0.365,low,10.0,0.1356,low,watchlist,Heuristic baseline policy recommends watchlist monitoring because signals are elevated but not yet acute.,0.3462,moderate,1,6.4,monitor,Selected monitor because it maximized deterministic net value under current constraints.,0.0,0.0,30.0,[]
17,Jurong West,West,2026-04-30 14:00:00+08:00,0.5279,0.5279,medium,8,-2.0,0.5714286,critically low supply + below yesterday baseline,0.0624,low,13.0,0.1137,low,watchlist,Heuristic baseline policy recommends watchlist monitoring because signals are elevated but not yet acute.,0.2898,moderate,1,6.4,monitor,Selected monitor because it maximized deterministic net value under current constraints.,0.0,0.0,30.0,[]
17,Jurong West,West,2026-04-30 20:00:00+08:00,0.733,0.733,high,12,-2.0,0.8,low supply + peak hour,0.2273,low,14.0,0.1377,low,watchlist,Heuristic baseline policy recommends watchlist monitoring because signals are elevated but not yet acute.,0.3874,moderate,3,6.4,monitor,Selected monitor because it maximized deterministic net value under current constraints.,0.0,0.0,30.0,[]
17,Jurong West,West,2026-05-01 04:00:00+08:00,0.6721,0.6721,medium,12,0.2777778,2.4,low supply + public holiday,0.0446,low,4.0,0.0125,low,watchlist,Heuristic baseline policy recommends watchlist monitoring because signals are elevated but not yet acute.,0.2553,moderate,1,6.4,monitor,Selected monitor because it maximized deterministic net value under current constraints.,0.0,0.0,30.0,[]
17,Jurong West,West,2026-05-01 15:00:00+08:00,0.4027,0.4027,medium,8,-0.2857143,0.5714286,critically low supply + below yesterday baseline + public holiday,0.1286,low,13.0,0.1528,low,watchlist,Heuristic baseline policy recommends watchlist monitoring because signals are elevated but not yet acute.,0.2757,moderate,1,6.4,monitor,Selected monitor because it maximized deterministic net value under current constraints.,0.0,0.0,30.0,[]
18,Kallang,Central,2026-04-16 10:00:00+08:00,0.9901,0.9901,high,54,-2.0,4.088328,normal conditions,0.2038,low,12.2083,0.0518,low,intervention,Heuristic baseline policy recommends intervention because depletion risk or imbalance is already high.,0.4382,moderate,1,9.6972,monitor,Selected monitor because it maximized deterministic net value under current constraints.,0.0,0.0,30.0,[]
18,Kallang,Central,2026-04-18 09:00:00+08:00,0.4106,0.4106,medium,13,0.1764706,0.9842271,low supply + peak hour,0.3349,low,12.2083,0.1425,low,watchlist,Heuristic baseline policy recommends watchlist monitoring because signals are elevated but not yet acute.,0.2944,moderate,1,9.6972,monitor,Selected monitor because it maximized deterministic net value under current constraints.,0.0,0.0,30.0,[]
18,Kallang,Central,2026-04-18 11:00:00+08:00,0.8134,0.8134,high,23,-0.71428573,1.7413249,normal conditions,0.1223,low,12.2083,0.04,low,intervention,Heuristic baseline policy recommends intervention because depletion risk or imbalance is already high.,0.3397,moderate,2,9.6972,monitor,Selected monitor because it maximized deterministic net value under current constraints.,0.0,0.0,30.0,[]
18,Kallang,Central,2026-04-19 10:00:00+08:00,0.9842,0.9842,high,25,-1.6,2.0833333,normal conditions,0.2238,low,11.0,0.0684,low,intervention,Heuristic baseline policy recommends intervention because depletion risk or imbalance is already high.,0.4452,moderate,1,9.6972,monitor,Selected monitor because it maximized deterministic net value under current constraints.,0.0,0.0,30.0,[]
18,Kallang,Central,2026-04-20 01:00:00+08:00,0.503,0.503,medium,18,-0.46153846,1.8,low supply,0.0152,low,9.0,0.0049,low,watchlist,Heuristic baseline policy recommends watchlist monitoring because signals are elevated but not yet acute.,0.1829,low,0,9.6972,monitor,Selected monitor because it maximized deterministic net value under current constraints.,0.0,0.0,30.0,[]
18,Kallang,Central,2026-04-20 09:00:00+08:00,0.4414,0.4414,medium,14,-1.1428572,1.0769231,low supply + peak hour,0.3149,low,12.0,0.1278,low,watchlist,Heuristic baseline policy recommends watchlist monitoring because signals are elevated but not yet acute.,0.2962,moderate,3,9.6972,monitor,Selected monitor because it maximized deterministic net value under current constraints.,0.0,0.0,30.0,[]
18,Kallang,Central,2026-04-20 10:00:00+08:00,0.9378,0.9378,high,20,-0.4,1.5384616,normal conditions,0.2038,low,12.0,0.0701,low,intervention,Heuristic baseline policy recommends intervention because depletion risk or imbalance is already high.,0.4199,moderate,4,9.6972,monitor,Selected monitor because it maximized deterministic net value under current constraints.,0.0,0.0,30.0,[]
18,Kallang,Central,2026-04-20 11:00:00+08:00,0.4839,0.4839,medium,17,0.14285715,1.7,low supply,0.1023,low,9.0,0.0335,low,watchlist,Heuristic baseline policy recommends watchlist monitoring because signals are elevated but not yet acute.,0.2154,low,0,9.6972,monitor,Selected monitor because it maximized deterministic net value under current constraints.,0.0,0.0,30.0,[]
18,Kallang,Central,2026-04-21 23:00:00+08:00,0.6115,0.6115,medium,11,-2.0,1.0,low supply,0.0304,low,10.0,0.0127,low,watchlist,Heuristic baseline policy recommends watchlist monitoring because signals are elevated but not yet acute.,0.2277,low,0,9.6972,monitor,Selected monitor because it maximized deterministic net value under current constraints.,0.0,0.0,30.0,[]
18,Kallang,Central,2026-04-22 00:00:00+08:00,0.4925,0.4925,medium,14,-0.25,1.5555556,low supply,0.015,low,8.0,0.0051,low,watchlist,Heuristic baseline policy recommends watchlist monitoring because signals are elevated but not yet acute.,0.1791,low,0,9.6972,monitor,Selected monitor because it maximized deterministic net value under current constraints.,0.0,0.0,30.0,[]
18,Kallang,Central,2026-04-22 03:00:00+08:00,0.6136,0.6136,medium,14,0.0,2.0,low supply,0.0224,low,6.0,0.0068,low,watchlist,Heuristic baseline policy recommends watchlist monitoring because signals are elevated but not yet acute.,0.2248,low,0,9.6972,monitor,Selected monitor because it maximized deterministic net value under current constraints.,0.0,0.0,30.0,[]
18,Kallang,Central,2026-04-22 10:00:00+08:00,0.6712,0.6712,medium,19,-1.8571428,0.9047619,low supply,0.2038,low,20.0,0.1022,low,watchlist,Heuristic baseline policy recommends watchlist monitoring because signals are elevated but not yet acute.,0.3366,moderate,2,9.6972,monitor,Selected monitor because it maximized deterministic net value under current constraints.,0.0,0.0,30.0,[]
18,Kallang,Central,2026-04-22 12:00:00+08:00,0.55,0.55,medium,18,-0.9,1.2,low supply,0.0446,low,14.0,0.0172,low,watchlist,Heuristic baseline policy recommends watchlist monitoring because signals are elevated but not yet acute.,0.2126,low,0,9.6972,monitor,Selected monitor because it maximized deterministic net value under current constraints.,0.0,0.0,30.0,[]
18,Kallang,Central,2026-04-23 11:00:00+08:00,0.5282,0.5282,medium,20,-1.1,1.1111112,normal conditions,0.1023,low,17.0,0.0413,low,watchlist,Heuristic baseline policy recommends watchlist monitoring because signals are elevated but not yet acute.,0.2309,low,0,9.6972,monitor,Selected monitor because it maximized deterministic net value under current constraints.,0.0,0.0,30.0,[]
18,Kallang,Central,2026-04-24 11:00:00+08:00,0.4372,0.4372,medium,12,0.23529412,1.2,low supply,0.1023,low,9.0,0.0389,low,watchlist,Heuristic baseline policy recommends watchlist monitoring because signals are elevated but not yet acute.,0.1991,low,0,9.6972,monitor,Selected monitor because it maximized deterministic net value under current constraints.,0.0,0.0,30.0,[]
18,Kallang,Central,2026-04-25 08:00:00+08:00,0.6376,0.6376,medium,11,0.14285715,1.1,low supply + peak hour,0.385,low,9.0,0.1526,low,watchlist,Heuristic baseline policy recommends watchlist monitoring because signals are elevated but not yet acute.,0.3964,moderate,1,9.6972,monitor,Selected monitor because it maximized deterministic net value under current constraints.,0.0,0.0,30.0,[]
18,Kallang,Central,2026-04-26 04:00:00+08:00,0.5897,0.5897,medium,12,0.23529412,1.0,low supply,0.0646,low,11.0,0.0271,low,watchlist,Heuristic baseline policy recommends watchlist monitoring because signals are elevated but not yet acute.,0.2355,low,0,9.6972,monitor,Selected monitor because it maximized deterministic net value under current constraints.,0.0,0.0,30.0,[]
18,Kallang,Central,2026-04-26 11:00:00+08:00,0.4902,0.4902,medium,19,-0.53846157,1.3571428,low supply,0.1223,low,13.0,0.0445,low,watchlist,Heuristic baseline policy recommends watchlist monitoring because signals are elevated but not yet acute.,0.2266,low,0,9.6972,monitor,Selected monitor because it maximized deterministic net value under current constraints.,0.0,0.0,30.0,[]
18,Kallang,Central,2026-04-27 10:00:00+08:00,0.9772,0.9772,high,22,-0.9166667,2.0,normal conditions,0.2038,low,10.0,0.063,low,intervention,Heuristic baseline policy recommends intervention because depletion risk or imbalance is already high.,0.4337,moderate,1,9.6972,monitor,Selected monitor because it maximized deterministic net value under current constraints.,0.0,0.0,30.0,[]
18,Kallang,Central,2026-04-28 07:00:00+08:00,0.4127,0.4127,medium,12,0.1875,1.0909091,low supply + peak hour,0.3149,low,10.0,0.126,low,watchlist,Heuristic baseline policy recommends watchlist monitoring because signals are elevated but not yet acute.,0.2862,moderate,1,9.6972,monitor,Selected monitor because it maximized deterministic net value under current constraints.,0.0,0.0,30.0,[]
18,Kallang,Central,2026-04-29 02:00:00+08:00,0.6525,0.6525,medium,15,-1.2857143,1.1538461,low supply,0.0164,low,12.0,0.0064,low,watchlist,Heuristic baseline policy recommends watchlist monitoring because signals are elevated but not yet acute.,0.2358,low,0,9.6972,monitor,Selected monitor because it maximized deterministic net value under current constraints.,0.0,0.0,30.0,[]
18,Kallang,Central,2026-04-29 10:00:00+08:00,0.9886,0.9886,high,20,-2.0,1.8181819,normal conditions,0.2038,low,10.0,0.0652,low,intervention,Heuristic baseline policy recommends intervention because depletion risk or imbalance is already high.,0.4377,moderate,2,9.6972,monitor,Selected monitor because it maximized deterministic net value under current constraints.,0.0,0.0,30.0,[]
18,Kallang,Central,2026-04-30 02:00:00+08:00,0.9574,0.9574,high,22,-0.9166667,1.8333334,normal conditions,0.0164,low,11.0,0.0052,low,intervention,Heuristic baseline policy recommends intervention because depletion risk or imbalance is already high.,0.3425,moderate,1,9.6972,monitor,Selected monitor because it maximized deterministic net value under current constraints.,0.0,0.0,30.0,[]
18,Kallang,Central,2026-04-30 03:00:00+08:00,0.5036,0.5036,medium,17,0.2173913,1.2142857,low supply,0.0224,low,13.0,0.0086,low,watchlist,Heuristic baseline policy recommends watchlist monitoring because signals are elevated but not yet acute.,0.1863,low,0,9.6972,monitor,Selected monitor because it maximized deterministic net value under current constraints.,0.0,0.0,30.0,[]
18,Kallang,Central,2026-04-30 10:00:00+08:00,0.7937,0.7937,high,19,-1.0,1.2666667,low supply,0.2038,low,14.0,0.0768,low,intervention,Heuristic baseline policy recommends intervention because depletion risk or imbalance is already high.,0.3695,moderate,1,9.6972,monitor,Selected monitor because it maximized deterministic net value under current constraints.,0.0,0.0,30.0,[]
18,Kallang,Central,2026-04-30 11:00:00+08:00,0.5452,0.5452,medium,17,0.1,1.2142857,low supply,0.1023,low,13.0,0.0392,low,watchlist,Heuristic baseline policy recommends watchlist monitoring because signals are elevated but not yet acute.,0.2369,low,0,9.6972,monitor,Selected monitor because it maximized deterministic net value under current constraints.,0.0,0.0,30.0,[]
18,Kallang,Central,2026-05-01 10:00:00+08:00,0.488,0.488,medium,9,-2.0,0.42857143,critically low supply + below yesterday baseline + public holiday,0.2038,low,20.0,0.2595,low,watchlist,Heuristic baseline policy recommends watchlist monitoring because signals are elevated but not yet acute.,0.3725,moderate,2,9.6972,monitor,Selected monitor because it maximized deterministic net value under current constraints.,0.0,0.0,30.0,[]
18,Kallang,Central,2026-05-02 06:00:00+08:00,0.8673,0.8673,high,19,-1.2222222,1.3571428,low supply,0.2238,low,13.0,0.0815,low,intervention,Heuristic baseline policy recommends intervention because depletion risk or imbalance is already high.,0.4043,moderate,1,9.6972,monitor,Selected monitor because it maximized deterministic net value under current constraints.,0.0,0.0,30.0,[]
18,Kallang,Central,2026-05-02 13:00:00+08:00,0.63,0.63,medium,16,0.0,1.6,low supply,0.0504,low,9.0,0.0169,low,watchlist,Heuristic baseline policy recommends watchlist monitoring because signals are elevated but not yet acute.,0.2432,low,0,9.6972,monitor,Selected monitor because it maximized deterministic net value under current constraints.,0.0,0.0,30.0,[]
19,Lim Chu Kang,North,2026-04-16 10:00:00+08:00,0.9816,0.9816,high,3,-2.0,2.9058297,critically low supply,0.2038,low,0.0324,0.0571,low,intervention,Heuristic baseline policy recommends intervention because depletion risk or imbalance is already high.,0.4353,moderate,1,0.7,monitor,Selected monitor because it maximized deterministic net value under current constraints.,0.0,0.0,30.0,[]
19,Lim Chu Kang,North,2026-04-19 10:00:00+08:00,0.7934,0.7934,high,1,-1.0,1.0,critically low supply,0.2238,low,0.0,0.0985,low,intervention,Heuristic baseline policy recommends intervention because depletion risk or imbalance is already high.,0.3784,moderate,3,0.7,monitor,Selected monitor because it maximized deterministic net value under current constraints.,0.0,0.0,30.0,[]
19,Lim Chu Kang,North,2026-04-23 07:00:00+08:00,0.4641,0.4641,medium,1,-1.0,1.0,critically low supply + peak hour,0.3149,low,0.0,0.1386,low,watchlist,Heuristic baseline policy recommends watchlist monitoring because signals are elevated but not yet acute.,0.3041,moderate,1,0.7,monitor,Selected monitor because it maximized deterministic net value under current constraints.,0.0,0.0,30.0,[]
19,Lim Chu Kang,North,2026-04-25 11:00:00+08:00,0.5277,0.5277,medium,1,-1.0,1.0,critically low supply,0.1223,low,0.0,0.0538,low,watchlist,Heuristic baseline policy recommends watchlist monitoring because signals are elevated but not yet acute.,0.2397,low,0,0.7,monitor,Selected monitor because it maximized deterministic net value under current constraints.,0.0,0.0,30.0,[]
19,Lim Chu Kang,North,2026-05-01 07:00:00+08:00,0.4435,0.4435,medium,1,-1.0,1.0,critically low supply + peak hour + public holiday,0.3149,low,0.0,0.1386,low,watchlist,Heuristic baseline policy recommends watchlist monitoring because signals are elevated but not yet acute.,0.2969,moderate,2,0.7,monitor,Selected monitor because it maximized deterministic net value under current constraints.,0.0,0.0,30.0,[]
20,Mandai,North,2026-04-16 02:00:00+08:00,0.8189,0.8189,high,7,-0.99791014,1.7439446,critically low supply,0.0699,low,3.0139,0.0212,low,intervention,Heuristic baseline policy recommends intervention because depletion risk or imbalance is already high.,0.3181,moderate,1,0.7,monitor,Selected monitor because it maximized deterministic net value under current constraints.,0.0,0.0,30.0,[]
20,Mandai,North,2026-04-16 10:00:00+08:00,0.9901,0.9901,high,22,-1.875,5.0,normal conditions,0.2574,low,3.0139,0.0599,low,intervention,Heuristic baseline policy recommends intervention because depletion risk or imbalance is already high.,0.4624,moderate,2,0.7,monitor,Selected monitor because it maximized deterministic net value under current constraints.,0.0,0.0,30.0,[]
20,Mandai,North,2026-04-17 12:00:00+08:00,0.7429,0.7429,high,2,0.0,0.4982699,critically low supply + below yesterday baseline,0.0982,low,3.0139,0.1224,low,watchlist,Heuristic baseline policy recommends watchlist monitoring because signals are elevated but not yet acute.,0.3715,moderate,1,0.7,monitor,Selected monitor because it maximized deterministic net value under current constraints.,0.0,0.0,30.0,[]
20,Mandai,North,2026-04-17 14:00:00+08:00,0.7905,0.7905,high,2,-0.5,0.4982699,critically low supply + below yesterday baseline,0.1159,low,3.0139,0.1324,low,intervention,Heuristic baseline policy recommends intervention because depletion risk or imbalance is already high.,0.3961,moderate,3,0.7,monitor,Selected monitor because it maximized deterministic net value under current constraints.,0.0,0.0,30.0,[]
20,Mandai,North,2026-04-17 16:00:00+08:00,0.4718,0.4718,medium,2,-0.5,0.4982699,critically low supply + below yesterday baseline,0.2809,low,3.0139,0.2251,low,watchlist,Heuristic baseline policy recommends watchlist monitoring because signals are elevated but not yet acute.,0.3588,moderate,5,0.7,monitor,Selected monitor because it maximized deterministic net value under current constraints.,0.0,0.0,30.0,[]
20,Mandai,North,2026-04-17 20:00:00+08:00,0.4033,0.4033,medium,6,-0.75,1.4948097,critically low supply + peak hour,0.2809,low,3.0139,0.09,low,watchlist,Heuristic baseline policy recommends watchlist monitoring because signals are elevated but not yet acute.,0.2676,moderate,2,0.7,monitor,Selected monitor because it maximized deterministic net value under current constraints.,0.0,0.0,30.0,[]
20,Mandai,North,2026-04-17 21:00:00+08:00,0.5443,0.5443,medium,7,-0.14285715,1.7439446,critically low supply,0.1822,low,3.0139,0.0553,low,watchlist,Heuristic baseline policy recommends watchlist monitoring because signals are elevated but not yet acute.,0.2725,moderate,3,0.7,monitor,Selected monitor because it maximized deterministic net value under current constraints.,0.0,0.0,30.0,[]
20,Mandai,North,2026-04-18 09:00:00+08:00,0.5548,0.5548,medium,2,0.0,0.4982699,critically low supply + below yesterday baseline + peak hour,0.3885,low,3.0139,0.2855,low,watchlist,Heuristic baseline policy recommends watchlist monitoring because signals are elevated but not yet acute.,0.4363,moderate,1,0.7,monitor,Selected monitor because it maximized deterministic net value under current constraints.,0.0,0.0,30.0,[]
20,Mandai,North,2026-04-18 13:00:00+08:00,0.4136,0.4136,medium,2,0.0,0.25,critically low supply + below yesterday baseline,0.1039,low,7.0,0.2509,low,watchlist,Heuristic baseline policy recommends watchlist monitoring because signals are elevated but not yet acute.,0.3344,moderate,1,0.7,monitor,Selected monitor because it maximized deterministic net value under current constraints.,0.0,0.0,30.0,[]
20,Mandai,North,2026-04-18 14:00:00+08:00,0.6947,0.6947,medium,2,0.0,0.08695652,critically low supply + below yesterday baseline,0.1359,low,22.0,0.5678,medium,watchlist,Heuristic baseline policy recommends watchlist monitoring because signals are elevated but not yet acute.,0.4861,moderate,2,0.7,monitor,Selected monitor because it maximized deterministic net value under current constraints.,0.0,0.0,30.0,[]
20,Mandai,North,2026-04-18 15:00:00+08:00,0.6875,0.6875,medium,3,-0.33333334,1.0,critically low supply,0.2022,low,2.0,0.0728,low,watchlist,Heuristic baseline policy recommends watchlist monitoring because signals are elevated but not yet acute.,0.3316,moderate,3,0.7,monitor,Selected monitor because it maximized deterministic net value under current constraints.,0.0,0.0,30.0,[]
20,Mandai,North,2026-04-18 21:00:00+08:00,0.7064,0.7064,high,10,-1.2,3.3333333,low supply,0.2022,low,2.0,0.0501,low,watchlist,Heuristic baseline policy recommends watchlist monitoring because signals are elevated but not yet acute.,0.3382,moderate,2,0.7,monitor,Selected monitor because it maximized deterministic net value under current constraints.,0.0,0.0,30.0,[]
20,Mandai,North,2026-04-19 03:00:00+08:00,0.5449,0.5449,medium,3,-0.33333334,0.75,critically low supply,0.096,low,3.0,0.0422,low,watchlist,Heuristic baseline policy recommends watchlist monitoring because signals are elevated but not yet acute.,0.2339,low,0,0.7,monitor,Selected monitor because it maximized deterministic net value under current constraints.,0.0,0.0,30.0,[]
20,Mandai,North,2026-04-19 04:00:00+08:00,0.5017,0.5017,medium,3,0.0,0.42857143,critically low supply + below yesterday baseline,0.1182,low,6.0,0.1804,low,watchlist,Heuristic baseline policy recommends watchlist monitoring because signals are elevated but not yet acute.,0.3288,moderate,1,0.7,monitor,Selected monitor because it maximized deterministic net value under current constraints.,0.0,0.0,30.0,[]
20,Mandai,North,2026-04-19 10:00:00+08:00,0.5806,0.5806,medium,3,-1.0,0.5,critically low supply + below yesterday baseline,0.2774,low,5.0,0.2464,low,watchlist,Heuristic baseline policy recommends watchlist monitoring because signals are elevated but not yet acute.,0.408,moderate,4,0.7,monitor,Selected monitor because it maximized deterministic net value under current constraints.,0.0,0.0,30.0,[]
20,Mandai,North,2026-04-19 16:00:00+08:00,0.4616,0.4616,medium,3,-1.0,1.0,critically low supply,0.3009,low,2.0,0.1083,low,watchlist,Heuristic baseline policy recommends watchlist monitoring because signals are elevated but not yet acute.,0.297,moderate,2,0.7,monitor,Selected monitor because it maximized deterministic net value under current constraints.,0.0,0.0,30.0,[]
20,Mandai,North,2026-04-19 17:00:00+08:00,0.425,0.425,medium,5,-0.5,1.6666666,critically low supply + peak hour,0.3974,low,2.0,0.1176,low,watchlist,Heuristic baseline policy recommends watchlist monitoring because signals are elevated but not yet acute.,0.3276,moderate,3,0.7,monitor,Selected monitor because it maximized deterministic net value under current constraints.,0.0,0.0,30.0,[]
20,Mandai,North,2026-04-20 02:00:00+08:00,0.4567,0.4567,medium,2,0.0,0.18181819,sustained depletion + critically low supply + below yesterday baseline,0.0699,low,10.0,0.2579,low,watchlist,Heuristic baseline policy recommends watchlist monitoring because signals are elevated but not yet acute.,0.3513,moderate,1,0.7,monitor,Selected monitor because it maximized deterministic net value under current constraints.,0.0,0.0,30.0,[]
20,Mandai,North,2026-04-20 05:00:00+08:00,0.5644,0.5644,medium,1,0.0,0.33333334,critically low supply + below yesterday baseline,0.1558,low,2.0,0.2059,low,watchlist,Heuristic baseline policy recommends watchlist monitoring because signals are elevated but not yet acute.,0.3676,moderate,1,0.7,monitor,Selected monitor because it maximized deterministic net value under current constraints.,0.0,0.0,30.0,[]
20,Mandai,North,2026-04-20 08:00:00+08:00,0.902,0.902,high,2,-0.5,0.5,critically low supply + below yesterday baseline + peak hour,0.4186,medium,3.0,0.3011,low,intervention,Heuristic baseline policy recommends intervention because depletion risk or imbalance is already high.,0.5707,high,4,0.7,driver_comms,Selected driver_comms because it maximized deterministic net value under current constraints.,0.1,0.0114,30.0,[]
20,Mandai,North,2026-04-20 09:00:00+08:00,0.4082,0.4082,medium,1,0.33333334,0.25,rapid depletion + critically low supply + below yesterday baseline + peak hour,0.3685,low,3.0,0.4724,medium,watchlist,Heuristic baseline policy recommends watchlist monitoring because signals are elevated but not yet acute.,0.442,moderate,5,0.7,monitor,Selected monitor because it maximized deterministic net value under current constraints.,0.0,0.0,30.0,[]
20,Mandai,North,2026-04-20 10:00:00+08:00,0.4071,0.4071,medium,1,0.0,0.5,critically low supply + below yesterday baseline,0.2574,low,1.0,0.1133,low,watchlist,Heuristic baseline policy recommends watchlist monitoring because signals are elevated but not yet acute.,0.2583,moderate,6,0.7,monitor,Selected monitor because it maximized deterministic net value under current constraints.,0.0,0.0,30.0,[]
20,Mandai,North,2026-04-20 13:00:00+08:00,0.6104,0.6104,medium,2,-0.5,0.6666667,critically low supply + below yesterday baseline,0.0839,low,2.0,0.0369,low,watchlist,Heuristic baseline policy recommends watchlist monitoring because signals are elevated but not yet acute.,0.2514,moderate,2,0.7,monitor,Selected monitor because it maximized deterministic net value under current constraints.,0.0,0.0,30.0,[]
20,Mandai,North,2026-04-20 14:00:00+08:00,0.6632,0.6632,medium,4,-0.6666667,2.0,critically low supply,0.1159,low,1.0,0.0301,low,watchlist,Heuristic baseline policy recommends watchlist monitoring because signals are elevated but not yet acute.,0.2843,moderate,3,0.7,monitor,Selected monitor because it maximized deterministic net value under current constraints.,0.0,0.0,30.0,[]
20,Mandai,North,2026-04-20 15:00:00+08:00,0.6897,0.6897,medium,4,0.0,2.0,critically low supply,0.1822,low,1.0,0.0474,low,watchlist,Heuristic baseline policy recommends watchlist monitoring because signals are elevated but not yet acute.,0.3234,moderate,4,0.7,monitor,Selected monitor because it maximized deterministic net value under current constraints.,0.0,0.0,30.0,[]
20,Mandai,North,2026-04-20 17:00:00+08:00,0.4745,0.4745,medium,6,-0.4,1.5,critically low supply + peak hour,0.3774,low,3.0,0.1208,low,watchlist,Heuristic baseline policy recommends watchlist monitoring because signals are elevated but not yet acute.,0.3359,moderate,5,0.7,monitor,Selected monitor because it maximized deterministic net value under current constraints.,0.0,0.0,30.0,[]
20,Mandai,North,2026-04-21 23:00:00+08:00,0.6088,0.6088,medium,5,-0.5,5.0,critically low supply,0.0839,low,0.0,0.0369,low,watchlist,Heuristic baseline policy recommends watchlist monitoring because signals are elevated but not yet acute.,0.2508,moderate,2,0.7,monitor,Selected monitor because it maximized deterministic net value under current constraints.,0.0,0.0,30.0,[]
20,Mandai,North,2026-04-22 00:00:00+08:00,0.5874,0.5874,medium,6,-0.16666667,3.0,critically low supply,0.0686,low,1.0,0.0165,low,watchlist,Heuristic baseline policy recommends watchlist monitoring because signals are elevated but not yet acute.,0.2365,low,0,0.7,monitor,Selected monitor because it maximized deterministic net value under current constraints.,0.0,0.0,30.0,[]
20,Mandai,North,2026-04-22 10:00:00+08:00,0.8043,0.8043,high,2,0.0,1.0,sustained depletion + critically low supply,0.2574,low,1.0,0.0824,low,intervention,Heuristic baseline policy recommends intervention because depletion risk or imbalance is already high.,0.3973,moderate,2,0.7,monitor,Selected monitor because it maximized deterministic net value under current constraints.,0.0,0.0,30.0,[]
20,Mandai,North,2026-04-22 13:00:00+08:00,0.4231,0.4231,medium,1,-1.0,0.33333334,critically low supply + below yesterday baseline,0.0839,low,2.0,0.1571,low,watchlist,Heuristic baseline policy recommends watchlist monitoring because signals are elevated but not yet acute.,0.2858,moderate,5,0.7,monitor,Selected monitor because it maximized deterministic net value under current constraints.,0.0,0.0,30.0,[]
20,Mandai,North,2026-04-22 14:00:00+08:00,0.7612,0.7612,high,3,-1.0,0.6,critically low supply + below yesterday baseline,0.1159,low,4.0,0.1103,low,intervention,Heuristic baseline policy recommends intervention because depletion risk or imbalance is already high.,0.3686,moderate,6,0.7,monitor,Selected monitor because it maximized deterministic net value under current constraints.,0.0,0.0,30.0,[]
20,Mandai,North,2026-04-22 15:00:00+08:00,0.6743,0.6743,medium,3,0.0,0.6,critically low supply + below yesterday baseline,0.1822,low,4.0,0.1447,low,watchlist,Heuristic baseline policy recommends watchlist monitoring because signals are elevated but not yet acute.,0.368,moderate,7,0.7,monitor,Selected monitor because it maximized deterministic net value under current constraints.,0.0,0.0,30.0,[]
20,Mandai,North,2026-04-22 16:00:00+08:00,0.4337,0.4337,medium,6,-0.75,0.85714287,critically low supply,0.2809,low,6.0,0.1236,low,watchlist,Heuristic baseline policy recommends watchlist monitoring because signals are elevated but not yet acute.,0.2782,moderate,8,0.7,monitor,Selected monitor because it maximized deterministic net value under current constraints.,0.0,0.0,30.0,[]
20,Mandai,North,2026-04-23 11:00:00+08:00,0.8804,0.8804,high,1,0.0,0.33333334,sustained depletion + critically low supply + below yesterday baseline,0.1558,low,2.0,0.2059,low,intervention,Heuristic baseline policy recommends intervention because depletion risk or imbalance is already high.,0.4782,moderate,2,0.7,monitor,Selected monitor because it maximized deterministic net value under current constraints.,0.0,0.0,30.0,[]
20,Mandai,North,2026-04-23 15:00:00+08:00,0.771,0.771,high,3,-1.0,1.5,critically low supply,0.1822,low,1.0,0.051,low,intervention,Heuristic baseline policy recommends intervention because depletion risk or imbalance is already high.,0.3518,moderate,3,0.7,monitor,Selected monitor because it maximized deterministic net value under current constraints.,0.0,0.0,30.0,[]
20,Mandai,North,2026-04-23 16:00:00+08:00,0.4659,0.4659,medium,5,-0.5,1.25,critically low supply,0.2809,low,3.0,0.0966,low,watchlist,Heuristic baseline policy recommends watchlist monitoring because signals are elevated but not yet acute.,0.2895,moderate,4,0.7,monitor,Selected monitor because it maximized deterministic net value under current constraints.,0.0,0.0,30.0,[]
20,Mandai,North,2026-04-24 10:00:00+08:00,0.6785,0.6785,medium,2,0.0,0.6666667,sustained depletion + critically low supply + below yesterday baseline,0.2574,low,2.0,0.1133,low,watchlist,Heuristic baseline policy recommends watchlist monitoring because signals are elevated but not yet acute.,0.3533,moderate,1,0.7,monitor,Selected monitor because it maximized deterministic net value under current constraints.,0.0,0.0,30.0,[]
20,Mandai,North,2026-04-24 12:00:00+08:00,0.783,0.783,high,1,0.0,1.0,critically low supply,0.0982,low,0.0,0.0432,low,intervention,Heuristic baseline policy recommends intervention because depletion risk or imbalance is already high.,0.3182,moderate,1,0.7,monitor,Selected monitor because it maximized deterministic net value under current constraints.,0.0,0.0,30.0,[]
20,Mandai,North,2026-04-24 14:00:00+08:00,0.707,0.707,high,2,-0.5,1.0,critically low supply,0.1159,low,1.0,0.0371,low,watchlist,Heuristic baseline policy recommends watchlist monitoring because signals are elevated but not yet acute.,0.2996,moderate,2,0.7,monitor,Selected monitor because it maximized deterministic net value under current constraints.,0.0,0.0,30.0,[]
20,Mandai,North,2026-04-24 15:00:00+08:00,0.4674,0.4674,medium,3,-0.33333334,0.75,critically low supply,0.1822,low,3.0,0.0802,low,watchlist,Heuristic baseline policy recommends watchlist monitoring because signals are elevated but not yet acute.,0.2456,low,0,0.7,monitor,Selected monitor because it maximized deterministic net value under current constraints.,0.0,0.0,30.0,[]
20,Mandai,North,2026-04-24 16:00:00+08:00,0.5151,0.5151,medium,3,0.0,0.75,critically low supply,0.2809,low,3.0,0.1236,low,watchlist,Heuristic baseline policy recommends watchlist monitoring because signals are elevated but not yet acute.,0.3067,moderate,1,0.7,monitor,Selected monitor because it maximized deterministic net value under current constraints.,0.0,0.0,30.0,[]
20,Mandai,North,2026-04-24 18:00:00+08:00,0.5341,0.5341,medium,4,0.0,0.6666667,critically low supply + below yesterday baseline + peak hour,0.4186,medium,5.0,0.2493,low,watchlist,Heuristic baseline policy recommends watchlist monitoring because signals are elevated but not yet acute.,0.4153,moderate,3,0.7,monitor,Selected monitor because it maximized deterministic net value under current constraints.,0.0,0.0,30.0,[]
20,Mandai,North,2026-04-24 21:00:00+08:00,0.4422,0.4422,medium,5,-1.0,1.0,critically low supply,0.1822,low,4.0,0.0714,low,watchlist,Heuristic baseline policy recommends watchlist monitoring because signals are elevated but not yet acute.,0.2368,low,0,0.7,monitor,Selected monitor because it maximized deterministic net value under current constraints.,0.0,0.0,30.0,[]
20,Mandai,North,2026-04-24 22:00:00+08:00,0.4421,0.4421,medium,6,-0.16666667,0.75,critically low supply,0.1159,low,7.0,0.0842,low,watchlist,Heuristic baseline policy recommends watchlist monitoring because signals are elevated but not yet acute.,0.2355,low,0,0.7,monitor,Selected monitor because it maximized deterministic net value under current constraints.,0.0,0.0,30.0,[]
20,Mandai,North,2026-04-25 08:00:00+08:00,0.6919,0.6919,medium,4,-0.6666667,2.0,critically low supply + peak hour,0.4386,medium,1.0,0.114,low,watchlist,Heuristic baseline policy recommends watchlist monitoring because signals are elevated but not yet acute.,0.4395,moderate,1,0.7,monitor,Selected monitor because it maximized deterministic net value under current constraints.,0.0,0.0,30.0,[]
20,Mandai,North,2026-04-25 09:00:00+08:00,0.7596,0.7596,high,2,0.4,1.0,rapid depletion + sustained depletion + critically low supply + peak hour,0.3885,low,1.0,0.1243,low,intervention,Heuristic baseline policy recommends intervention because depletion risk or imbalance is already high.,0.4407,moderate,2,0.7,monitor,Selected monitor because it maximized deterministic net value under current constraints.,0.0,0.0,30.0,[]
20,Mandai,North,2026-04-25 11:00:00+08:00,0.8204,0.8204,high,1,0.0,0.16666667,sustained depletion + critically low supply + below yesterday baseline,0.1758,low,5.0,0.4061,medium,intervention,Heuristic baseline policy recommends intervention because depletion risk or imbalance is already high.,0.5262,moderate,4,0.7,monitor,Selected monitor because it maximized deterministic net value under current constraints.,0.0,0.0,30.0,[]
20,Mandai,North,2026-04-25 12:00:00+08:00,0.4358,0.4358,medium,1,0.0,0.5,critically low supply + below yesterday baseline,0.1182,low,1.0,0.052,low,watchlist,Heuristic baseline policy recommends watchlist monitoring because signals are elevated but not yet acute.,0.2057,low,0,0.7,monitor,Selected monitor because it maximized deterministic net value under current constraints.,0.0,0.0,30.0,[]
20,Mandai,North,2026-04-25 14:00:00+08:00,0.4562,0.4562,medium,1,-1.0,0.2,critically low supply + below yesterday baseline,0.1359,low,4.0,0.3076,low,watchlist,Heuristic baseline policy recommends watchlist monitoring because signals are elevated but not yet acute.,0.3708,moderate,2,0.7,monitor,Selected monitor because it maximized deterministic net value under current constraints.,0.0,0.0,30.0,[]
20,Mandai,North,2026-04-25 15:00:00+08:00,0.7964,0.7964,high,4,-1.5,0.6666667,critically low supply + below yesterday baseline,0.2022,low,5.0,0.1411,low,intervention,Heuristic baseline policy recommends intervention because depletion risk or imbalance is already high.,0.4097,moderate,3,0.7,monitor,Selected monitor because it maximized deterministic net value under current constraints.,0.0,0.0,30.0,[]
20,Mandai,North,2026-04-25 16:00:00+08:00,0.4527,0.4527,medium,5,-0.2,1.6666666,critically low supply,0.3009,low,2.0,0.0891,low,watchlist,Heuristic baseline policy recommends watchlist monitoring because signals are elevated but not yet acute.,0.2939,moderate,4,0.7,monitor,Selected monitor because it maximized deterministic net value under current constraints.,0.0,0.0,30.0,[]
20,Mandai,North,2026-04-26 15:00:00+08:00,0.686,0.686,medium,2,-2.0,0.2857143,critically low supply + below yesterday baseline,0.2022,low,6.0,0.3194,low,watchlist,Heuristic baseline policy recommends watchlist monitoring because signals are elevated but not yet acute.,0.4644,moderate,3,0.7,monitor,Selected monitor because it maximized deterministic net value under current constraints.,0.0,0.0,30.0,[]
20,Mandai,North,2026-04-26 16:00:00+08:00,0.7369,0.7369,high,3,-0.33333334,1.0,critically low supply,0.3009,low,2.0,0.1083,low,watchlist,Heuristic baseline policy recommends watchlist monitoring because signals are elevated but not yet acute.,0.3933,moderate,4,0.7,monitor,Selected monitor because it maximized deterministic net value under current constraints.,0.0,0.0,30.0,[]
20,Mandai,North,2026-04-26 20:00:00+08:00,0.6211,0.6211,medium,8,-0.8,4.0,critically low supply + peak hour,0.3009,low,1.0,0.0692,low,watchlist,Heuristic baseline policy recommends watchlist monitoring because signals are elevated but not yet acute.,0.3528,moderate,3,0.7,monitor,Selected monitor because it maximized deterministic net value under current constraints.,0.0,0.0,30.0,[]
20,Mandai,North,2026-04-27 15:00:00+08:00,0.672,0.672,medium,3,-2.0,0.6,critically low supply + below yesterday baseline,0.1822,low,4.0,0.1447,low,watchlist,Heuristic baseline policy recommends watchlist monitoring because signals are elevated but not yet acute.,0.3672,moderate,3,0.7,monitor,Selected monitor because it maximized deterministic net value under current constraints.,0.0,0.0,30.0,[]
20,Mandai,North,2026-04-27 16:00:00+08:00,0.5007,0.5007,medium,2,0.25,0.4,critically low supply + below yesterday baseline,0.2809,low,4.0,0.291,low,watchlist,Heuristic baseline policy recommends watchlist monitoring because signals are elevated but not yet acute.,0.4017,moderate,4,0.7,monitor,Selected monitor because it maximized deterministic net value under current constraints.,0.0,0.0,30.0,[]
20,Mandai,North,2026-04-27 20:00:00+08:00,0.4462,0.4462,medium,4,-0.25,1.0,critically low supply + peak hour,0.2809,low,3.0,0.1067,low,watchlist,Heuristic baseline policy recommends watchlist monitoring because signals are elevated but not yet acute.,0.2826,moderate,8,0.7,monitor,Selected monitor because it maximized deterministic net value under current constraints.,0.0,0.0,30.0,[]
20,Mandai,North,2026-04-27 21:00:00+08:00,0.5241,0.5241,medium,4,0.0,1.0,critically low supply,0.1822,low,3.0,0.0692,low,watchlist,Heuristic baseline policy recommends watchlist monitoring because signals are elevated but not yet acute.,0.2654,moderate,9,0.7,monitor,Selected monitor because it maximized deterministic net value under current constraints.,0.0,0.0,30.0,[]
20,Mandai,North,2026-04-28 05:00:00+08:00,0.6095,0.6095,medium,1,0.0,0.2,sustained depletion + critically low supply + below yesterday baseline,0.1558,low,4.0,0.3307,low,watchlist,Heuristic baseline policy recommends watchlist monitoring because signals are elevated but not yet acute.,0.4334,moderate,1,0.7,monitor,Selected monitor because it maximized deterministic net value under current constraints.,0.0,0.0,30.0,[]
20,Mandai,North,2026-04-28 07:00:00+08:00,0.4684,0.4684,medium,2,-0.5,0.4,critically low supply + below yesterday baseline + peak hour,0.3685,low,4.0,0.3506,low,watchlist,Heuristic baseline policy recommends watchlist monitoring because signals are elevated but not yet acute.,0.4298,moderate,3,0.7,monitor,Selected monitor because it maximized deterministic net value under current constraints.,0.0,0.0,30.0,[]
20,Mandai,North,2026-04-28 09:00:00+08:00,0.5538,0.5538,medium,3,-1.0,0.5,critically low supply + below yesterday baseline + peak hour,0.3685,low,5.0,0.3011,low,watchlist,Heuristic baseline policy recommends watchlist monitoring because signals are elevated but not yet acute.,0.4397,moderate,5,0.7,monitor,Selected monitor because it maximized deterministic net value under current constraints.,0.0,0.0,30.0,[]
20,Mandai,North,2026-04-28 10:00:00+08:00,0.7495,0.7495,high,2,0.25,0.4,critically low supply + below yesterday baseline,0.2574,low,4.0,0.275,low,watchlist,Heuristic baseline policy recommends watchlist monitoring because signals are elevated but not yet acute.,0.4782,moderate,6,0.7,monitor,Selected monitor because it maximized deterministic net value under current constraints.,0.0,0.0,30.0,[]
20,Mandai,North,2026-04-28 17:00:00+08:00,0.8846,0.8846,high,8,-2.0,2.0,critically low supply + peak hour,0.3774,low,3.0,0.1094,low,intervention,Heuristic baseline policy recommends intervention because depletion risk or imbalance is already high.,0.4794,moderate,7,0.7,monitor,Selected monitor because it maximized deterministic net value under current constraints.,0.0,0.0,30.0,[]
20,Mandai,North,2026-04-29 10:00:00+08:00,0.6524,0.6524,medium,3,-0.33333334,0.75,critically low supply,0.2574,low,3.0,0.1133,low,watchlist,Heuristic baseline policy recommends watchlist monitoring because signals are elevated but not yet acute.,0.3442,moderate,2,0.7,monitor,Selected monitor because it maximized deterministic net value under current constraints.,0.0,0.0,30.0,[]
20,Mandai,North,2026-04-29 17:00:00+08:00,0.4691,0.4691,medium,4,-0.25,2.0,critically low supply + peak hour,0.3774,low,1.0,0.0981,low,watchlist,Heuristic baseline policy recommends watchlist monitoring because signals are elevated but not yet acute.,0.334,moderate,3,0.7,monitor,Selected monitor because it maximized deterministic net value under current constraints.,0.0,0.0,30.0,[]
20,Mandai,North,2026-04-30 04:00:00+08:00,0.6189,0.6189,medium,3,-1.0,0.75,critically low supply,0.0982,low,3.0,0.0432,low,watchlist,Heuristic baseline policy recommends watchlist monitoring because signals are elevated but not yet acute.,0.2608,moderate,1,0.7,monitor,Selected monitor because it maximized deterministic net value under current constraints.,0.0,0.0,30.0,[]
20,Mandai,North,2026-04-30 10:00:00+08:00,0.8293,0.8293,high,3,-1.0,1.5,critically low supply,0.2574,low,1.0,0.0721,low,intervention,Heuristic baseline policy recommends intervention because depletion risk or imbalance is already high.,0.4061,moderate,2,0.7,monitor,Selected monitor because it maximized deterministic net value under current constraints.,0.0,0.0,30.0,[]
20,Mandai,North,2026-04-30 17:00:00+08:00,0.4929,0.4929,medium,2,-2.0,0.6666667,critically low supply + below yesterday baseline + peak hour,0.3774,low,2.0,0.1661,low,watchlist,Heuristic baseline policy recommends watchlist monitoring because signals are elevated but not yet acute.,0.3423,moderate,2,0.7,monitor,Selected monitor because it maximized deterministic net value under current constraints.,0.0,0.0,30.0,[]
20,Mandai,North,2026-04-30 23:00:00+08:00,0.9465,0.9465,high,6,-2.0,1.5,critically low supply,0.0839,low,3.0,0.0268,low,intervention,Heuristic baseline policy recommends intervention because depletion risk or imbalance is already high.,0.369,moderate,1,0.7,monitor,Selected monitor because it maximized deterministic net value under current constraints.,0.0,0.0,30.0,[]
20,Mandai,North,2026-05-01 10:00:00+08:00,0.6091,0.6091,medium,2,-0.5,0.5,critically low supply + below yesterday baseline + public holiday,0.2574,low,3.0,0.2108,low,watchlist,Heuristic baseline policy recommends watchlist monitoring because signals are elevated but not yet acute.,0.3957,moderate,2,0.7,monitor,Selected monitor because it maximized deterministic net value under current constraints.,0.0,0.0,30.0,[]
20,Mandai,North,2026-05-01 14:00:00+08:00,0.7014,0.7014,high,2,-0.5,0.33333334,critically low supply + below yesterday baseline + public holiday,0.1159,low,5.0,0.2127,low,watchlist,Heuristic baseline policy recommends watchlist monitoring because signals are elevated but not yet acute.,0.4176,moderate,2,0.7,monitor,Selected monitor because it maximized deterministic net value under current constraints.,0.0,0.0,30.0,[]
20,Mandai,North,2026-05-01 15:00:00+08:00,0.5169,0.5169,medium,2,0.0,0.6666667,critically low supply + below yesterday baseline + public holiday,0.1822,low,2.0,0.0802,low,watchlist,Heuristic baseline policy recommends watchlist monitoring because signals are elevated but not yet acute.,0.2629,moderate,3,0.7,monitor,Selected monitor because it maximized deterministic net value under current constraints.,0.0,0.0,30.0,[]
20,Mandai,North,2026-05-01 16:00:00+08:00,0.607,0.607,medium,3,-0.33333334,0.75,critically low supply + public holiday,0.2809,low,3.0,0.1236,low,watchlist,Heuristic baseline policy recommends watchlist monitoring because signals are elevated but not yet acute.,0.3389,moderate,4,0.7,monitor,Selected monitor because it maximized deterministic net value under current constraints.,0.0,0.0,30.0,[]
20,Mandai,North,2026-05-01 20:00:00+08:00,0.4472,0.4472,medium,5,-0.5,2.5,critically low supply + peak hour + public holiday,0.2809,low,1.0,0.0697,low,watchlist,Heuristic baseline policy recommends watchlist monitoring because signals are elevated but not yet acute.,0.2829,moderate,1,0.7,monitor,Selected monitor because it maximized deterministic net value under current constraints.,0.0,0.0,30.0,[]
20,Mandai,North,2026-05-01 21:00:00+08:00,0.5488,0.5488,medium,4,0.16666667,1.0,critically low supply + public holiday,0.1822,low,3.0,0.0692,low,watchlist,Heuristic baseline policy recommends watchlist monitoring because signals are elevated but not yet acute.,0.2741,moderate,2,0.7,monitor,Selected monitor because it maximized deterministic net value under current constraints.,0.0,0.0,30.0,[]
20,Mandai,North,2026-05-02 04:00:00+08:00,0.6184,0.6184,medium,4,-0.6666667,1.0,critically low supply,0.1182,low,3.0,0.0449,low,watchlist,Heuristic baseline policy recommends watchlist monitoring because signals are elevated but not yet acute.,0.2696,moderate,1,0.7,monitor,Selected monitor because it maximized deterministic net value under current constraints.,0.0,0.0,30.0,[]
20,Mandai,North,2026-05-02 06:00:00+08:00,0.5121,0.5121,medium,2,-2.0,0.33333334,critically low supply + below yesterday baseline,0.2774,low,5.0,0.3419,low,watchlist,Heuristic baseline policy recommends watchlist monitoring because signals are elevated but not yet acute.,0.4241,moderate,3,0.7,monitor,Selected monitor because it maximized deterministic net value under current constraints.,0.0,0.0,30.0,[]
20,Mandai,North,2026-05-02 11:00:00+08:00,0.8935,0.8935,high,5,-2.0,1.6666666,critically low supply,0.1758,low,2.0,0.052,low,intervention,Heuristic baseline policy recommends intervention because depletion risk or imbalance is already high.,0.3918,moderate,5,0.7,monitor,Selected monitor because it maximized deterministic net value under current constraints.,0.0,0.0,30.0,[]
20,Mandai,North,2026-05-02 14:00:00+08:00,0.4206,0.4206,medium,3,-0.33333334,0.75,critically low supply,0.1359,low,3.0,0.0598,low,watchlist,Heuristic baseline policy recommends watchlist monitoring because signals are elevated but not yet acute.,0.2084,low,0,0.7,monitor,Selected monitor because it maximized deterministic net value under current constraints.,0.0,0.0,30.0,[]
20,Mandai,North,2026-05-02 16:00:00+08:00,0.5323,0.5323,medium,2,0.0,1.0,critically low supply,0.3009,low,1.0,0.0963,low,watchlist,Heuristic baseline policy recommends watchlist monitoring because signals are elevated but not yet acute.,0.3217,moderate,1,0.7,monitor,Selected monitor because it maximized deterministic net value under current constraints.,0.0,0.0,30.0,[]
20,Mandai,North,2026-05-02 20:00:00+08:00,0.4772,0.4772,medium,7,-0.6,2.3333333,critically low supply + peak hour,0.3009,low,2.0,0.0808,low,watchlist,Heuristic baseline policy recommends watchlist monitoring because signals are elevated but not yet acute.,0.3024,moderate,3,0.7,monitor,Selected monitor because it maximized deterministic net value under current constraints.,0.0,0.0,30.0,[]
21,Marina East,Central,2026-04-16 10:00:00+08:00,0.9901,0.9901,high,40,-2.0,5.0,normal conditions,0.2038,low,2.1713,0.0434,low,intervention,Heuristic baseline policy recommends intervention because depletion risk or imbalance is already high.,0.4382,moderate,1,3.7591,monitor,Selected monitor because it maximized deterministic net value under current constraints.,0.0,0.0,30.0,[]
21,Marina East,Central,2026-04-17 10:00:00+08:00,0.8644,0.8644,high,4,-0.6666667,1.2613139,sustained depletion + critically low supply,0.2038,low,2.1713,0.0673,low,intervention,Heuristic baseline policy recommends intervention because depletion risk or imbalance is already high.,0.3942,moderate,1,3.7591,monitor,Selected monitor because it maximized deterministic net value under current constraints.,0.0,0.0,30.0,[]
21,Marina East,Central,2026-04-17 12:00:00+08:00,0.9282,0.9282,high,7,-1.6666666,2.2072992,critically low supply,0.0446,low,2.1713,0.0122,low,intervention,Heuristic baseline policy recommends intervention because depletion risk or imbalance is already high.,0.3449,moderate,1,3.7591,monitor,Selected monitor because it maximized deterministic net value under current constraints.,0.0,0.0,30.0,[]
21,Marina East,Central,2026-04-17 13:00:00+08:00,0.8596,0.8596,high,4,0.375,1.2613139,rapid depletion + critically low supply,0.0304,low,2.1713,0.01,low,intervention,Heuristic baseline policy recommends intervention because depletion risk or imbalance is already high.,0.3145,moderate,2,3.7591,monitor,Selected monitor because it maximized deterministic net value under current constraints.,0.0,0.0,30.0,[]
21,Marina East,Central,2026-04-17 14:00:00+08:00,0.8091,0.8091,high,2,0.4,0.63065696,rapid depletion + sustained depletion + critically low supply + below yesterday baseline,0.0624,low,2.1713,0.0445,low,intervention,Heuristic baseline policy recommends intervention because depletion risk or imbalance is already high.,0.327,moderate,3,3.7591,monitor,Selected monitor because it maximized deterministic net value under current constraints.,0.0,0.0,30.0,[]
21,Marina East,Central,2026-04-17 16:00:00+08:00,0.8676,0.8676,high,4,-1.5,1.2613139,critically low supply,0.2273,low,2.1713,0.0751,low,intervention,Heuristic baseline policy recommends intervention because depletion risk or imbalance is already high.,0.4059,moderate,1,3.7591,monitor,Selected monitor because it maximized deterministic net value under current constraints.,0.0,0.0,30.0,[]
21,Marina East,Central,2026-04-17 18:00:00+08:00,0.4705,0.4705,medium,2,0.0,0.63065696,critically low supply + below yesterday baseline + peak hour,0.365,low,2.1713,0.1839,low,watchlist,Heuristic baseline policy recommends watchlist monitoring because signals are elevated but not yet acute.,0.3447,moderate,1,3.7591,monitor,Selected monitor because it maximized deterministic net value under current constraints.,0.0,0.0,30.0,[]
21,Marina East,Central,2026-04-17 20:00:00+08:00,0.5246,0.5246,medium,5,-1.0,1.5766424,critically low supply + peak hour,0.2273,low,2.1713,0.0691,low,watchlist,Heuristic baseline policy recommends watchlist monitoring because signals are elevated but not yet acute.,0.2859,moderate,2,3.7591,monitor,Selected monitor because it maximized deterministic net value under current constraints.,0.0,0.0,30.0,[]
21,Marina East,Central,2026-04-17 21:00:00+08:00,0.7895,0.7895,high,4,0.16666667,1.2613139,critically low supply,0.1286,low,2.1713,0.0425,low,intervention,Heuristic baseline policy recommends intervention because depletion risk or imbalance is already high.,0.3342,moderate,3,3.7591,monitor,Selected monitor because it maximized deterministic net value under current constraints.,0.0,0.0,30.0,[]
21,Marina East,Central,2026-04-17 22:00:00+08:00,0.6668,0.6668,medium,2,0.4,0.63065696,rapid depletion + sustained depletion + critically low supply + below yesterday baseline,0.0624,low,2.1713,0.0445,low,watchlist,Heuristic baseline policy recommends watchlist monitoring because signals are elevated but not yet acute.,0.2772,moderate,4,3.7591,monitor,Selected monitor because it maximized deterministic net value under current constraints.,0.0,0.0,30.0,[]
21,Marina East,Central,2026-04-18 00:00:00+08:00,0.6013,0.6013,medium,2,-0.5,0.63065696,critically low supply + below yesterday baseline,0.035,low,2.1713,0.0319,low,watchlist,Heuristic baseline policy recommends watchlist monitoring because signals are elevated but not yet acute.,0.242,low,0,3.7591,monitor,Selected monitor because it maximized deterministic net value under current constraints.,0.0,0.0,30.0,[]
21,Marina East,Central,2026-04-18 02:00:00+08:00,0.6051,0.6051,medium,2,-0.5,0.63065696,critically low supply + below yesterday baseline,0.0364,low,2.1713,0.0325,low,watchlist,Heuristic baseline policy recommends watchlist monitoring because signals are elevated but not yet acute.,0.2439,low,0,3.7591,monitor,Selected monitor because it maximized deterministic net value under current constraints.,0.0,0.0,30.0,[]
21,Marina East,Central,2026-04-18 13:00:00+08:00,0.4482,0.4482,medium,3,0.0,1.5,critically low supply,0.0504,low,1.0,0.0141,low,watchlist,Heuristic baseline policy recommends watchlist monitoring because signals are elevated but not yet acute.,0.1796,low,0,3.7591,monitor,Selected monitor because it maximized deterministic net value under current constraints.,0.0,0.0,30.0,[]
21,Marina East,Central,2026-04-18 14:00:00+08:00,0.8475,0.8475,high,4,-0.25,0.09756097,critically low supply + below yesterday baseline,0.0824,low,40.0,0.3942,low,intervention,Heuristic baseline policy recommends intervention because depletion risk or imbalance is already high.,0.5137,moderate,1,3.7591,monitor,Selected monitor because it maximized deterministic net value under current constraints.,0.0,0.0,30.0,[]
21,Marina East,Central,2026-04-18 15:00:00+08:00,0.4433,0.4433,medium,2,0.4,0.6666667,rapid depletion + sustained depletion + critically low supply + below yesterday baseline,0.1486,low,2.0,0.0654,low,watchlist,Heuristic baseline policy recommends watchlist monitoring because signals are elevated but not yet acute.,0.222,low,0,3.7591,monitor,Selected monitor because it maximized deterministic net value under current constraints.,0.0,0.0,30.0,[]
21,Marina East,Central,2026-04-18 23:00:00+08:00,0.8016,0.8016,high,4,-1.5,1.3333334,critically low supply,0.0504,low,2.0,0.0161,low,intervention,Heuristic baseline policy recommends intervention because depletion risk or imbalance is already high.,0.3032,moderate,3,3.7591,monitor,Selected monitor because it maximized deterministic net value under current constraints.,0.0,0.0,30.0,[]
21,Marina East,Central,2026-04-19 01:00:00+08:00,0.7219,0.7219,high,1,0.0,0.2,sustained depletion + critically low supply + below yesterday baseline,0.0352,low,4.0,0.1908,low,watchlist,Heuristic baseline policy recommends watchlist monitoring because signals are elevated but not yet acute.,0.4185,moderate,1,3.7591,monitor,Selected monitor because it maximized deterministic net value under current constraints.,0.0,0.0,30.0,[]
21,Marina East,Central,2026-04-19 02:00:00+08:00,0.4763,0.4763,medium,2,-0.5,0.6666667,critically low supply + below yesterday baseline,0.0364,low,2.0,0.016,low,watchlist,Heuristic baseline policy recommends watchlist monitoring because signals are elevated but not yet acute.,0.1831,low,0,3.7591,monitor,Selected monitor because it maximized deterministic net value under current constraints.,0.0,0.0,30.0,[]
21,Marina East,Central,2026-04-19 10:00:00+08:00,0.8028,0.8028,high,2,-0.5,1.0,critically low supply,0.2238,low,1.0,0.0716,low,intervention,Heuristic baseline policy recommends intervention because depletion risk or imbalance is already high.,0.3817,moderate,4,3.7591,monitor,Selected monitor because it maximized deterministic net value under current constraints.,0.0,0.0,30.0,[]
21,Marina East,Central,2026-04-19 13:00:00+08:00,0.7352,0.7352,high,2,0.0,1.0,critically low supply,0.0504,low,1.0,0.0161,low,watchlist,Heuristic baseline policy recommends watchlist monitoring because signals are elevated but not yet acute.,0.28,moderate,1,3.7591,monitor,Selected monitor because it maximized deterministic net value under current constraints.,0.0,0.0,30.0,[]
21,Marina East,Central,2026-04-19 14:00:00+08:00,0.6888,0.6888,medium,2,0.0,0.6666667,critically low supply + below yesterday baseline,0.0824,low,2.0,0.0363,low,watchlist,Heuristic baseline policy recommends watchlist monitoring because signals are elevated but not yet acute.,0.2782,moderate,2,3.7591,monitor,Selected monitor because it maximized deterministic net value under current constraints.,0.0,0.0,30.0,[]
21,Marina East,Central,2026-04-19 21:00:00+08:00,0.6651,0.6651,medium,6,-0.4,1.5,critically low supply,0.1486,low,3.0,0.0476,low,watchlist,Heuristic baseline policy recommends watchlist monitoring because signals are elevated but not yet acute.,0.2997,moderate,1,3.7591,monitor,Selected monitor because it maximized deterministic net value under current constraints.,0.0,0.0,30.0,[]
21,Marina East,Central,2026-04-19 22:00:00+08:00,0.4209,0.4209,medium,2,0.5714286,0.4,rapid depletion + sustained depletion + critically low supply + below yesterday baseline,0.0824,low,4.0,0.156,low,watchlist,Heuristic baseline policy recommends watchlist monitoring because signals are elevated but not yet acute.,0.2844,moderate,2,3.7591,monitor,Selected monitor because it maximized deterministic net value under current constraints.,0.0,0.0,30.0,[]
21,Marina East,Central,2026-04-19 23:00:00+08:00,0.5098,0.5098,medium,2,0.0,0.6666667,sustained depletion + critically low supply + below yesterday baseline,0.0504,low,2.0,0.0222,low,watchlist,Heuristic baseline policy recommends watchlist monitoring because signals are elevated but not yet acute.,0.2011,low,0,3.7591,monitor,Selected monitor because it maximized deterministic net value under current constraints.,0.0,0.0,30.0,[]
21,Marina East,Central,2026-04-20 01:00:00+08:00,0.7408,0.7408,high,2,-0.5,0.33333334,critically low supply + below yesterday baseline,0.0152,low,5.0,0.1322,low,watchlist,Heuristic baseline policy recommends watchlist monitoring because signals are elevated but not yet acute.,0.3861,moderate,2,3.7591,monitor,Selected monitor because it maximized deterministic net value under current constraints.,0.0,0.0,30.0,[]
21,Marina East,Central,2026-04-20 05:00:00+08:00,0.5769,0.5769,medium,1,-1.0,0.5,critically low supply + below yesterday baseline,0.1023,low,1.0,0.045,low,watchlist,Heuristic baseline policy recommends watchlist monitoring because signals are elevated but not yet acute.,0.248,low,0,3.7591,monitor,Selected monitor because it maximized deterministic net value under current constraints.,0.0,0.0,30.0,[]
21,Marina East,Central,2026-04-20 06:00:00+08:00,0.5304,0.5304,medium,1,0.0,0.5,critically low supply + below yesterday baseline,0.2038,low,1.0,0.0897,low,watchlist,Heuristic baseline policy recommends watchlist monitoring because signals are elevated but not yet acute.,0.2773,moderate,1,3.7591,monitor,Selected monitor because it maximized deterministic net value under current constraints.,0.0,0.0,30.0,[]
21,Marina East,Central,2026-04-20 08:00:00+08:00,0.8232,0.8232,high,2,-0.5,1.0,critically low supply + peak hour,0.365,low,1.0,0.1168,low,intervention,Heuristic baseline policy recommends intervention because depletion risk or imbalance is already high.,0.4524,moderate,3,3.7591,monitor,Selected monitor because it maximized deterministic net value under current constraints.,0.0,0.0,30.0,[]
21,Marina East,Central,2026-04-20 09:00:00+08:00,0.7136,0.7136,high,2,0.0,1.0,critically low supply + peak hour,0.3149,low,1.0,0.1008,low,watchlist,Heuristic baseline policy recommends watchlist monitoring because signals are elevated but not yet acute.,0.3915,moderate,4,3.7591,monitor,Selected monitor because it maximized deterministic net value under current constraints.,0.0,0.0,30.0,[]
21,Marina East,Central,2026-04-20 10:00:00+08:00,0.7439,0.7439,high,2,0.0,1.0,critically low supply,0.2038,low,1.0,0.0652,low,watchlist,Heuristic baseline policy recommends watchlist monitoring because signals are elevated but not yet acute.,0.3521,moderate,5,3.7591,monitor,Selected monitor because it maximized deterministic net value under current constraints.,0.0,0.0,30.0,[]
21,Marina East,Central,2026-04-20 11:00:00+08:00,0.6959,0.6959,medium,2,0.0,1.0,critically low supply,0.1023,low,1.0,0.0327,low,watchlist,Heuristic baseline policy recommends watchlist monitoring because signals are elevated but not yet acute.,0.2896,moderate,6,3.7591,monitor,Selected monitor because it maximized deterministic net value under current constraints.,0.0,0.0,30.0,[]
21,Marina East,Central,2026-04-20 12:00:00+08:00,0.4429,0.4429,medium,3,-0.33333334,1.0,critically low supply,0.0446,low,2.0,0.0161,low,watchlist,Heuristic baseline policy recommends watchlist monitoring because signals are elevated but not yet acute.,0.1751,low,0,3.7591,monitor,Selected monitor because it maximized deterministic net value under current constraints.,0.0,0.0,30.0,[]
21,Marina East,Central,2026-04-20 13:00:00+08:00,0.4392,0.4392,medium,4,-0.25,1.3333334,critically low supply,0.0304,low,2.0,0.0097,low,watchlist,Heuristic baseline policy recommends watchlist monitoring because signals are elevated but not yet acute.,0.1674,low,0,3.7591,monitor,Selected monitor because it maximized deterministic net value under current constraints.,0.0,0.0,30.0,[]
21,Marina East,Central,2026-04-20 14:00:00+08:00,0.7099,0.7099,high,2,0.4,0.6666667,rapid depletion + critically low supply + below yesterday baseline,0.0624,low,2.0,0.0275,low,watchlist,Heuristic baseline policy recommends watchlist monitoring because signals are elevated but not yet acute.,0.2765,moderate,1,3.7591,monitor,Selected monitor because it maximized deterministic net value under current constraints.,0.0,0.0,30.0,[]
21,Marina East,Central,2026-04-20 15:00:00+08:00,0.6822,0.6822,medium,3,-0.33333334,1.0,critically low supply,0.1286,low,2.0,0.0463,low,watchlist,Heuristic baseline policy recommends watchlist monitoring because signals are elevated but not yet acute.,0.2966,moderate,2,3.7591,monitor,Selected monitor because it maximized deterministic net value under current constraints.,0.0,0.0,30.0,[]
21,Marina East,Central,2026-04-20 19:00:00+08:00,0.4818,0.4818,medium,2,0.25,0.6666667,sustained depletion + critically low supply + below yesterday baseline + peak hour,0.3239,low,2.0,0.1425,low,watchlist,Heuristic baseline policy recommends watchlist monitoring because signals are elevated but not yet acute.,0.3144,moderate,2,3.7591,monitor,Selected monitor because it maximized deterministic net value under current constraints.,0.0,0.0,30.0,[]
21,Marina East,Central,2026-04-20 21:00:00+08:00,0.4288,0.4288,medium,2,0.25,0.4,critically low supply + below yesterday baseline,0.1286,low,4.0,0.1874,low,watchlist,Heuristic baseline policy recommends watchlist monitoring because signals are elevated but not yet acute.,0.308,moderate,1,3.7591,monitor,Selected monitor because it maximized deterministic net value under current constraints.,0.0,0.0,30.0,[]
21,Marina East,Central,2026-04-20 22:00:00+08:00,0.6412,0.6412,medium,2,0.0,0.2857143,critically low supply + below yesterday baseline,0.0624,low,6.0,0.1907,low,watchlist,Heuristic baseline policy recommends watchlist monitoring because signals are elevated but not yet acute.,0.3858,moderate,2,3.7591,monitor,Selected monitor because it maximized deterministic net value under current constraints.,0.0,0.0,30.0,[]
21,Marina East,Central,2026-04-20 23:00:00+08:00,0.4364,0.4364,medium,1,0.33333334,0.33333334,rapid depletion + sustained depletion + critically low supply + below yesterday baseline,0.0304,low,2.0,0.1207,low,watchlist,Heuristic baseline policy recommends watchlist monitoring because signals are elevated but not yet acute.,0.2664,moderate,3,3.7591,monitor,Selected monitor because it maximized deterministic net value under current constraints.,0.0,0.0,30.0,[]
21,Marina East,Central,2026-04-21 00:00:00+08:00,0.5344,0.5344,medium,2,-0.5,0.6666667,critically low supply + below yesterday baseline,0.015,low,2.0,0.0066,low,watchlist,Heuristic baseline policy recommends watchlist monitoring because signals are elevated but not yet acute.,0.1938,low,0,3.7591,monitor,Selected monitor because it maximized deterministic net value under current constraints.,0.0,0.0,30.0,[]
21,Marina East,Central,2026-04-21 11:00:00+08:00,0.9515,0.9515,high,4,-2.0,4.0,critically low supply,0.1023,low,0.0,0.045,low,intervention,Heuristic baseline policy recommends intervention because depletion risk or imbalance is already high.,0.3791,moderate,2,3.7591,monitor,Selected monitor because it maximized deterministic net value under current constraints.,0.0,0.0,30.0,[]
21,Marina East,Central,2026-04-21 17:00:00+08:00,0.6761,0.6761,medium,3,0.2,1.5,critically low supply + peak hour,0.3239,low,1.0,0.0907,low,watchlist,Heuristic baseline policy recommends watchlist monitoring because signals are elevated but not yet acute.,0.3824,moderate,3,3.7591,monitor,Selected monitor because it maximized deterministic net value under current constraints.,0.0,0.0,30.0,[]
21,Marina East,Central,2026-04-22 10:00:00+08:00,0.8813,0.8813,high,4,-2.0,1.3333334,critically low supply,0.2038,low,2.0,0.0652,low,intervention,Heuristic baseline policy recommends intervention because depletion risk or imbalance is already high.,0.4002,moderate,2,3.7591,monitor,Selected monitor because it maximized deterministic net value under current constraints.,0.0,0.0,30.0,[]
21,Marina East,Central,2026-04-22 13:00:00+08:00,0.5165,0.5165,medium,3,-1.0,0.6,critically low supply + below yesterday baseline,0.0304,low,4.0,0.0658,low,watchlist,Heuristic baseline policy recommends watchlist monitoring because signals are elevated but not yet acute.,0.2445,low,0,3.7591,monitor,Selected monitor because it maximized deterministic net value under current constraints.,0.0,0.0,30.0,[]
21,Marina East,Central,2026-04-22 14:00:00+08:00,0.8465,0.8465,high,3,0.0,1.0,critically low supply,0.0624,low,2.0,0.0225,low,intervention,Heuristic baseline policy recommends intervention because depletion risk or imbalance is already high.,0.3244,moderate,1,3.7591,monitor,Selected monitor because it maximized deterministic net value under current constraints.,0.0,0.0,30.0,[]
21,Marina East,Central,2026-04-22 15:00:00+08:00,0.6928,0.6928,medium,2,0.25,0.5,critically low supply + below yesterday baseline,0.1286,low,3.0,0.1387,low,watchlist,Heuristic baseline policy recommends watchlist monitoring because signals are elevated but not yet acute.,0.367,moderate,2,3.7591,monitor,Selected monitor because it maximized deterministic net value under current constraints.,0.0,0.0,30.0,[]
21,Marina East,Central,2026-04-22 16:00:00+08:00,0.7121,0.7121,high,2,0.0,0.4,critically low supply + below yesterday baseline,0.2273,low,4.0,0.2546,low,watchlist,Heuristic baseline policy recommends watchlist monitoring because signals are elevated but not yet acute.,0.4515,moderate,3,3.7591,monitor,Selected monitor because it maximized deterministic net value under current constraints.,0.0,0.0,30.0,[]
21,Marina East,Central,2026-04-22 18:00:00+08:00,0.4123,0.4123,medium,2,0.0,0.6666667,critically low supply + below yesterday baseline + peak hour,0.365,low,2.0,0.1606,low,watchlist,Heuristic baseline policy recommends watchlist monitoring because signals are elevated but not yet acute.,0.3086,moderate,5,3.7591,monitor,Selected monitor because it maximized deterministic net value under current constraints.,0.0,0.0,30.0,[]
21,Marina East,Central,2026-04-22 19:00:00+08:00,0.5915,0.5915,medium,3,-0.33333334,0.75,critically low supply + peak hour,0.3239,low,3.0,0.1425,low,watchlist,Heuristic baseline policy recommends watchlist monitoring because signals are elevated but not yet acute.,0.3528,moderate,6,3.7591,monitor,Selected monitor because it maximized deterministic net value under current constraints.,0.0,0.0,30.0,[]
21,Marina East,Central,2026-04-22 21:00:00+08:00,0.6334,0.6334,medium,4,-0.25,1.3333334,critically low supply,0.1286,low,2.0,0.0412,low,watchlist,Heuristic baseline policy recommends watchlist monitoring because signals are elevated but not yet acute.,0.2796,moderate,1,3.7591,monitor,Selected monitor because it maximized deterministic net value under current constraints.,0.0,0.0,30.0,[]
21,Marina East,Central,2026-04-22 22:00:00+08:00,0.5949,0.5949,medium,2,0.4,1.0,rapid depletion + sustained depletion + critically low supply,0.0624,low,1.0,0.02,low,watchlist,Heuristic baseline policy recommends watchlist monitoring because signals are elevated but not yet acute.,0.2363,low,0,3.7591,monitor,Selected monitor because it maximized deterministic net value under current constraints.,0.0,0.0,30.0,[]
21,Marina East,Central,2026-04-22 23:00:00+08:00,0.4193,0.4193,medium,1,0.33333334,0.33333334,rapid depletion + sustained depletion + critically low supply + below yesterday baseline,0.0304,low,2.0,0.1207,low,watchlist,Heuristic baseline policy recommends watchlist monitoring because signals are elevated but not yet acute.,0.2604,moderate,1,3.7591,monitor,Selected monitor because it maximized deterministic net value under current constraints.,0.0,0.0,30.0,[]
21,Marina East,Central,2026-04-23 01:00:00+08:00,0.586,0.586,medium,2,-0.5,1.0,critically low supply,0.0152,low,1.0,0.0049,low,watchlist,Heuristic baseline policy recommends watchlist monitoring because signals are elevated but not yet acute.,0.2119,low,0,3.7591,monitor,Selected monitor because it maximized deterministic net value under current constraints.,0.0,0.0,30.0,[]
21,Marina East,Central,2026-04-24 00:00:00+08:00,0.9467,0.9467,high,2,-2.0,2.0,critically low supply,0.015,low,0.0,0.0066,low,intervention,Heuristic baseline policy recommends intervention because depletion risk or imbalance is already high.,0.3381,moderate,1,3.7591,monitor,Selected monitor because it maximized deterministic net value under current constraints.,0.0,0.0,30.0,[]
21,Marina East,Central,2026-04-24 12:00:00+08:00,0.5884,0.5884,medium,3,-1.0,1.5,critically low supply,0.0446,low,1.0,0.0125,low,watchlist,Heuristic baseline policy recommends watchlist monitoring because signals are elevated but not yet acute.,0.226,low,0,3.7591,monitor,Selected monitor because it maximized deterministic net value under current constraints.,0.0,0.0,30.0,[]
21,Marina East,Central,2026-04-24 14:00:00+08:00,0.8219,0.8219,high,3,0.0,0.75,critically low supply,0.0624,low,3.0,0.0275,low,intervention,Heuristic baseline policy recommends intervention because depletion risk or imbalance is already high.,0.3157,moderate,1,3.7591,monitor,Selected monitor because it maximized deterministic net value under current constraints.,0.0,0.0,30.0,[]
21,Marina East,Central,2026-04-24 15:00:00+08:00,0.7907,0.7907,high,2,0.25,0.5,critically low supply + below yesterday baseline,0.1286,low,3.0,0.1387,low,intervention,Heuristic baseline policy recommends intervention because depletion risk or imbalance is already high.,0.4013,moderate,2,3.7591,monitor,Selected monitor because it maximized deterministic net value under current constraints.,0.0,0.0,30.0,[]
21,Marina East,Central,2026-04-24 16:00:00+08:00,0.5369,0.5369,medium,3,-0.33333334,1.0,critically low supply,0.2273,low,2.0,0.0818,low,watchlist,Heuristic baseline policy recommends watchlist monitoring because signals are elevated but not yet acute.,0.2902,moderate,3,3.7591,monitor,Selected monitor because it maximized deterministic net value under current constraints.,0.0,0.0,30.0,[]
21,Marina East,Central,2026-04-24 18:00:00+08:00,0.5338,0.5338,medium,4,0.0,1.3333334,critically low supply + peak hour,0.365,low,2.0,0.1168,low,watchlist,Heuristic baseline policy recommends watchlist monitoring because signals are elevated but not yet acute.,0.3511,moderate,1,3.7591,monitor,Selected monitor because it maximized deterministic net value under current constraints.,0.0,0.0,30.0,[]
21,Marina East,Central,2026-04-24 23:00:00+08:00,0.7348,0.7348,high,2,0.0,0.6666667,sustained depletion + critically low supply + below yesterday baseline,0.0304,low,2.0,0.0134,low,watchlist,Heuristic baseline policy recommends watchlist monitoring because signals are elevated but not yet acute.,0.2709,moderate,1,3.7591,monitor,Selected monitor because it maximized deterministic net value under current constraints.,0.0,0.0,30.0,[]
21,Marina East,Central,2026-04-25 03:00:00+08:00,0.5429,0.5429,medium,2,-0.5,0.6666667,critically low supply + below yesterday baseline,0.0424,low,2.0,0.0187,low,watchlist,Heuristic baseline policy recommends watchlist monitoring because signals are elevated but not yet acute.,0.2091,low,0,3.7591,monitor,Selected monitor because it maximized deterministic net value under current constraints.,0.0,0.0,30.0,[]
21,Marina East,Central,2026-04-25 09:00:00+08:00,0.8287,0.8287,high,2,-2.0,1.0,critically low supply + peak hour,0.3349,low,1.0,0.1072,low,intervention,Heuristic baseline policy recommends intervention because depletion risk or imbalance is already high.,0.4407,moderate,2,3.7591,monitor,Selected monitor because it maximized deterministic net value under current constraints.,0.0,0.0,30.0,[]
21,Marina East,Central,2026-04-25 10:00:00+08:00,0.7096,0.7096,high,2,0.0,1.0,critically low supply,0.2238,low,1.0,0.0716,low,watchlist,Heuristic baseline policy recommends watchlist monitoring because signals are elevated but not yet acute.,0.3491,moderate,3,3.7591,monitor,Selected monitor because it maximized deterministic net value under current constraints.,0.0,0.0,30.0,[]
21,Marina East,Central,2026-04-25 14:00:00+08:00,0.4789,0.4789,medium,1,0.0,0.33333334,critically low supply + below yesterday baseline,0.0824,low,2.0,0.156,low,watchlist,Heuristic baseline policy recommends watchlist monitoring because signals are elevated but not yet acute.,0.3047,moderate,1,3.7591,monitor,Selected monitor because it maximized deterministic net value under current constraints.,0.0,0.0,30.0,[]
21,Marina East,Central,2026-04-25 15:00:00+08:00,0.7136,0.7136,high,2,-0.5,2.0,critically low supply,0.1486,low,0.0,0.0654,low,watchlist,Heuristic baseline policy recommends watchlist monitoring because signals are elevated but not yet acute.,0.3166,moderate,2,3.7591,monitor,Selected monitor because it maximized deterministic net value under current constraints.,0.0,0.0,30.0,[]
21,Marina East,Central,2026-04-25 22:00:00+08:00,0.4147,0.4147,medium,2,0.25,0.5,critically low supply + below yesterday baseline,0.0824,low,3.0,0.1128,low,watchlist,Heuristic baseline policy recommends watchlist monitoring because signals are elevated but not yet acute.,0.2489,low,0,3.7591,monitor,Selected monitor because it maximized deterministic net value under current constraints.,0.0,0.0,30.0,[]
21,Marina East,Central,2026-04-26 00:00:00+08:00,0.5935,0.5935,medium,2,-0.5,0.6666667,critically low supply + below yesterday baseline,0.035,low,2.0,0.0154,low,watchlist,Heuristic baseline policy recommends watchlist monitoring because signals are elevated but not yet acute.,0.2235,low,0,3.7591,monitor,Selected monitor because it maximized deterministic net value under current constraints.,0.0,0.0,30.0,[]
21,Marina East,Central,2026-04-26 04:00:00+08:00,0.671,0.671,medium,2,0.0,0.4,critically low supply + below yesterday baseline,0.0646,low,4.0,0.1439,low,watchlist,Heuristic baseline policy recommends watchlist monitoring because signals are elevated but not yet acute.,0.3639,moderate,1,3.7591,monitor,Selected monitor because it maximized deterministic net value under current constraints.,0.0,0.0,30.0,[]
21,Marina East,Central,2026-04-26 11:00:00+08:00,0.5925,0.5925,medium,2,0.0,0.2857143,critically low supply + below yesterday baseline,0.1223,low,6.0,0.2458,low,watchlist,Heuristic baseline policy recommends watchlist monitoring because signals are elevated but not yet acute.,0.3957,moderate,2,3.7591,monitor,Selected monitor because it maximized deterministic net value under current constraints.,0.0,0.0,30.0,[]
21,Marina East,Central,2026-04-26 16:00:00+08:00,0.5891,0.5891,medium,3,-1.0,1.0,critically low supply,0.2473,low,2.0,0.089,low,watchlist,Heuristic baseline policy recommends watchlist monitoring because signals are elevated but not yet acute.,0.3175,moderate,1,3.7591,monitor,Selected monitor because it maximized deterministic net value under current constraints.,0.0,0.0,30.0,[]
21,Marina East,Central,2026-04-26 17:00:00+08:00,0.4489,0.4489,medium,4,-0.25,4.0,critically low supply + peak hour,0.3439,low,0.0,0.1513,low,watchlist,Heuristic baseline policy recommends watchlist monitoring because signals are elevated but not yet acute.,0.3119,moderate,2,3.7591,monitor,Selected monitor because it maximized deterministic net value under current constraints.,0.0,0.0,30.0,[]
21,Marina East,Central,2026-04-26 22:00:00+08:00,0.488,0.488,medium,2,0.25,1.0,sustained depletion + critically low supply,0.0824,low,1.0,0.0264,low,watchlist,Heuristic baseline policy recommends watchlist monitoring because signals are elevated but not yet acute.,0.2079,low,0,3.7591,monitor,Selected monitor because it maximized deterministic net value under current constraints.,0.0,0.0,30.0,[]
21,Marina East,Central,2026-04-27 00:00:00+08:00,0.6406,0.6406,medium,3,-1.0,1.0,critically low supply,0.015,low,2.0,0.0054,low,watchlist,Heuristic baseline policy recommends watchlist monitoring because signals are elevated but not yet acute.,0.231,low,0,3.7591,monitor,Selected monitor because it maximized deterministic net value under current constraints.,0.0,0.0,30.0,[]
21,Marina East,Central,2026-04-27 10:00:00+08:00,0.8072,0.8072,high,5,-2.0,1.25,critically low supply,0.2038,low,3.0,0.0701,low,intervention,Heuristic baseline policy recommends intervention because depletion risk or imbalance is already high.,0.3742,moderate,2,3.7591,monitor,Selected monitor because it maximized deterministic net value under current constraints.,0.0,0.0,30.0,[]
21,Marina East,Central,2026-04-27 16:00:00+08:00,0.607,0.607,medium,2,-0.5,0.6666667,critically low supply + below yesterday baseline,0.2273,low,2.0,0.1,low,watchlist,Heuristic baseline policy recommends watchlist monitoring because signals are elevated but not yet acute.,0.3147,moderate,4,3.7591,monitor,Selected monitor because it maximized deterministic net value under current constraints.,0.0,0.0,30.0,[]
21,Marina East,Central,2026-04-27 19:00:00+08:00,0.8193,0.8193,high,4,-2.0,1.3333334,critically low supply + peak hour,0.3239,low,2.0,0.1036,low,intervention,Heuristic baseline policy recommends intervention because depletion risk or imbalance is already high.,0.4325,moderate,2,3.7591,monitor,Selected monitor because it maximized deterministic net value under current constraints.,0.0,0.0,30.0,[]
21,Marina East,Central,2026-04-27 20:00:00+08:00,0.7216,0.7216,high,5,-0.2,1.6666666,critically low supply + peak hour,0.2273,low,2.0,0.0673,low,watchlist,Heuristic baseline policy recommends watchlist monitoring because signals are elevated but not yet acute.,0.3548,moderate,3,3.7591,monitor,Selected monitor because it maximized deterministic net value under current constraints.,0.0,0.0,30.0,[]
21,Marina East,Central,2026-04-27 21:00:00+08:00,0.6408,0.6408,medium,4,0.16666667,1.3333334,critically low supply,0.1286,low,2.0,0.0412,low,watchlist,Heuristic baseline policy recommends watchlist monitoring because signals are elevated but not yet acute.,0.2822,moderate,4,3.7591,monitor,Selected monitor because it maximized deterministic net value under current constraints.,0.0,0.0,30.0,[]
21,Marina East,Central,2026-04-27 22:00:00+08:00,0.6441,0.6441,medium,2,0.4,0.6666667,rapid depletion + sustained depletion + critically low supply + below yesterday baseline,0.0624,low,2.0,0.0275,low,watchlist,Heuristic baseline policy recommends watchlist monitoring because signals are elevated but not yet acute.,0.2535,moderate,5,3.7591,monitor,Selected monitor because it maximized deterministic net value under current constraints.,0.0,0.0,30.0,[]
21,Marina East,Central,2026-04-28 00:00:00+08:00,0.8209,0.8209,high,1,0.0,0.5,sustained depletion + critically low supply + below yesterday baseline,0.015,low,1.0,0.0066,low,intervention,Heuristic baseline policy recommends intervention because depletion risk or imbalance is already high.,0.2941,moderate,7,3.7591,monitor,Selected monitor because it maximized deterministic net value under current constraints.,0.0,0.0,30.0,[]
21,Marina East,Central,2026-04-28 05:00:00+08:00,0.6743,0.6743,medium,1,-1.0,0.2,critically low supply + below yesterday baseline,0.1023,low,4.0,0.2687,low,watchlist,Heuristic baseline policy recommends watchlist monitoring because signals are elevated but not yet acute.,0.432,moderate,1,3.7591,monitor,Selected monitor because it maximized deterministic net value under current constraints.,0.0,0.0,30.0,[]
21,Marina East,Central,2026-04-28 06:00:00+08:00,0.5304,0.5304,medium,1,0.0,0.25,critically low supply + below yesterday baseline,0.2038,low,3.0,0.3208,low,watchlist,Heuristic baseline policy recommends watchlist monitoring because signals are elevated but not yet acute.,0.4107,moderate,2,3.7591,monitor,Selected monitor because it maximized deterministic net value under current constraints.,0.0,0.0,30.0,[]
21,Marina East,Central,2026-04-28 08:00:00+08:00,0.5579,0.5579,medium,1,0.0,0.2,critically low supply + below yesterday baseline + peak hour,0.365,low,4.0,0.5734,medium,watchlist,Heuristic baseline policy recommends watchlist monitoring because signals are elevated but not yet acute.,0.5095,moderate,4,3.7591,monitor,Selected monitor because it maximized deterministic net value under current constraints.,0.0,0.0,30.0,[]
21,Marina East,Central,2026-04-28 09:00:00+08:00,0.8612,0.8612,high,2,-0.5,0.5,critically low supply + below yesterday baseline + peak hour,0.3149,low,3.0,0.243,low,intervention,Heuristic baseline policy recommends intervention because depletion risk or imbalance is already high.,0.5098,moderate,5,3.7591,monitor,Selected monitor because it maximized deterministic net value under current constraints.,0.0,0.0,30.0,[]
21,Marina East,Central,2026-04-28 10:00:00+08:00,0.975,0.975,high,8,-2.0,2.6666667,critically low supply,0.2038,low,2.0,0.053,low,intervention,Heuristic baseline policy recommends intervention because depletion risk or imbalance is already high.,0.433,moderate,6,3.7591,monitor,Selected monitor because it maximized deterministic net value under current constraints.,0.0,0.0,30.0,[]
21,Marina East,Central,2026-04-28 21:00:00+08:00,0.667,0.667,medium,4,-1.5,1.0,critically low supply,0.1286,low,3.0,0.0489,low,watchlist,Heuristic baseline policy recommends watchlist monitoring because signals are elevated but not yet acute.,0.2913,moderate,1,3.7591,monitor,Selected monitor because it maximized deterministic net value under current constraints.,0.0,0.0,30.0,[]
21,Marina East,Central,2026-04-28 23:00:00+08:00,0.6862,0.6862,medium,2,-0.5,0.33333334,critically low supply + below yesterday baseline,0.0304,low,5.0,0.1443,low,watchlist,Heuristic baseline policy recommends watchlist monitoring because signals are elevated but not yet acute.,0.3739,moderate,1,3.7591,monitor,Selected monitor because it maximized deterministic net value under current constraints.,0.0,0.0,30.0,[]
21,Marina East,Central,2026-04-29 08:00:00+08:00,0.9797,0.9797,high,5,-2.0,1.6666666,critically low supply + peak hour,0.365,low,2.0,0.108,low,intervention,Heuristic baseline policy recommends intervention because depletion risk or imbalance is already high.,0.5071,moderate,1,3.7591,monitor,Selected monitor because it maximized deterministic net value under current constraints.,0.0,0.0,30.0,[]
21,Marina East,Central,2026-04-29 10:00:00+08:00,0.4768,0.4768,medium,2,0.5,0.6666667,rapid depletion + critically low supply + below yesterday baseline,0.2038,low,2.0,0.0897,low,watchlist,Heuristic baseline policy recommends watchlist monitoring because signals are elevated but not yet acute.,0.2586,moderate,2,3.7591,monitor,Selected monitor because it maximized deterministic net value under current constraints.,0.0,0.0,30.0,[]
21,Marina East,Central,2026-04-30 04:00:00+08:00,0.4083,0.4083,medium,1,-1.0,0.5,critically low supply + below yesterday baseline,0.0446,low,1.0,0.0196,low,watchlist,Heuristic baseline policy recommends watchlist monitoring because signals are elevated but not yet acute.,0.163,low,0,3.7591,monitor,Selected monitor because it maximized deterministic net value under current constraints.,0.0,0.0,30.0,[]
21,Marina East,Central,2026-04-30 10:00:00+08:00,0.9421,0.9421,high,2,-0.5,2.0,critically low supply,0.2038,low,0.0,0.0897,low,intervention,Heuristic baseline policy recommends intervention because depletion risk or imbalance is already high.,0.4214,moderate,1,3.7591,monitor,Selected monitor because it maximized deterministic net value under current constraints.,0.0,0.0,30.0,[]
21,Marina East,Central,2026-04-30 20:00:00+08:00,0.9615,0.9615,high,4,-2.0,2.0,critically low supply + peak hour,0.2273,low,1.0,0.0591,low,intervention,Heuristic baseline policy recommends intervention because depletion risk or imbalance is already high.,0.4388,moderate,2,3.7591,monitor,Selected monitor because it maximized deterministic net value under current constraints.,0.0,0.0,30.0,[]
21,Marina East,Central,2026-05-01 04:00:00+08:00,0.6047,0.6047,medium,1,-1.0,0.33333334,critically low supply + below yesterday baseline + public holiday,0.0446,low,2.0,0.1303,low,watchlist,Heuristic baseline policy recommends watchlist monitoring because signals are elevated but not yet acute.,0.3317,moderate,1,3.7591,monitor,Selected monitor because it maximized deterministic net value under current constraints.,0.0,0.0,30.0,[]
21,Marina East,Central,2026-05-01 10:00:00+08:00,0.8785,0.8785,high,4,-2.0,1.3333334,critically low supply + public holiday,0.2038,low,2.0,0.0652,low,intervention,Heuristic baseline policy recommends intervention because depletion risk or imbalance is already high.,0.3992,moderate,4,3.7591,monitor,Selected monitor because it maximized deterministic net value under current constraints.,0.0,0.0,30.0,[]
21,Marina East,Central,2026-05-01 11:00:00+08:00,0.5564,0.5564,medium,2,0.4,1.0,rapid depletion + critically low supply + public holiday,0.1023,low,1.0,0.0327,low,watchlist,Heuristic baseline policy recommends watchlist monitoring because signals are elevated but not yet acute.,0.2408,low,0,3.7591,monitor,Selected monitor because it maximized deterministic net value under current constraints.,0.0,0.0,30.0,[]
21,Marina East,Central,2026-05-01 12:00:00+08:00,0.6193,0.6193,medium,2,0.0,0.6666667,critically low supply + below yesterday baseline + public holiday,0.0446,low,2.0,0.0196,low,watchlist,Heuristic baseline policy recommends watchlist monitoring because signals are elevated but not yet acute.,0.2368,low,0,3.7591,monitor,Selected monitor because it maximized deterministic net value under current constraints.,0.0,0.0,30.0,[]
21,Marina East,Central,2026-05-01 13:00:00+08:00,0.7347,0.7347,high,2,0.0,0.6666667,critically low supply + below yesterday baseline + public holiday,0.0304,low,2.0,0.0134,low,watchlist,Heuristic baseline policy recommends watchlist monitoring because signals are elevated but not yet acute.,0.2708,moderate,1,3.7591,monitor,Selected monitor because it maximized deterministic net value under current constraints.,0.0,0.0,30.0,[]
21,Marina East,Central,2026-05-01 14:00:00+08:00,0.8265,0.8265,high,2,0.0,0.33333334,critically low supply + below yesterday baseline + public holiday,0.0624,low,5.0,0.1699,low,intervention,Heuristic baseline policy recommends intervention because depletion risk or imbalance is already high.,0.4374,moderate,2,3.7591,monitor,Selected monitor because it maximized deterministic net value under current constraints.,0.0,0.0,30.0,[]
21,Marina East,Central,2026-05-01 15:00:00+08:00,0.725,0.725,high,2,0.0,1.0,critically low supply + public holiday,0.1286,low,1.0,0.0412,low,watchlist,Heuristic baseline policy recommends watchlist monitoring because signals are elevated but not yet acute.,0.3116,moderate,3,3.7591,monitor,Selected monitor because it maximized deterministic net value under current constraints.,0.0,0.0,30.0,[]
21,Marina East,Central,2026-05-01 16:00:00+08:00,0.5428,0.5428,medium,5,-1.0,2.5,critically low supply + public holiday,0.2273,low,1.0,0.0564,low,watchlist,Heuristic baseline policy recommends watchlist monitoring because signals are elevated but not yet acute.,0.2923,moderate,4,3.7591,monitor,Selected monitor because it maximized deterministic net value under current constraints.,0.0,0.0,30.0,[]
21,Marina East,Central,2026-05-01 21:00:00+08:00,0.4041,0.4041,medium,3,0.2,1.0,critically low supply + public holiday,0.1286,low,2.0,0.0463,low,watchlist,Heuristic baseline policy recommends watchlist monitoring because signals are elevated but not yet acute.,0.1993,low,0,3.7591,monitor,Selected monitor because it maximized deterministic net value under current constraints.,0.0,0.0,30.0,[]
21,Marina East,Central,2026-05-01 23:00:00+08:00,0.7513,0.7513,high,2,0.4,1.0,rapid depletion + sustained depletion + critically low supply + public holiday,0.0304,low,1.0,0.0097,low,intervention,Heuristic baseline policy recommends intervention because depletion risk or imbalance is already high.,0.2766,moderate,1,3.7591,monitor,Selected monitor because it maximized deterministic net value under current constraints.,0.0,0.0,30.0,[]
21,Marina East,Central,2026-05-02 01:00:00+08:00,0.7162,0.7162,high,1,0.0,0.2,sustained depletion + critically low supply + below yesterday baseline,0.0352,low,4.0,0.1908,low,watchlist,Heuristic baseline policy recommends watchlist monitoring because signals are elevated but not yet acute.,0.4165,moderate,1,3.7591,monitor,Selected monitor because it maximized deterministic net value under current constraints.,0.0,0.0,30.0,[]
21,Marina East,Central,2026-05-02 04:00:00+08:00,0.9026,0.9026,high,2,-0.5,2.0,critically low supply,0.0646,low,0.0,0.0284,low,intervention,Heuristic baseline policy recommends intervention because depletion risk or imbalance is already high.,0.345,moderate,1,3.7591,monitor,Selected monitor because it maximized deterministic net value under current constraints.,0.0,0.0,30.0,[]
21,Marina East,Central,2026-05-02 05:00:00+08:00,0.7675,0.7675,high,2,0.0,2.0,critically low supply,0.1223,low,0.0,0.0538,low,intervention,Heuristic baseline policy recommends intervention because depletion risk or imbalance is already high.,0.3237,moderate,2,3.7591,monitor,Selected monitor because it maximized deterministic net value under current constraints.,0.0,0.0,30.0,[]
21,Marina East,Central,2026-05-02 06:00:00+08:00,0.7504,0.7504,high,2,0.0,2.0,critically low supply,0.2238,low,0.0,0.0985,low,intervention,Heuristic baseline policy recommends intervention because depletion risk or imbalance is already high.,0.3634,moderate,3,3.7591,monitor,Selected monitor because it maximized deterministic net value under current constraints.,0.0,0.0,30.0,[]
21,Marina East,Central,2026-05-02 11:00:00+08:00,0.4026,0.4026,medium,3,-1.0,3.0,critically low supply,0.1223,low,0.0,0.0538,low,watchlist,Heuristic baseline policy recommends watchlist monitoring because signals are elevated but not yet acute.,0.1959,low,0,3.7591,monitor,Selected monitor because it maximized deterministic net value under current constraints.,0.0,0.0,30.0,[]
21,Marina East,Central,2026-05-02 14:00:00+08:00,0.4864,0.4864,medium,2,0.25,0.6666667,critically low supply + below yesterday baseline,0.0824,low,2.0,0.0363,low,watchlist,Heuristic baseline policy recommends watchlist monitoring because signals are elevated but not yet acute.,0.2073,low,0,3.7591,monitor,Selected monitor because it maximized deterministic net value under current constraints.,0.0,0.0,30.0,[]
21,Marina East,Central,2026-05-02 15:00:00+08:00,0.4473,0.4473,medium,2,0.0,0.6666667,critically low supply + below yesterday baseline,0.1486,low,2.0,0.0654,low,watchlist,Heuristic baseline policy recommends watchlist monitoring because signals are elevated but not yet acute.,0.2234,low,0,3.7591,monitor,Selected monitor because it maximized deterministic net value under current constraints.,0.0,0.0,30.0,[]
21,Marina East,Central,2026-05-02 16:00:00+08:00,0.6085,0.6085,medium,3,-0.33333334,1.0,critically low supply,0.2473,low,2.0,0.089,low,watchlist,Heuristic baseline policy recommends watchlist monitoring because signals are elevated but not yet acute.,0.3243,moderate,1,3.7591,monitor,Selected monitor because it maximized deterministic net value under current constraints.,0.0,0.0,30.0,[]
21,Marina East,Central,2026-05-02 19:00:00+08:00,0.4397,0.4397,medium,6,-0.75,2.0,critically low supply + peak hour,0.3439,low,2.0,0.0963,low,watchlist,Heuristic baseline policy recommends watchlist monitoring because signals are elevated but not yet acute.,0.3086,moderate,2,3.7591,monitor,Selected monitor because it maximized deterministic net value under current constraints.,0.0,0.0,30.0,[]
21,Marina East,Central,2026-05-11 11:00:00+08:00,0.9267,0.9267,high,8,-2.0,1.6,critically low supply + rain,0.1689,low,4.0,0.054,low,intervention,Heuristic baseline policy recommends intervention because depletion risk or imbalance is already high.,0.4003,moderate,2,3.7591,monitor,Selected monitor because it maximized deterministic net value under current constraints.,0.0,0.0,30.0,[]
22,Marina South,Central,2026-04-16 10:00:00+08:00,0.9901,0.9901,high,44,-2.0,5.0,normal conditions,0.2038,low,0.8426,0.0419,low,intervention,Heuristic baseline policy recommends intervention because depletion risk or imbalance is already high.,0.4382,moderate,1,2.6563,monitor,Selected monitor because it maximized deterministic net value under current constraints.,0.0,0.0,30.0,[]
22,Marina South,Central,2026-04-17 12:00:00+08:00,0.5647,0.5647,medium,3,-0.33333334,1.6281407,critically low supply,0.0446,low,0.8426,0.0125,low,watchlist,Heuristic baseline policy recommends watchlist monitoring because signals are elevated but not yet acute.,0.2177,low,0,2.6563,monitor,Selected monitor because it maximized deterministic net value under current constraints.,0.0,0.0,30.0,[]
22,Marina South,Central,2026-04-17 13:00:00+08:00,0.4435,0.4435,medium,3,0.0,1.6281407,critically low supply,0.0304,low,0.8426,0.0085,low,watchlist,Heuristic baseline policy recommends watchlist monitoring because signals are elevated but not yet acute.,0.1689,low,0,2.6563,monitor,Selected monitor because it maximized deterministic net value under current constraints.,0.0,0.0,30.0,[]
22,Marina South,Central,2026-04-17 14:00:00+08:00,0.7974,0.7974,high,2,0.25,1.0854272,critically low supply,0.0624,low,0.8426,0.02,low,intervention,Heuristic baseline policy recommends intervention because depletion risk or imbalance is already high.,0.3072,moderate,1,2.6563,monitor,Selected monitor because it maximized deterministic net value under current constraints.,0.0,0.0,30.0,[]
22,Marina South,Central,2026-04-17 18:00:00+08:00,0.8355,0.8355,high,1,0.0,0.5427136,critically low supply + below yesterday baseline + peak hour,0.365,low,0.8426,0.1606,low,intervention,Heuristic baseline policy recommends intervention because depletion risk or imbalance is already high.,0.4567,moderate,1,2.6563,monitor,Selected monitor because it maximized deterministic net value under current constraints.,0.0,0.0,30.0,[]
22,Marina South,Central,2026-04-17 22:00:00+08:00,0.8365,0.8365,high,1,-1.0,0.5427136,critically low supply + below yesterday baseline,0.0624,low,0.8426,0.0275,low,intervention,Heuristic baseline policy recommends intervention because depletion risk or imbalance is already high.,0.3209,moderate,4,2.6563,monitor,Selected monitor because it maximized deterministic net value under current constraints.,0.0,0.0,30.0,[]
22,Marina South,Central,2026-04-18 02:00:00+08:00,0.7969,0.7969,high,1,-1.0,0.5427136,critically low supply + below yesterday baseline,0.0364,low,0.8426,0.016,low,intervention,Heuristic baseline policy recommends intervention because depletion risk or imbalance is already high.,0.2953,moderate,1,2.6563,monitor,Selected monitor because it maximized deterministic net value under current constraints.,0.0,0.0,30.0,[]
22,Marina South,Central,2026-04-18 04:00:00+08:00,0.8359,0.8359,high,1,-1.0,0.5427136,critically low supply + below yesterday baseline,0.0646,low,0.8426,0.0284,low,intervention,Heuristic baseline policy recommends intervention because depletion risk or imbalance is already high.,0.3216,moderate,1,2.6563,monitor,Selected monitor because it maximized deterministic net value under current constraints.,0.0,0.0,30.0,[]
22,Marina South,Central,2026-04-18 12:00:00+08:00,0.4922,0.4922,medium,1,-1.0,0.5427136,critically low supply + below yesterday baseline,0.0646,low,0.8426,0.0284,low,watchlist,Heuristic baseline policy recommends watchlist monitoring because signals are elevated but not yet acute.,0.2013,low,0,2.6563,monitor,Selected monitor because it maximized deterministic net value under current constraints.,0.0,0.0,30.0,[]
22,Marina South,Central,2026-04-18 13:00:00+08:00,0.8043,0.8043,high,1,0.0,1.0,critically low supply,0.0504,low,0.0,0.0222,low,intervention,Heuristic baseline policy recommends intervention because depletion risk or imbalance is already high.,0.3042,moderate,1,2.6563,monitor,Selected monitor because it maximized deterministic net value under current constraints.,0.0,0.0,30.0,[]
22,Marina South,Central,2026-04-18 14:00:00+08:00,0.9175,0.9175,high,1,0.0,0.022222223,critically low supply + below yesterday baseline,0.0824,low,44.0,0.6075,medium,intervention,Heuristic baseline policy recommends intervention because depletion risk or imbalance is already high.,0.5537,high,2,2.6563,driver_comms,Selected driver_comms because it maximized deterministic net value under current constraints.,0.1,0.0111,30.0,[]
22,Marina South,Central,2026-04-18 16:00:00+08:00,0.6023,0.6023,medium,1,-1.0,0.33333334,critically low supply + below yesterday baseline,0.2473,low,2.0,0.2682,low,watchlist,Heuristic baseline policy recommends watchlist monitoring because signals are elevated but not yet acute.,0.4221,moderate,4,2.6563,monitor,Selected monitor because it maximized deterministic net value under current constraints.,0.0,0.0,30.0,[]
22,Marina South,Central,2026-04-19 02:00:00+08:00,0.7969,0.7969,high,1,-1.0,0.5,critically low supply + below yesterday baseline,0.0364,low,1.0,0.016,low,intervention,Heuristic baseline policy recommends intervention because depletion risk or imbalance is already high.,0.2953,moderate,1,2.6563,monitor,Selected monitor because it maximized deterministic net value under current constraints.,0.0,0.0,30.0,[]
22,Marina South,Central,2026-04-19 10:00:00+08:00,0.9727,0.9727,high,2,-2.0,2.0,critically low supply,0.2238,low,0.0,0.0985,low,intervention,Heuristic baseline policy recommends intervention because depletion risk or imbalance is already high.,0.4412,moderate,3,2.6563,monitor,Selected monitor because it maximized deterministic net value under current constraints.,0.0,0.0,30.0,[]
22,Marina South,Central,2026-04-19 13:00:00+08:00,0.5029,0.5029,medium,1,-1.0,1.0,critically low supply,0.0504,low,0.0,0.0222,low,watchlist,Heuristic baseline policy recommends watchlist monitoring because signals are elevated but not yet acute.,0.1987,low,0,2.6563,monitor,Selected monitor because it maximized deterministic net value under current constraints.,0.0,0.0,30.0,[]
22,Marina South,Central,2026-04-19 14:00:00+08:00,0.7571,0.7571,high,3,-1.0,1.5,critically low supply,0.0824,low,1.0,0.0231,low,intervention,Heuristic baseline policy recommends intervention because depletion risk or imbalance is already high.,0.3021,moderate,1,2.6563,monitor,Selected monitor because it maximized deterministic net value under current constraints.,0.0,0.0,30.0,[]
22,Marina South,Central,2026-04-19 16:00:00+08:00,0.5532,0.5532,medium,1,0.5,1.0,rapid depletion + critically low supply,0.2473,low,0.0,0.1088,low,watchlist,Heuristic baseline policy recommends watchlist monitoring because signals are elevated but not yet acute.,0.3049,moderate,2,2.6563,monitor,Selected monitor because it maximized deterministic net value under current constraints.,0.0,0.0,30.0,[]
22,Marina South,Central,2026-04-19 18:00:00+08:00,0.4987,0.4987,medium,1,0.0,1.0,critically low supply + peak hour,0.385,low,0.0,0.1694,low,watchlist,Heuristic baseline policy recommends watchlist monitoring because signals are elevated but not yet acute.,0.3478,moderate,1,2.6563,monitor,Selected monitor because it maximized deterministic net value under current constraints.,0.0,0.0,30.0,[]
22,Marina South,Central,2026-04-19 20:00:00+08:00,0.5499,0.5499,medium,1,-1.0,0.5,critically low supply + below yesterday baseline + peak hour,0.2473,low,1.0,0.1088,low,watchlist,Heuristic baseline policy recommends watchlist monitoring because signals are elevated but not yet acute.,0.3037,moderate,3,2.6563,monitor,Selected monitor because it maximized deterministic net value under current constraints.,0.0,0.0,30.0,[]
22,Marina South,Central,2026-04-20 05:00:00+08:00,0.7431,0.7431,high,1,-1.0,1.0,critically low supply,0.1023,low,0.0,0.045,low,watchlist,Heuristic baseline policy recommends watchlist monitoring because signals are elevated but not yet acute.,0.3061,moderate,1,2.6563,monitor,Selected monitor because it maximized deterministic net value under current constraints.,0.0,0.0,30.0,[]
22,Marina South,Central,2026-04-20 06:00:00+08:00,0.917,0.917,high,2,-0.5,2.0,critically low supply,0.2038,low,0.0,0.0897,low,intervention,Heuristic baseline policy recommends intervention because depletion risk or imbalance is already high.,0.4127,moderate,2,2.6563,monitor,Selected monitor because it maximized deterministic net value under current constraints.,0.0,0.0,30.0,[]
22,Marina South,Central,2026-04-20 07:00:00+08:00,0.4981,0.4981,medium,2,0.0,1.0,critically low supply + peak hour,0.3149,low,1.0,0.1008,low,watchlist,Heuristic baseline policy recommends watchlist monitoring because signals are elevated but not yet acute.,0.316,moderate,3,2.6563,monitor,Selected monitor because it maximized deterministic net value under current constraints.,0.0,0.0,30.0,[]
22,Marina South,Central,2026-04-20 08:00:00+08:00,0.8491,0.8491,high,2,0.0,2.0,critically low supply + peak hour,0.365,low,0.0,0.1606,low,intervention,Heuristic baseline policy recommends intervention because depletion risk or imbalance is already high.,0.4614,moderate,4,2.6563,monitor,Selected monitor because it maximized deterministic net value under current constraints.,0.0,0.0,30.0,[]
22,Marina South,Central,2026-04-20 09:00:00+08:00,0.8522,0.8522,high,2,0.0,2.0,critically low supply + peak hour,0.3149,low,0.0,0.1386,low,intervention,Heuristic baseline policy recommends intervention because depletion risk or imbalance is already high.,0.44,moderate,5,2.6563,monitor,Selected monitor because it maximized deterministic net value under current constraints.,0.0,0.0,30.0,[]
22,Marina South,Central,2026-04-20 10:00:00+08:00,0.6572,0.6572,medium,1,0.33333334,1.0,rapid depletion + sustained depletion + critically low supply,0.2038,low,0.0,0.0897,low,watchlist,Heuristic baseline policy recommends watchlist monitoring because signals are elevated but not yet acute.,0.3217,moderate,6,2.6563,monitor,Selected monitor because it maximized deterministic net value under current constraints.,0.0,0.0,30.0,[]
22,Marina South,Central,2026-04-20 11:00:00+08:00,0.7037,0.7037,high,1,0.0,1.0,critically low supply,0.1023,low,0.0,0.045,low,watchlist,Heuristic baseline policy recommends watchlist monitoring because signals are elevated but not yet acute.,0.2923,moderate,7,2.6563,monitor,Selected monitor because it maximized deterministic net value under current constraints.,0.0,0.0,30.0,[]
22,Marina South,Central,2026-04-20 12:00:00+08:00,0.6091,0.6091,medium,1,0.0,0.33333334,critically low supply + below yesterday baseline,0.0446,low,2.0,0.1303,low,watchlist,Heuristic baseline policy recommends watchlist monitoring because signals are elevated but not yet acute.,0.3333,moderate,8,2.6563,monitor,Selected monitor because it maximized deterministic net value under current constraints.,0.0,0.0,30.0,[]
22,Marina South,Central,2026-04-20 14:00:00+08:00,0.777,0.777,high,1,-1.0,0.5,critically low supply + below yesterday baseline,0.0624,low,1.0,0.0275,low,intervention,Heuristic baseline policy recommends intervention because depletion risk or imbalance is already high.,0.3,moderate,1,2.6563,monitor,Selected monitor because it maximized deterministic net value under current constraints.,0.0,0.0,30.0,[]
22,Marina South,Central,2026-04-20 15:00:00+08:00,0.7852,0.7852,high,1,0.0,0.25,critically low supply + below yesterday baseline,0.1286,low,3.0,0.2516,low,intervention,Heuristic baseline policy recommends intervention because depletion risk or imbalance is already high.,0.466,moderate,2,2.6563,monitor,Selected monitor because it maximized deterministic net value under current constraints.,0.0,0.0,30.0,[]
22,Marina South,Central,2026-04-20 18:00:00+08:00,0.5606,0.5606,medium,1,0.0,0.5,critically low supply + below yesterday baseline + peak hour,0.365,low,1.0,0.1606,low,watchlist,Heuristic baseline policy recommends watchlist monitoring because signals are elevated but not yet acute.,0.3605,moderate,4,2.6563,monitor,Selected monitor because it maximized deterministic net value under current constraints.,0.0,0.0,30.0,[]
22,Marina South,Central,2026-04-21 11:00:00+08:00,0.951,0.951,high,2,-2.0,2.0,critically low supply,0.1023,low,0.0,0.045,low,intervention,Heuristic baseline policy recommends intervention because depletion risk or imbalance is already high.,0.3789,moderate,2,2.6563,monitor,Selected monitor because it maximized deterministic net value under current constraints.,0.0,0.0,30.0,[]
22,Marina South,Central,2026-04-22 08:00:00+08:00,0.8231,0.8231,high,1,-1.0,0.33333334,critically low supply + below yesterday baseline + peak hour,0.365,low,2.0,0.3482,low,intervention,Heuristic baseline policy recommends intervention because depletion risk or imbalance is already high.,0.5523,high,1,2.6563,monitor,Constraints blocked active intervention; continue monitoring.,0.0,0.0,30.0,"[""persistence_requirement""]"
22,Marina South,Central,2026-04-22 14:00:00+08:00,0.876,0.876,high,1,-1.0,0.5,critically low supply + below yesterday baseline,0.0624,low,1.0,0.0275,low,intervention,Heuristic baseline policy recommends intervention because depletion risk or imbalance is already high.,0.3347,moderate,1,2.6563,monitor,Selected monitor because it maximized deterministic net value under current constraints.,0.0,0.0,30.0,[]
22,Marina South,Central,2026-04-22 16:00:00+08:00,0.7731,0.7731,high,1,-1.0,0.5,critically low supply + below yesterday baseline,0.2273,low,1.0,0.1,low,intervention,Heuristic baseline policy recommends intervention because depletion risk or imbalance is already high.,0.3729,moderate,3,2.6563,monitor,Selected monitor because it maximized deterministic net value under current constraints.,0.0,0.0,30.0,[]
22,Marina South,Central,2026-04-22 19:00:00+08:00,0.4373,0.4373,medium,1,-1.0,1.0,critically low supply + peak hour,0.3239,low,0.0,0.1425,low,watchlist,Heuristic baseline policy recommends watchlist monitoring because signals are elevated but not yet acute.,0.2988,moderate,6,2.6563,monitor,Selected monitor because it maximized deterministic net value under current constraints.,0.0,0.0,30.0,[]
22,Marina South,Central,2026-04-23 01:00:00+08:00,0.7227,0.7227,high,1,-1.0,1.0,critically low supply,0.0152,low,0.0,0.0067,low,watchlist,Heuristic baseline policy recommends watchlist monitoring because signals are elevated but not yet acute.,0.2598,moderate,1,2.6563,monitor,Selected monitor because it maximized deterministic net value under current constraints.,0.0,0.0,30.0,[]
22,Marina South,Central,2026-04-23 11:00:00+08:00,0.5975,0.5975,medium,1,-1.0,1.0,critically low supply,0.1023,low,0.0,0.045,low,watchlist,Heuristic baseline policy recommends watchlist monitoring because signals are elevated but not yet acute.,0.2552,moderate,3,2.6563,monitor,Selected monitor because it maximized deterministic net value under current constraints.,0.0,0.0,30.0,[]
22,Marina South,Central,2026-04-23 16:00:00+08:00,0.7746,0.7746,high,1,-1.0,0.33333334,critically low supply + below yesterday baseline,0.2273,low,2.0,0.2546,low,intervention,Heuristic baseline policy recommends intervention because depletion risk or imbalance is already high.,0.4734,moderate,5,2.6563,monitor,Selected monitor because it maximized deterministic net value under current constraints.,0.0,0.0,30.0,[]
22,Marina South,Central,2026-04-24 00:00:00+08:00,0.7703,0.7703,high,1,-1.0,1.0,critically low supply,0.015,low,0.0,0.0066,low,intervention,Heuristic baseline policy recommends intervention because depletion risk or imbalance is already high.,0.2764,moderate,1,2.6563,monitor,Selected monitor because it maximized deterministic net value under current constraints.,0.0,0.0,30.0,[]
22,Marina South,Central,2026-04-24 01:00:00+08:00,0.7564,0.7564,high,2,-0.5,2.0,critically low supply,0.0152,low,0.0,0.0067,low,intervention,Heuristic baseline policy recommends intervention because depletion risk or imbalance is already high.,0.2716,moderate,2,2.6563,monitor,Selected monitor because it maximized deterministic net value under current constraints.,0.0,0.0,30.0,[]
22,Marina South,Central,2026-04-24 11:00:00+08:00,0.5082,0.5082,medium,1,-1.0,1.0,critically low supply,0.1023,low,0.0,0.045,low,watchlist,Heuristic baseline policy recommends watchlist monitoring because signals are elevated but not yet acute.,0.2239,low,0,2.6563,monitor,Selected monitor because it maximized deterministic net value under current constraints.,0.0,0.0,30.0,[]
22,Marina South,Central,2026-04-24 12:00:00+08:00,0.62,0.62,medium,1,0.0,1.0,critically low supply,0.0446,low,0.0,0.0196,low,watchlist,Heuristic baseline policy recommends watchlist monitoring because signals are elevated but not yet acute.,0.2371,low,0,2.6563,monitor,Selected monitor because it maximized deterministic net value under current constraints.,0.0,0.0,30.0,[]
22,Marina South,Central,2026-04-24 14:00:00+08:00,0.934,0.934,high,4,-1.5,4.0,critically low supply,0.0624,low,0.0,0.0275,low,intervention,Heuristic baseline policy recommends intervention because depletion risk or imbalance is already high.,0.355,moderate,1,2.6563,monitor,Selected monitor because it maximized deterministic net value under current constraints.,0.0,0.0,30.0,[]
22,Marina South,Central,2026-04-24 15:00:00+08:00,0.7059,0.7059,high,1,0.6,0.5,rapid depletion + sustained depletion + critically low supply + below yesterday baseline,0.1286,low,1.0,0.0566,low,watchlist,Heuristic baseline policy recommends watchlist monitoring because signals are elevated but not yet acute.,0.3049,moderate,2,2.6563,monitor,Selected monitor because it maximized deterministic net value under current constraints.,0.0,0.0,30.0,[]
22,Marina South,Central,2026-04-24 16:00:00+08:00,0.7312,0.7312,high,1,0.0,1.0,sustained depletion + critically low supply,0.2273,low,0.0,0.1,low,watchlist,Heuristic baseline policy recommends watchlist monitoring because signals are elevated but not yet acute.,0.3582,moderate,3,2.6563,monitor,Selected monitor because it maximized deterministic net value under current constraints.,0.0,0.0,30.0,[]
22,Marina South,Central,2026-04-24 21:00:00+08:00,0.624,0.624,medium,1,-1.0,1.0,critically low supply,0.1286,low,0.0,0.0566,low,watchlist,Heuristic baseline policy recommends watchlist monitoring because signals are elevated but not yet acute.,0.2763,moderate,4,2.6563,monitor,Selected monitor because it maximized deterministic net value under current constraints.,0.0,0.0,30.0,[]
22,Marina South,Central,2026-04-25 08:00:00+08:00,0.9749,0.9749,high,2,-2.0,2.0,critically low supply + peak hour,0.385,low,0.0,0.1694,low,intervention,Heuristic baseline policy recommends intervention because depletion risk or imbalance is already high.,0.5145,moderate,1,2.6563,monitor,Selected monitor because it maximized deterministic net value under current constraints.,0.0,0.0,30.0,[]
22,Marina South,Central,2026-04-25 09:00:00+08:00,0.6859,0.6859,medium,1,0.33333334,0.5,rapid depletion + critically low supply + below yesterday baseline + peak hour,0.3349,low,1.0,0.1474,low,watchlist,Heuristic baseline policy recommends watchlist monitoring because signals are elevated but not yet acute.,0.3908,moderate,2,2.6563,monitor,Selected monitor because it maximized deterministic net value under current constraints.,0.0,0.0,30.0,[]
22,Marina South,Central,2026-04-25 10:00:00+08:00,0.7402,0.7402,high,1,0.0,1.0,critically low supply,0.2238,low,0.0,0.0985,low,watchlist,Heuristic baseline policy recommends watchlist monitoring because signals are elevated but not yet acute.,0.3598,moderate,3,2.6563,monitor,Selected monitor because it maximized deterministic net value under current constraints.,0.0,0.0,30.0,[]
22,Marina South,Central,2026-04-25 15:00:00+08:00,0.8148,0.8148,high,1,-1.0,0.33333334,critically low supply + below yesterday baseline,0.1486,low,2.0,0.201,low,intervention,Heuristic baseline policy recommends intervention because depletion risk or imbalance is already high.,0.452,moderate,2,2.6563,monitor,Selected monitor because it maximized deterministic net value under current constraints.,0.0,0.0,30.0,[]
22,Marina South,Central,2026-04-25 16:00:00+08:00,0.8376,0.8376,high,1,0.0,1.0,critically low supply,0.2473,low,0.0,0.1088,low,intervention,Heuristic baseline policy recommends intervention because depletion risk or imbalance is already high.,0.4044,moderate,3,2.6563,monitor,Selected monitor because it maximized deterministic net value under current constraints.,0.0,0.0,30.0,[]
22,Marina South,Central,2026-04-26 02:00:00+08:00,0.8096,0.8096,high,1,-1.0,0.33333334,critically low supply + below yesterday baseline,0.0364,low,2.0,0.1248,low,intervention,Heuristic baseline policy recommends intervention because depletion risk or imbalance is already high.,0.3997,moderate,1,2.6563,monitor,Selected monitor because it maximized deterministic net value under current constraints.,0.0,0.0,30.0,[]
22,Marina South,Central,2026-04-26 11:00:00+08:00,0.5848,0.5848,medium,1,-1.0,1.0,critically low supply,0.1223,low,0.0,0.0538,low,watchlist,Heuristic baseline policy recommends watchlist monitoring because signals are elevated but not yet acute.,0.2597,moderate,1,2.6563,monitor,Selected monitor because it maximized deterministic net value under current constraints.,0.0,0.0,30.0,[]
22,Marina South,Central,2026-04-26 12:00:00+08:00,0.5069,0.5069,medium,2,-0.5,1.0,critically low supply,0.0646,low,1.0,0.0207,low,watchlist,Heuristic baseline policy recommends watchlist monitoring because signals are elevated but not yet acute.,0.2065,low,0,2.6563,monitor,Selected monitor because it maximized deterministic net value under current constraints.,0.0,0.0,30.0,[]
22,Marina South,Central,2026-04-26 13:00:00+08:00,0.5653,0.5653,medium,1,0.33333334,1.0,rapid depletion + critically low supply,0.0504,low,0.0,0.0222,low,watchlist,Heuristic baseline policy recommends watchlist monitoring because signals are elevated but not yet acute.,0.2205,low,0,2.6563,monitor,Selected monitor because it maximized deterministic net value under current constraints.,0.0,0.0,30.0,[]
22,Marina South,Central,2026-04-26 14:00:00+08:00,0.6919,0.6919,medium,1,0.0,1.0,critically low supply,0.0824,low,0.0,0.0363,low,watchlist,Heuristic baseline policy recommends watchlist monitoring because signals are elevated but not yet acute.,0.2792,moderate,1,2.6563,monitor,Selected monitor because it maximized deterministic net value under current constraints.,0.0,0.0,30.0,[]
22,Marina South,Central,2026-04-26 15:00:00+08:00,0.5446,0.5446,medium,2,-0.5,2.0,critically low supply,0.1486,low,0.0,0.0654,low,watchlist,Heuristic baseline policy recommends watchlist monitoring because signals are elevated but not yet acute.,0.2575,moderate,2,2.6563,monitor,Selected monitor because it maximized deterministic net value under current constraints.,0.0,0.0,30.0,[]
22,Marina South,Central,2026-04-26 16:00:00+08:00,0.414,0.414,medium,2,0.0,2.0,critically low supply,0.2473,low,0.0,0.1088,low,watchlist,Heuristic baseline policy recommends watchlist monitoring because signals are elevated but not yet acute.,0.2562,moderate,3,2.6563,monitor,Selected monitor because it maximized deterministic net value under current constraints.,0.0,0.0,30.0,[]
22,Marina South,Central,2026-04-26 19:00:00+08:00,0.4651,0.4651,medium,1,0.0,0.5,critically low supply + below yesterday baseline + peak hour,0.3439,low,1.0,0.1513,low,watchlist,Heuristic baseline policy recommends watchlist monitoring because signals are elevated but not yet acute.,0.3175,moderate,6,2.6563,monitor,Selected monitor because it maximized deterministic net value under current constraints.,0.0,0.0,30.0,[]
22,Marina South,Central,2026-04-26 22:00:00+08:00,0.8093,0.8093,high,1,-1.0,1.0,critically low supply,0.0824,low,0.0,0.0363,low,intervention,Heuristic baseline policy recommends intervention because depletion risk or imbalance is already high.,0.3203,moderate,9,2.6563,monitor,Selected monitor because it maximized deterministic net value under current constraints.,0.0,0.0,30.0,[]
22,Marina South,Central,2026-04-27 06:00:00+08:00,0.8543,0.8543,high,2,-2.0,1.0,critically low supply,0.2038,low,1.0,0.0652,low,intervention,Heuristic baseline policy recommends intervention because depletion risk or imbalance is already high.,0.3907,moderate,1,2.6563,monitor,Selected monitor because it maximized deterministic net value under current constraints.,0.0,0.0,30.0,[]
22,Marina South,Central,2026-04-27 16:00:00+08:00,0.5652,0.5652,medium,1,-1.0,1.0,critically low supply,0.2273,low,0.0,0.1,low,watchlist,Heuristic baseline policy recommends watchlist monitoring because signals are elevated but not yet acute.,0.3001,moderate,4,2.6563,monitor,Selected monitor because it maximized deterministic net value under current constraints.,0.0,0.0,30.0,[]
22,Marina South,Central,2026-04-27 17:00:00+08:00,0.5414,0.5414,medium,1,0.0,1.0,critically low supply + peak hour,0.3239,low,0.0,0.1425,low,watchlist,Heuristic baseline policy recommends watchlist monitoring because signals are elevated but not yet acute.,0.3352,moderate,5,2.6563,monitor,Selected monitor because it maximized deterministic net value under current constraints.,0.0,0.0,30.0,[]
22,Marina South,Central,2026-04-27 20:00:00+08:00,0.7146,0.7146,high,1,-1.0,0.5,critically low supply + below yesterday baseline + peak hour,0.2273,low,1.0,0.1,low,watchlist,Heuristic baseline policy recommends watchlist monitoring because signals are elevated but not yet acute.,0.3524,moderate,8,2.6563,monitor,Selected monitor because it maximized deterministic net value under current constraints.,0.0,0.0,30.0,[]
22,Marina South,Central,2026-04-28 06:00:00+08:00,0.7488,0.7488,high,1,-1.0,0.5,critically low supply + below yesterday baseline,0.2038,low,1.0,0.0897,low,watchlist,Heuristic baseline policy recommends watchlist monitoring because signals are elevated but not yet acute.,0.3538,moderate,2,2.6563,monitor,Selected monitor because it maximized deterministic net value under current constraints.,0.0,0.0,30.0,[]
22,Marina South,Central,2026-04-28 07:00:00+08:00,0.566,0.566,medium,2,-0.5,1.0,critically low supply + peak hour,0.3149,low,1.0,0.1008,low,watchlist,Heuristic baseline policy recommends watchlist monitoring because signals are elevated but not yet acute.,0.3398,moderate,3,2.6563,monitor,Selected monitor because it maximized deterministic net value under current constraints.,0.0,0.0,30.0,[]
22,Marina South,Central,2026-04-28 08:00:00+08:00,0.9358,0.9358,high,2,0.0,2.0,critically low supply + peak hour,0.365,low,0.0,0.1606,low,intervention,Heuristic baseline policy recommends intervention because depletion risk or imbalance is already high.,0.4918,moderate,4,2.6563,monitor,Selected monitor because it maximized deterministic net value under current constraints.,0.0,0.0,30.0,[]
22,Marina South,Central,2026-04-28 09:00:00+08:00,0.8868,0.8868,high,4,-0.6666667,4.0,critically low supply + peak hour,0.3149,low,0.0,0.1386,low,intervention,Heuristic baseline policy recommends intervention because depletion risk or imbalance is already high.,0.4521,moderate,5,2.6563,monitor,Selected monitor because it maximized deterministic net value under current constraints.,0.0,0.0,30.0,[]
22,Marina South,Central,2026-04-28 10:00:00+08:00,0.6784,0.6784,medium,3,0.2,1.5,critically low supply,0.2038,low,1.0,0.0571,low,watchlist,Heuristic baseline policy recommends watchlist monitoring because signals are elevated but not yet acute.,0.3291,moderate,6,2.6563,monitor,Selected monitor because it maximized deterministic net value under current constraints.,0.0,0.0,30.0,[]
22,Marina South,Central,2026-04-29 08:00:00+08:00,0.8024,0.8024,high,1,-1.0,0.5,critically low supply + below yesterday baseline + peak hour,0.365,low,1.0,0.1606,low,intervention,Heuristic baseline policy recommends intervention because depletion risk or imbalance is already high.,0.4451,moderate,1,2.6563,monitor,Selected monitor because it maximized deterministic net value under current constraints.,0.0,0.0,30.0,[]
22,Marina South,Central,2026-04-29 18:00:00+08:00,0.6113,0.6113,medium,1,-1.0,1.0,critically low supply + peak hour,0.365,low,0.0,0.1606,low,watchlist,Heuristic baseline policy recommends watchlist monitoring because signals are elevated but not yet acute.,0.3782,moderate,4,2.6563,monitor,Selected monitor because it maximized deterministic net value under current constraints.,0.0,0.0,30.0,[]
22,Marina South,Central,2026-04-29 19:00:00+08:00,0.8509,0.8509,high,1,0.0,0.5,critically low supply + below yesterday baseline + peak hour,0.3239,low,1.0,0.1425,low,intervention,Heuristic baseline policy recommends intervention because depletion risk or imbalance is already high.,0.4436,moderate,5,2.6563,monitor,Selected monitor because it maximized deterministic net value under current constraints.,0.0,0.0,30.0,[]
22,Marina South,Central,2026-04-30 01:00:00+08:00,0.6526,0.6526,medium,1,-1.0,1.0,critically low supply,0.0152,low,0.0,0.0067,low,watchlist,Heuristic baseline policy recommends watchlist monitoring because signals are elevated but not yet acute.,0.2353,low,0,2.6563,monitor,Selected monitor because it maximized deterministic net value under current constraints.,0.0,0.0,30.0,[]
22,Marina South,Central,2026-04-30 05:00:00+08:00,0.7431,0.7431,high,1,-1.0,1.0,critically low supply,0.1023,low,0.0,0.045,low,watchlist,Heuristic baseline policy recommends watchlist monitoring because signals are elevated but not yet acute.,0.3061,moderate,1,2.6563,monitor,Selected monitor because it maximized deterministic net value under current constraints.,0.0,0.0,30.0,[]
22,Marina South,Central,2026-04-30 06:00:00+08:00,0.7854,0.7854,high,1,0.0,1.0,critically low supply,0.2038,low,0.0,0.0897,low,intervention,Heuristic baseline policy recommends intervention because depletion risk or imbalance is already high.,0.3666,moderate,2,2.6563,monitor,Selected monitor because it maximized deterministic net value under current constraints.,0.0,0.0,30.0,[]
22,Marina South,Central,2026-04-30 10:00:00+08:00,0.9827,0.9827,high,5,-2.0,5.0,critically low supply,0.2038,low,0.0,0.0897,low,intervention,Heuristic baseline policy recommends intervention because depletion risk or imbalance is already high.,0.4357,moderate,3,2.6563,monitor,Selected monitor because it maximized deterministic net value under current constraints.,0.0,0.0,30.0,[]
22,Marina South,Central,2026-04-30 14:00:00+08:00,0.7438,0.7438,high,2,-2.0,1.0,critically low supply,0.0624,low,1.0,0.02,low,watchlist,Heuristic baseline policy recommends watchlist monitoring because signals are elevated but not yet acute.,0.2884,moderate,5,2.6563,monitor,Selected monitor because it maximized deterministic net value under current constraints.,0.0,0.0,30.0,[]
22,Marina South,Central,2026-05-01 05:00:00+08:00,0.7391,0.7391,high,1,-1.0,1.0,critically low supply + public holiday,0.1023,low,0.0,0.045,low,watchlist,Heuristic baseline policy recommends watchlist monitoring because signals are elevated but not yet acute.,0.3047,moderate,1,2.6563,monitor,Selected monitor because it maximized deterministic net value under current constraints.,0.0,0.0,30.0,[]
22,Marina South,Central,2026-05-01 10:00:00+08:00,0.7861,0.7861,high,1,-1.0,1.0,critically low supply + public holiday,0.2038,low,0.0,0.0897,low,intervention,Heuristic baseline policy recommends intervention because depletion risk or imbalance is already high.,0.3668,moderate,3,2.6563,monitor,Selected monitor because it maximized deterministic net value under current constraints.,0.0,0.0,30.0,[]
22,Marina South,Central,2026-05-01 11:00:00+08:00,0.5374,0.5374,medium,1,0.0,1.0,critically low supply + public holiday,0.1023,low,0.0,0.045,low,watchlist,Heuristic baseline policy recommends watchlist monitoring because signals are elevated but not yet acute.,0.2341,low,0,2.6563,monitor,Selected monitor because it maximized deterministic net value under current constraints.,0.0,0.0,30.0,[]
22,Marina South,Central,2026-05-01 13:00:00+08:00,0.6263,0.6263,medium,1,-1.0,0.5,critically low supply + below yesterday baseline + public holiday,0.0304,low,1.0,0.0134,low,watchlist,Heuristic baseline policy recommends watchlist monitoring because signals are elevated but not yet acute.,0.2329,low,0,2.6563,monitor,Selected monitor because it maximized deterministic net value under current constraints.,0.0,0.0,30.0,[]
22,Marina South,Central,2026-05-01 14:00:00+08:00,0.8339,0.8339,high,1,0.0,1.0,critically low supply + public holiday,0.0624,low,0.0,0.0275,low,intervention,Heuristic baseline policy recommends intervention because depletion risk or imbalance is already high.,0.3199,moderate,1,2.6563,monitor,Selected monitor because it maximized deterministic net value under current constraints.,0.0,0.0,30.0,[]
22,Marina South,Central,2026-05-01 15:00:00+08:00,0.8663,0.8663,high,2,-0.5,1.0,critically low supply + public holiday,0.1286,low,1.0,0.0412,low,intervention,Heuristic baseline policy recommends intervention because depletion risk or imbalance is already high.,0.3611,moderate,2,2.6563,monitor,Selected monitor because it maximized deterministic net value under current constraints.,0.0,0.0,30.0,[]
22,Marina South,Central,2026-05-01 16:00:00+08:00,0.5598,0.5598,medium,1,0.33333334,1.0,rapid depletion + critically low supply + public holiday,0.2273,low,0.0,0.1,low,watchlist,Heuristic baseline policy recommends watchlist monitoring because signals are elevated but not yet acute.,0.2982,moderate,3,2.6563,monitor,Selected monitor because it maximized deterministic net value under current constraints.,0.0,0.0,30.0,[]
22,Marina South,Central,2026-05-01 18:00:00+08:00,0.4656,0.4656,medium,1,0.0,1.0,critically low supply + peak hour + public holiday,0.365,low,0.0,0.1606,low,watchlist,Heuristic baseline policy recommends watchlist monitoring because signals are elevated but not yet acute.,0.3272,moderate,1,2.6563,monitor,Selected monitor because it maximized deterministic net value under current constraints.,0.0,0.0,30.0,[]
22,Marina South,Central,2026-05-01 19:00:00+08:00,0.505,0.505,medium,1,0.0,0.5,critically low supply + below yesterday baseline + peak hour + public holiday,0.3239,low,1.0,0.1425,low,watchlist,Heuristic baseline policy recommends watchlist monitoring because signals are elevated but not yet acute.,0.3225,moderate,2,2.6563,monitor,Selected monitor because it maximized deterministic net value under current constraints.,0.0,0.0,30.0,[]
22,Marina South,Central,2026-05-01 20:00:00+08:00,0.5271,0.5271,medium,1,0.0,0.5,critically low supply + below yesterday baseline + peak hour + public holiday,0.2273,low,1.0,0.1,low,watchlist,Heuristic baseline policy recommends watchlist monitoring because signals are elevated but not yet acute.,0.2868,moderate,3,2.6563,monitor,Selected monitor because it maximized deterministic net value under current constraints.,0.0,0.0,30.0,[]
22,Marina South,Central,2026-05-01 21:00:00+08:00,0.8525,0.8525,high,1,0.0,0.16666667,critically low supply + below yesterday baseline + public holiday,0.1286,low,5.0,0.34,low,intervention,Heuristic baseline policy recommends intervention because depletion risk or imbalance is already high.,0.5162,moderate,4,2.6563,monitor,Selected monitor because it maximized deterministic net value under current constraints.,0.0,0.0,30.0,[]
22,Marina South,Central,2026-05-02 01:00:00+08:00,0.7603,0.7603,high,1,-1.0,1.0,critically low supply,0.0352,low,0.0,0.0155,low,intervention,Heuristic baseline policy recommends intervention because depletion risk or imbalance is already high.,0.2819,moderate,1,2.6563,monitor,Selected monitor because it maximized deterministic net value under current constraints.,0.0,0.0,30.0,[]
22,Marina South,Central,2026-05-02 06:00:00+08:00,0.9695,0.9695,high,2,-2.0,2.0,critically low supply,0.2238,low,0.0,0.0985,low,intervention,Heuristic baseline policy recommends intervention because depletion risk or imbalance is already high.,0.44,moderate,2,2.6563,monitor,Selected monitor because it maximized deterministic net value under current constraints.,0.0,0.0,30.0,[]
22,Marina South,Central,2026-05-02 08:00:00+08:00,0.9215,0.9215,high,2,0.0,2.0,critically low supply + peak hour,0.385,low,0.0,0.1694,low,intervention,Heuristic baseline policy recommends intervention because depletion risk or imbalance is already high.,0.4958,moderate,3,2.6563,monitor,Selected monitor because it maximized deterministic net value under current constraints.,0.0,0.0,30.0,[]
22,Marina South,Central,2026-05-02 15:00:00+08:00,0.795,0.795,high,1,-1.0,1.0,critically low supply,0.1486,low,0.0,0.0654,low,intervention,Heuristic baseline policy recommends intervention because depletion risk or imbalance is already high.,0.3451,moderate,1,2.6563,monitor,Selected monitor because it maximized deterministic net value under current constraints.,0.0,0.0,30.0,[]
22,Marina South,Central,2026-05-02 16:00:00+08:00,0.8519,0.8519,high,1,0.0,0.5,critically low supply + below yesterday baseline,0.2473,low,1.0,0.1088,low,intervention,Heuristic baseline policy recommends intervention because depletion risk or imbalance is already high.,0.4094,moderate,2,2.6563,monitor,Selected monitor because it maximized deterministic net value under current constraints.,0.0,0.0,30.0,[]
22,Marina South,Central,2026-05-02 20:00:00+08:00,0.6431,0.6431,medium,1,-1.0,0.33333334,critically low supply + below yesterday baseline + peak hour,0.2473,low,2.0,0.2682,low,watchlist,Heuristic baseline policy recommends watchlist monitoring because signals are elevated but not yet acute.,0.4364,moderate,4,2.6563,monitor,Selected monitor because it maximized deterministic net value under current constraints.,0.0,0.0,30.0,[]
22,Marina South,Central,2026-05-11 11:00:00+08:00,0.939,0.939,high,3,-2.0,1.5,critically low supply + rain,0.1689,low,1.0,0.0473,low,intervention,Heuristic baseline policy recommends intervention because depletion risk or imbalance is already high.,0.4047,moderate,1,2.6563,monitor,Selected monitor because it maximized deterministic net value under current constraints.,0.0,0.0,30.0,[]
23,Marine Parade,East,2026-04-16 10:00:00+08:00,0.9901,0.9901,high,19,-2.0,3.2990353,low supply,0.2038,low,4.7593,0.053,low,intervention,Heuristic baseline policy recommends intervention because depletion risk or imbalance is already high.,0.4382,moderate,1,2.323,monitor,Selected monitor because it maximized deterministic net value under current constraints.,0.0,0.0,30.0,[]
23,Marine Parade,East,2026-04-17 10:00:00+08:00,0.7454,0.7454,high,6,-1.3333334,1.0418006,sustained depletion + critically low supply,0.2038,low,4.7593,0.0796,low,watchlist,Heuristic baseline policy recommends watchlist monitoring because signals are elevated but not yet acute.,0.3526,moderate,3,2.323,monitor,Selected monitor because it maximized deterministic net value under current constraints.,0.0,0.0,30.0,[]
23,Marine Parade,East,2026-04-17 11:00:00+08:00,0.4904,0.4904,medium,6,0.0,1.0418006,sustained depletion + critically low supply,0.1023,low,4.7593,0.0399,low,watchlist,Heuristic baseline policy recommends watchlist monitoring because signals are elevated but not yet acute.,0.2177,low,0,2.323,monitor,Selected monitor because it maximized deterministic net value under current constraints.,0.0,0.0,30.0,[]
23,Marine Parade,East,2026-04-17 15:00:00+08:00,0.743,0.743,high,6,-0.4,1.0418006,critically low supply,0.1286,low,4.7593,0.0502,low,watchlist,Heuristic baseline policy recommends watchlist monitoring because signals are elevated but not yet acute.,0.3179,moderate,1,2.323,monitor,Selected monitor because it maximized deterministic net value under current constraints.,0.0,0.0,30.0,[]
23,Marine Parade,East,2026-04-18 02:00:00+08:00,0.7661,0.7661,high,4,-0.25,0.69453377,critically low supply + below yesterday baseline,0.0364,low,4.7593,0.0496,low,intervention,Heuristic baseline policy recommends intervention because depletion risk or imbalance is already high.,0.3164,moderate,1,2.323,monitor,Selected monitor because it maximized deterministic net value under current constraints.,0.0,0.0,30.0,[]
23,Marine Parade,East,2026-04-18 04:00:00+08:00,0.6269,0.6269,medium,2,0.0,0.34726688,critically low supply + below yesterday baseline,0.0646,low,4.7593,0.1658,low,watchlist,Heuristic baseline policy recommends watchlist monitoring because signals are elevated but not yet acute.,0.3644,moderate,1,2.323,monitor,Selected monitor because it maximized deterministic net value under current constraints.,0.0,0.0,30.0,[]
23,Marine Parade,East,2026-04-18 09:00:00+08:00,0.7128,0.7128,high,8,-2.0,1.3890675,critically low supply + peak hour,0.3349,low,4.7593,0.1148,low,watchlist,Heuristic baseline policy recommends watchlist monitoring because signals are elevated but not yet acute.,0.4002,moderate,2,2.323,monitor,Selected monitor because it maximized deterministic net value under current constraints.,0.0,0.0,30.0,[]
23,Marine Parade,East,2026-04-19 01:00:00+08:00,0.4273,0.4273,medium,2,0.0,0.6666667,critically low supply + below yesterday baseline,0.0352,low,2.0,0.0155,low,watchlist,Heuristic baseline policy recommends watchlist monitoring because signals are elevated but not yet acute.,0.1654,low,0,2.323,monitor,Selected monitor because it maximized deterministic net value under current constraints.,0.0,0.0,30.0,[]
23,Marine Parade,East,2026-04-19 10:00:00+08:00,0.9755,0.9755,high,10,-1.75,2.5,low supply,0.2238,low,3.0,0.0609,low,intervention,Heuristic baseline policy recommends intervention because depletion risk or imbalance is already high.,0.4421,moderate,1,2.323,monitor,Selected monitor because it maximized deterministic net value under current constraints.,0.0,0.0,30.0,[]
23,Marine Parade,East,2026-04-19 23:00:00+08:00,0.5149,0.5149,medium,7,-1.0,1.1666666,critically low supply,0.0504,low,5.0,0.0187,low,watchlist,Heuristic baseline policy recommends watchlist monitoring because signals are elevated but not yet acute.,0.2029,low,0,2.323,monitor,Selected monitor because it maximized deterministic net value under current constraints.,0.0,0.0,30.0,[]
23,Marine Parade,East,2026-04-20 06:00:00+08:00,0.6458,0.6458,medium,4,-0.6666667,1.3333334,critically low supply,0.2038,low,2.0,0.0652,low,watchlist,Heuristic baseline policy recommends watchlist monitoring because signals are elevated but not yet acute.,0.3177,moderate,1,2.323,monitor,Selected monitor because it maximized deterministic net value under current constraints.,0.0,0.0,30.0,[]
23,Marine Parade,East,2026-04-20 07:00:00+08:00,0.8139,0.8139,high,6,-0.4,1.5,critically low supply + peak hour,0.3149,low,3.0,0.1008,low,intervention,Heuristic baseline policy recommends intervention because depletion risk or imbalance is already high.,0.4266,moderate,2,2.323,monitor,Selected monitor because it maximized deterministic net value under current constraints.,0.0,0.0,30.0,[]
23,Marine Parade,East,2026-04-20 08:00:00+08:00,0.6557,0.6557,medium,4,0.2857143,1.0,critically low supply + peak hour,0.365,low,3.0,0.1387,low,watchlist,Heuristic baseline policy recommends watchlist monitoring because signals are elevated but not yet acute.,0.3937,moderate,3,2.323,monitor,Selected monitor because it maximized deterministic net value under current constraints.,0.0,0.0,30.0,[]
23,Marine Parade,East,2026-04-20 09:00:00+08:00,0.5788,0.5788,medium,4,0.0,1.0,critically low supply + peak hour,0.3149,low,3.0,0.1197,low,watchlist,Heuristic baseline policy recommends watchlist monitoring because signals are elevated but not yet acute.,0.3443,moderate,4,2.323,monitor,Selected monitor because it maximized deterministic net value under current constraints.,0.0,0.0,30.0,[]
23,Marine Parade,East,2026-04-20 10:00:00+08:00,0.7665,0.7665,high,6,-0.4,1.5,critically low supply,0.2038,low,3.0,0.0652,low,intervention,Heuristic baseline policy recommends intervention because depletion risk or imbalance is already high.,0.36,moderate,5,2.323,monitor,Selected monitor because it maximized deterministic net value under current constraints.,0.0,0.0,30.0,[]
23,Marine Parade,East,2026-04-21 00:00:00+08:00,0.7429,0.7429,high,4,-0.25,0.5,critically low supply + below yesterday baseline,0.015,low,7.0,0.095,low,watchlist,Heuristic baseline policy recommends watchlist monitoring because signals are elevated but not yet acute.,0.3525,moderate,1,2.323,monitor,Selected monitor because it maximized deterministic net value under current constraints.,0.0,0.0,30.0,[]
23,Marine Parade,East,2026-04-21 05:00:00+08:00,0.8345,0.8345,high,7,-0.33333334,1.75,critically low supply,0.1023,low,3.0,0.031,low,intervention,Heuristic baseline policy recommends intervention because depletion risk or imbalance is already high.,0.3381,moderate,1,2.323,monitor,Selected monitor because it maximized deterministic net value under current constraints.,0.0,0.0,30.0,[]
23,Marine Parade,East,2026-04-21 11:00:00+08:00,0.4312,0.4312,medium,12,-0.625,4.0,low supply,0.1023,low,2.0,0.0246,low,watchlist,Heuristic baseline policy recommends watchlist monitoring because signals are elevated but not yet acute.,0.197,low,0,2.323,monitor,Selected monitor because it maximized deterministic net value under current constraints.,0.0,0.0,30.0,[]
23,Marine Parade,East,2026-04-22 10:00:00+08:00,0.6993,0.6993,medium,5,-0.5,0.71428573,critically low supply,0.2038,low,6.0,0.1328,low,watchlist,Heuristic baseline policy recommends watchlist monitoring because signals are elevated but not yet acute.,0.3698,moderate,2,2.323,monitor,Selected monitor because it maximized deterministic net value under current constraints.,0.0,0.0,30.0,[]
23,Marine Parade,East,2026-04-22 14:00:00+08:00,0.5044,0.5044,medium,6,-0.4,1.0,critically low supply,0.0624,low,5.0,0.025,low,watchlist,Heuristic baseline policy recommends watchlist monitoring because signals are elevated but not yet acute.,0.2046,low,0,2.323,monitor,Selected monitor because it maximized deterministic net value under current constraints.,0.0,0.0,30.0,[]
23,Marine Parade,East,2026-04-23 07:00:00+08:00,0.6246,0.6246,medium,6,-0.75,1.5,critically low supply + peak hour,0.3149,low,3.0,0.1008,low,watchlist,Heuristic baseline policy recommends watchlist monitoring because signals are elevated but not yet acute.,0.3603,moderate,1,2.323,monitor,Selected monitor because it maximized deterministic net value under current constraints.,0.0,0.0,30.0,[]
23,Marine Parade,East,2026-04-24 00:00:00+08:00,0.7082,0.7082,high,4,-1.5,0.8,critically low supply,0.015,low,4.0,0.0066,low,watchlist,Heuristic baseline policy recommends watchlist monitoring because signals are elevated but not yet acute.,0.2546,moderate,1,2.323,monitor,Selected monitor because it maximized deterministic net value under current constraints.,0.0,0.0,30.0,[]
23,Marine Parade,East,2026-04-24 01:00:00+08:00,0.5795,0.5795,medium,5,-0.2,2.5,critically low supply,0.0152,low,1.0,0.0038,low,watchlist,Heuristic baseline policy recommends watchlist monitoring because signals are elevated but not yet acute.,0.2097,low,0,2.323,monitor,Selected monitor because it maximized deterministic net value under current constraints.,0.0,0.0,30.0,[]
23,Marine Parade,East,2026-04-24 14:00:00+08:00,0.5367,0.5367,medium,6,-0.16666667,1.2,critically low supply,0.0624,low,4.0,0.0225,low,watchlist,Heuristic baseline policy recommends watchlist monitoring because signals are elevated but not yet acute.,0.2159,low,0,2.323,monitor,Selected monitor because it maximized deterministic net value under current constraints.,0.0,0.0,30.0,[]
23,Marine Parade,East,2026-04-25 00:00:00+08:00,0.4723,0.4723,medium,4,-0.6666667,0.6666667,critically low supply + below yesterday baseline,0.035,low,5.0,0.0575,low,watchlist,Heuristic baseline policy recommends watchlist monitoring because signals are elevated but not yet acute.,0.2211,low,0,2.323,monitor,Selected monitor because it maximized deterministic net value under current constraints.,0.0,0.0,30.0,[]
23,Marine Parade,East,2026-04-25 03:00:00+08:00,0.6794,0.6794,medium,4,0.0,1.0,critically low supply,0.0424,low,3.0,0.0161,low,watchlist,Heuristic baseline policy recommends watchlist monitoring because signals are elevated but not yet acute.,0.2569,moderate,1,2.323,monitor,Selected monitor because it maximized deterministic net value under current constraints.,0.0,0.0,30.0,[]
23,Marine Parade,East,2026-04-25 09:00:00+08:00,0.4375,0.4375,medium,9,-0.6666667,1.125,critically low supply + peak hour,0.3349,low,7.0,0.1295,low,watchlist,Heuristic baseline policy recommends watchlist monitoring because signals are elevated but not yet acute.,0.3038,moderate,3,2.323,monitor,Selected monitor because it maximized deterministic net value under current constraints.,0.0,0.0,30.0,[]
23,Marine Parade,East,2026-04-25 10:00:00+08:00,0.5244,0.5244,medium,8,0.1,1.6,critically low supply,0.2238,low,4.0,0.0716,low,watchlist,Heuristic baseline policy recommends watchlist monitoring because signals are elevated but not yet acute.,0.2843,moderate,4,2.323,monitor,Selected monitor because it maximized deterministic net value under current constraints.,0.0,0.0,30.0,[]
23,Marine Parade,East,2026-04-25 14:00:00+08:00,0.8318,0.8318,high,4,0.0,0.8,critically low supply,0.0824,low,4.0,0.0363,low,intervention,Heuristic baseline policy recommends intervention because depletion risk or imbalance is already high.,0.3282,moderate,1,2.323,monitor,Selected monitor because it maximized deterministic net value under current constraints.,0.0,0.0,30.0,[]
23,Marine Parade,East,2026-04-26 02:00:00+08:00,0.7913,0.7913,high,4,-0.25,0.5714286,critically low supply + below yesterday baseline,0.0364,low,6.0,0.0871,low,intervention,Heuristic baseline policy recommends intervention because depletion risk or imbalance is already high.,0.36,moderate,1,2.323,monitor,Selected monitor because it maximized deterministic net value under current constraints.,0.0,0.0,30.0,[]
23,Marine Parade,East,2026-04-26 04:00:00+08:00,0.822,0.822,high,4,-0.25,0.6666667,critically low supply + below yesterday baseline,0.0646,low,5.0,0.0723,low,intervention,Heuristic baseline policy recommends intervention because depletion risk or imbalance is already high.,0.3568,moderate,1,2.323,monitor,Selected monitor because it maximized deterministic net value under current constraints.,0.0,0.0,30.0,[]
23,Marine Parade,East,2026-04-27 10:00:00+08:00,0.5624,0.5624,medium,7,-0.33333334,1.0,critically low supply,0.2038,low,6.0,0.0827,low,watchlist,Heuristic baseline policy recommends watchlist monitoring because signals are elevated but not yet acute.,0.2885,moderate,1,2.323,monitor,Selected monitor because it maximized deterministic net value under current constraints.,0.0,0.0,30.0,[]
23,Marine Parade,East,2026-04-28 05:00:00+08:00,0.5098,0.5098,medium,4,-0.25,0.5,critically low supply + below yesterday baseline,0.1023,low,7.0,0.1491,low,watchlist,Heuristic baseline policy recommends watchlist monitoring because signals are elevated but not yet acute.,0.3102,moderate,2,2.323,monitor,Selected monitor because it maximized deterministic net value under current constraints.,0.0,0.0,30.0,[]
23,Marine Parade,East,2026-04-28 09:00:00+08:00,0.4153,0.4153,medium,4,-0.25,0.8,critically low supply + peak hour,0.3149,low,4.0,0.1386,low,watchlist,Heuristic baseline policy recommends watchlist monitoring because signals are elevated but not yet acute.,0.2871,moderate,3,2.323,monitor,Selected monitor because it maximized deterministic net value under current constraints.,0.0,0.0,30.0,[]
23,Marine Parade,East,2026-04-28 10:00:00+08:00,0.8613,0.8613,high,8,-0.8,1.6,critically low supply,0.2038,low,4.0,0.0652,low,intervention,Heuristic baseline policy recommends intervention because depletion risk or imbalance is already high.,0.3932,moderate,4,2.323,monitor,Selected monitor because it maximized deterministic net value under current constraints.,0.0,0.0,30.0,[]
23,Marine Parade,East,2026-04-29 10:00:00+08:00,0.7408,0.7408,high,5,-2.0,0.71428573,critically low supply,0.2038,low,6.0,0.1328,low,watchlist,Heuristic baseline policy recommends watchlist monitoring because signals are elevated but not yet acute.,0.3843,moderate,2,2.323,monitor,Selected monitor because it maximized deterministic net value under current constraints.,0.0,0.0,30.0,[]
23,Marine Parade,East,2026-04-29 18:00:00+08:00,0.5489,0.5489,medium,6,0.125,1.0,critically low supply + peak hour,0.365,low,5.0,0.146,low,watchlist,Heuristic baseline policy recommends watchlist monitoring because signals are elevated but not yet acute.,0.3564,moderate,4,2.323,monitor,Selected monitor because it maximized deterministic net value under current constraints.,0.0,0.0,30.0,[]
23,Marine Parade,East,2026-04-30 04:00:00+08:00,0.6249,0.6249,medium,4,0.0,1.3333334,critically low supply,0.0446,low,2.0,0.0143,low,watchlist,Heuristic baseline policy recommends watchlist monitoring because signals are elevated but not yet acute.,0.2388,low,0,2.323,monitor,Selected monitor because it maximized deterministic net value under current constraints.,0.0,0.0,30.0,[]
23,Marine Parade,East,2026-04-30 05:00:00+08:00,0.5088,0.5088,medium,4,0.0,1.0,critically low supply,0.1023,low,3.0,0.0389,low,watchlist,Heuristic baseline policy recommends watchlist monitoring because signals are elevated but not yet acute.,0.2241,low,0,2.323,monitor,Selected monitor because it maximized deterministic net value under current constraints.,0.0,0.0,30.0,[]
23,Marine Parade,East,2026-04-30 06:00:00+08:00,0.7788,0.7788,high,6,-0.4,2.0,critically low supply,0.2038,low,2.0,0.0571,low,intervention,Heuristic baseline policy recommends intervention because depletion risk or imbalance is already high.,0.3643,moderate,1,2.323,monitor,Selected monitor because it maximized deterministic net value under current constraints.,0.0,0.0,30.0,[]
23,Marine Parade,East,2026-04-30 11:00:00+08:00,0.849,0.849,high,8,-1.25,1.6,critically low supply,0.1023,low,4.0,0.0327,low,intervention,Heuristic baseline policy recommends intervention because depletion risk or imbalance is already high.,0.3432,moderate,1,2.323,monitor,Selected monitor because it maximized deterministic net value under current constraints.,0.0,0.0,30.0,[]
23,Marine Parade,East,2026-05-01 04:00:00+08:00,0.4769,0.4769,medium,2,-0.5,0.5,critically low supply + below yesterday baseline + public holiday,0.0446,low,3.0,0.0916,low,watchlist,Heuristic baseline policy recommends watchlist monitoring because signals are elevated but not yet acute.,0.2537,moderate,1,2.323,monitor,Selected monitor because it maximized deterministic net value under current constraints.,0.0,0.0,30.0,[]
23,Marine Parade,East,2026-05-01 05:00:00+08:00,0.4686,0.4686,medium,3,-0.33333334,0.6,critically low supply + below yesterday baseline + public holiday,0.1023,low,4.0,0.1032,low,watchlist,Heuristic baseline policy recommends watchlist monitoring because signals are elevated but not yet acute.,0.26,moderate,2,2.323,monitor,Selected monitor because it maximized deterministic net value under current constraints.,0.0,0.0,30.0,[]
23,Marine Parade,East,2026-05-01 07:00:00+08:00,0.7207,0.7207,high,6,-0.75,3.0,critically low supply + peak hour + public holiday,0.3149,low,1.0,0.0756,low,watchlist,Heuristic baseline policy recommends watchlist monitoring because signals are elevated but not yet acute.,0.394,moderate,3,2.323,monitor,Selected monitor because it maximized deterministic net value under current constraints.,0.0,0.0,30.0,[]
23,Marine Parade,East,2026-05-01 10:00:00+08:00,0.4517,0.4517,medium,5,0.14285715,0.8333333,critically low supply + public holiday,0.2038,low,5.0,0.0897,low,watchlist,Heuristic baseline policy recommends watchlist monitoring because signals are elevated but not yet acute.,0.2498,low,0,2.323,monitor,Selected monitor because it maximized deterministic net value under current constraints.,0.0,0.0,30.0,[]
23,Marine Parade,East,2026-05-02 00:00:00+08:00,0.4788,0.4788,medium,4,-0.25,0.4,critically low supply + below yesterday baseline,0.035,low,9.0,0.137,low,watchlist,Heuristic baseline policy recommends watchlist monitoring because signals are elevated but not yet acute.,0.2944,moderate,1,2.323,monitor,Selected monitor because it maximized deterministic net value under current constraints.,0.0,0.0,30.0,[]
23,Marine Parade,East,2026-05-02 01:00:00+08:00,0.5316,0.5316,medium,4,0.0,0.5714286,critically low supply + below yesterday baseline,0.0352,low,6.0,0.0864,low,watchlist,Heuristic baseline policy recommends watchlist monitoring because signals are elevated but not yet acute.,0.2686,moderate,2,2.323,monitor,Selected monitor because it maximized deterministic net value under current constraints.,0.0,0.0,30.0,[]
23,Marine Parade,East,2026-05-02 04:00:00+08:00,0.4553,0.4553,medium,5,-0.2,1.0,critically low supply,0.0646,low,4.0,0.0253,low,watchlist,Heuristic baseline policy recommends watchlist monitoring because signals are elevated but not yet acute.,0.1884,low,0,2.323,monitor,Selected monitor because it maximized deterministic net value under current constraints.,0.0,0.0,30.0,[]
23,Marine Parade,East,2026-05-02 05:00:00+08:00,0.6362,0.6362,medium,6,-0.16666667,2.0,critically low supply,0.1223,low,2.0,0.0342,low,watchlist,Heuristic baseline policy recommends watchlist monitoring because signals are elevated but not yet acute.,0.2777,moderate,1,2.323,monitor,Selected monitor because it maximized deterministic net value under current constraints.,0.0,0.0,30.0,[]
23,Marine Parade,East,2026-05-02 06:00:00+08:00,0.6838,0.6838,medium,6,0.0,3.0,critically low supply,0.2238,low,1.0,0.0537,low,watchlist,Heuristic baseline policy recommends watchlist monitoring because signals are elevated but not yet acute.,0.34,moderate,2,2.323,monitor,Selected monitor because it maximized deterministic net value under current constraints.,0.0,0.0,30.0,[]
23,Marine Parade,East,2026-05-02 08:00:00+08:00,0.4963,0.4963,medium,6,0.0,2.0,critically low supply + peak hour,0.385,low,2.0,0.1078,low,watchlist,Heuristic baseline policy recommends watchlist monitoring because signals are elevated but not yet acute.,0.347,moderate,3,2.323,monitor,Selected monitor because it maximized deterministic net value under current constraints.,0.0,0.0,30.0,[]
23,Marine Parade,East,2026-05-02 20:00:00+08:00,0.4578,0.4578,medium,4,-1.5,0.5714286,critically low supply + below yesterday baseline + peak hour,0.2473,low,6.0,0.2052,low,watchlist,Heuristic baseline policy recommends watchlist monitoring because signals are elevated but not yet acute.,0.3382,moderate,2,2.323,monitor,Selected monitor because it maximized deterministic net value under current constraints.,0.0,0.0,30.0,[]
23,Marine Parade,East,2026-05-11 11:00:00+08:00,0.6064,0.6064,medium,9,-2.0,1.0,critically low supply + rain,0.1689,low,8.0,0.0698,low,watchlist,Heuristic baseline policy recommends watchlist monitoring because signals are elevated but not yet acute.,0.2882,moderate,1,2.323,monitor,Selected monitor because it maximized deterministic net value under current constraints.,0.0,0.0,30.0,[]
24,Museum,Central,2026-04-16 02:00:00+08:00,0.9344,0.9344,high,22,-0.9180042,1.875296,normal conditions,0.0164,low,10.7315,0.0052,low,intervention,Heuristic baseline policy recommends intervention because depletion risk or imbalance is already high.,0.3344,moderate,1,8.9897,monitor,Selected monitor because it maximized deterministic net value under current constraints.,0.0,0.0,30.0,[]
24,Museum,Central,2026-04-16 10:00:00+08:00,0.9871,0.9871,high,51,-1.2608696,4.347277,normal conditions,0.2038,low,10.7315,0.0511,low,intervention,Heuristic baseline policy recommends intervention because depletion risk or imbalance is already high.,0.4372,moderate,2,8.9897,monitor,Selected monitor because it maximized deterministic net value under current constraints.,0.0,0.0,30.0,[]
24,Museum,Central,2026-04-17 12:00:00+08:00,0.7217,0.7217,high,16,-0.30769232,1.3638517,low supply,0.0446,low,10.7315,0.0161,low,watchlist,Heuristic baseline policy recommends watchlist monitoring because signals are elevated but not yet acute.,0.2727,moderate,1,8.9897,monitor,Selected monitor because it maximized deterministic net value under current constraints.,0.0,0.0,30.0,[]
24,Museum,Central,2026-04-17 17:00:00+08:00,0.5304,0.5304,medium,15,-2.0,1.278611,low supply + peak hour,0.3239,low,10.7315,0.1204,low,watchlist,Heuristic baseline policy recommends watchlist monitoring because signals are elevated but not yet acute.,0.3314,moderate,1,8.9897,monitor,Selected monitor because it maximized deterministic net value under current constraints.,0.0,0.0,30.0,[]
24,Museum,Central,2026-04-17 18:00:00+08:00,0.6941,0.6941,medium,12,0.1875,1.0228887,low supply + peak hour,0.365,low,10.7315,0.1513,low,watchlist,Heuristic baseline policy recommends watchlist monitoring because signals are elevated but not yet acute.,0.4072,moderate,2,8.9897,monitor,Selected monitor because it maximized deterministic net value under current constraints.,0.0,0.0,30.0,[]
24,Museum,Central,2026-04-18 12:00:00+08:00,0.4898,0.4898,medium,19,-0.53846157,1.6195738,low supply,0.0646,low,10.7315,0.0217,low,watchlist,Heuristic baseline policy recommends watchlist monitoring because signals are elevated but not yet acute.,0.2005,low,0,8.9897,monitor,Selected monitor because it maximized deterministic net value under current constraints.,0.0,0.0,30.0,[]
24,Museum,Central,2026-04-19 06:00:00+08:00,0.4942,0.4942,medium,14,-0.071428575,1.0769231,low supply,0.2238,low,12.0,0.0908,low,watchlist,Heuristic baseline policy recommends watchlist monitoring because signals are elevated but not yet acute.,0.2737,moderate,1,8.9897,monitor,Selected monitor because it maximized deterministic net value under current constraints.,0.0,0.0,30.0,[]
24,Museum,Central,2026-04-19 10:00:00+08:00,0.9148,0.9148,high,22,-0.53333336,1.8333334,normal conditions,0.2238,low,11.0,0.0716,low,intervention,Heuristic baseline policy recommends intervention because depletion risk or imbalance is already high.,0.4209,moderate,2,8.9897,monitor,Selected monitor because it maximized deterministic net value under current constraints.,0.0,0.0,30.0,[]
24,Museum,Central,2026-04-19 22:00:00+08:00,0.5881,0.5881,medium,14,0.0,0.93333334,low supply,0.0824,low,14.0,0.0363,low,watchlist,Heuristic baseline policy recommends watchlist monitoring because signals are elevated but not yet acute.,0.2429,low,0,8.9897,monitor,Selected monitor because it maximized deterministic net value under current constraints.,0.0,0.0,30.0,[]
24,Museum,Central,2026-04-19 23:00:00+08:00,0.7707,0.7707,high,21,-0.46666667,1.75,normal conditions,0.0504,low,11.0,0.0164,low,intervention,Heuristic baseline policy recommends intervention because depletion risk or imbalance is already high.,0.2924,moderate,1,8.9897,monitor,Selected monitor because it maximized deterministic net value under current constraints.,0.0,0.0,30.0,[]
24,Museum,Central,2026-04-20 09:00:00+08:00,0.5938,0.5938,medium,12,-0.625,1.7142857,low supply + peak hour,0.3149,low,6.0,0.1008,low,watchlist,Heuristic baseline policy recommends watchlist monitoring because signals are elevated but not yet acute.,0.3495,moderate,1,8.9897,monitor,Selected monitor because it maximized deterministic net value under current constraints.,0.0,0.0,30.0,[]
24,Museum,Central,2026-04-20 10:00:00+08:00,0.7008,0.7008,high,12,0.0,0.85714287,low supply,0.2038,low,13.0,0.1091,low,watchlist,Heuristic baseline policy recommends watchlist monitoring because signals are elevated but not yet acute.,0.3524,moderate,2,8.9897,monitor,Selected monitor because it maximized deterministic net value under current constraints.,0.0,0.0,30.0,[]
24,Museum,Central,2026-04-20 17:00:00+08:00,0.5997,0.5997,medium,15,-1.2857143,1.3636364,low supply + peak hour,0.3239,low,10.0,0.1166,low,watchlist,Heuristic baseline policy recommends watchlist monitoring because signals are elevated but not yet acute.,0.3557,moderate,1,8.9897,monitor,Selected monitor because it maximized deterministic net value under current constraints.,0.0,0.0,30.0,[]
24,Museum,Central,2026-04-20 18:00:00+08:00,0.5364,0.5364,medium,15,0.0,1.0,low supply + peak hour,0.365,low,14.0,0.1548,low,watchlist,Heuristic baseline policy recommends watchlist monitoring because signals are elevated but not yet acute.,0.352,moderate,2,8.9897,monitor,Selected monitor because it maximized deterministic net value under current constraints.,0.0,0.0,30.0,[]
24,Museum,Central,2026-04-20 22:00:00+08:00,0.4959,0.4959,medium,15,-1.0,1.0,low supply,0.0624,low,14.0,0.0265,low,watchlist,Heuristic baseline policy recommends watchlist monitoring because signals are elevated but not yet acute.,0.2016,low,0,8.9897,monitor,Selected monitor because it maximized deterministic net value under current constraints.,0.0,0.0,30.0,[]
24,Museum,Central,2026-04-20 23:00:00+08:00,0.5604,0.5604,medium,16,-0.0625,1.0666667,low supply,0.0304,low,14.0,0.0125,low,watchlist,Heuristic baseline policy recommends watchlist monitoring because signals are elevated but not yet acute.,0.2098,low,0,8.9897,monitor,Selected monitor because it maximized deterministic net value under current constraints.,0.0,0.0,30.0,[]
24,Museum,Central,2026-04-21 03:00:00+08:00,0.4656,0.4656,medium,15,-0.06666667,1.25,low supply,0.0224,low,11.0,0.0084,low,watchlist,Heuristic baseline policy recommends watchlist monitoring because signals are elevated but not yet acute.,0.173,low,0,8.9897,monitor,Selected monitor because it maximized deterministic net value under current constraints.,0.0,0.0,30.0,[]
24,Museum,Central,2026-04-21 23:00:00+08:00,0.7586,0.7586,high,17,-0.6363636,1.7,low supply,0.0304,low,9.0,0.0099,low,intervention,Heuristic baseline policy recommends intervention because depletion risk or imbalance is already high.,0.2792,moderate,1,8.9897,monitor,Selected monitor because it maximized deterministic net value under current constraints.,0.0,0.0,30.0,[]
24,Museum,Central,2026-04-22 10:00:00+08:00,0.4084,0.4084,medium,12,-0.18181819,0.9230769,low supply,0.2038,low,12.0,0.0897,low,watchlist,Heuristic baseline policy recommends watchlist monitoring because signals are elevated but not yet acute.,0.2346,low,0,8.9897,monitor,Selected monitor because it maximized deterministic net value under current constraints.,0.0,0.0,30.0,[]
24,Museum,Central,2026-04-22 12:00:00+08:00,0.5441,0.5441,medium,9,-1.5,0.8181818,critically low supply,0.0446,low,10.0,0.0408,low,watchlist,Heuristic baseline policy recommends watchlist monitoring because signals are elevated but not yet acute.,0.2305,low,0,8.9897,monitor,Selected monitor because it maximized deterministic net value under current constraints.,0.0,0.0,30.0,[]
24,Museum,Central,2026-04-22 19:00:00+08:00,0.6066,0.6066,medium,17,-0.2857143,1.7,low supply + peak hour,0.3239,low,9.0,0.1059,low,watchlist,Heuristic baseline policy recommends watchlist monitoring because signals are elevated but not yet acute.,0.3581,moderate,1,8.9897,monitor,Selected monitor because it maximized deterministic net value under current constraints.,0.0,0.0,30.0,[]
24,Museum,Central,2026-04-23 11:00:00+08:00,0.6917,0.6917,medium,13,-1.8,0.8125,low supply,0.1023,low,15.0,0.0755,low,watchlist,Heuristic baseline policy recommends watchlist monitoring because signals are elevated but not yet acute.,0.3148,moderate,2,8.9897,monitor,Selected monitor because it maximized deterministic net value under current constraints.,0.0,0.0,30.0,[]
24,Museum,Central,2026-04-23 16:00:00+08:00,0.4937,0.4937,medium,14,-1.1428572,1.0769231,low supply,0.2273,low,12.0,0.0922,low,watchlist,Heuristic baseline policy recommends watchlist monitoring because signals are elevated but not yet acute.,0.2751,moderate,1,8.9897,monitor,Selected monitor because it maximized deterministic net value under current constraints.,0.0,0.0,30.0,[]
24,Museum,Central,2026-04-24 17:00:00+08:00,0.5377,0.5377,medium,17,-0.6363636,1.8888888,low supply + peak hour,0.3239,low,8.0,0.1014,low,watchlist,Heuristic baseline policy recommends watchlist monitoring because signals are elevated but not yet acute.,0.334,moderate,1,8.9897,monitor,Selected monitor because it maximized deterministic net value under current constraints.,0.0,0.0,30.0,[]
24,Museum,Central,2026-04-24 18:00:00+08:00,0.772,0.772,high,17,0.0,1.4166666,low supply + peak hour,0.365,low,11.0,0.1297,low,intervention,Heuristic baseline policy recommends intervention because depletion risk or imbalance is already high.,0.4345,moderate,2,8.9897,monitor,Selected monitor because it maximized deterministic net value under current constraints.,0.0,0.0,30.0,[]
24,Museum,Central,2026-04-24 19:00:00+08:00,0.7622,0.7622,high,25,-0.44444445,1.7857143,peak hour,0.3239,low,13.0,0.1052,low,intervention,Heuristic baseline policy recommends intervention because depletion risk or imbalance is already high.,0.4125,moderate,3,8.9897,monitor,Selected monitor because it maximized deterministic net value under current constraints.,0.0,0.0,30.0,[]
24,Museum,Central,2026-04-25 09:00:00+08:00,0.5653,0.5653,medium,9,-1.5,0.64285713,critically low supply + below yesterday baseline + peak hour,0.3349,low,13.0,0.2446,low,watchlist,Heuristic baseline policy recommends watchlist monitoring because signals are elevated but not yet acute.,0.4101,moderate,1,8.9897,monitor,Selected monitor because it maximized deterministic net value under current constraints.,0.0,0.0,30.0,[]
24,Museum,Central,2026-04-25 15:00:00+08:00,0.615,0.615,medium,12,-2.0,0.85714287,low supply,0.1486,low,13.0,0.0837,low,watchlist,Heuristic baseline policy recommends watchlist monitoring because signals are elevated but not yet acute.,0.2975,moderate,1,8.9897,monitor,Selected monitor because it maximized deterministic net value under current constraints.,0.0,0.0,30.0,[]
24,Museum,Central,2026-04-26 17:00:00+08:00,0.6387,0.6387,medium,14,-0.875,3.5,low supply + peak hour,0.3439,low,3.0,0.0865,low,watchlist,Heuristic baseline policy recommends watchlist monitoring because signals are elevated but not yet acute.,0.3783,moderate,1,8.9897,monitor,Selected monitor because it maximized deterministic net value under current constraints.,0.0,0.0,30.0,[]
24,Museum,Central,2026-04-26 22:00:00+08:00,0.4641,0.4641,medium,17,-0.5,2.8333333,low supply,0.0824,low,5.0,0.0223,low,watchlist,Heuristic baseline policy recommends watchlist monitoring because signals are elevated but not yet acute.,0.1995,low,0,8.9897,monitor,Selected monitor because it maximized deterministic net value under current constraints.,0.0,0.0,30.0,[]
24,Museum,Central,2026-04-26 23:00:00+08:00,0.5126,0.5126,medium,16,0.055555556,4.0,low supply,0.0504,low,3.0,0.0123,low,watchlist,Heuristic baseline policy recommends watchlist monitoring because signals are elevated but not yet acute.,0.2021,low,0,8.9897,monitor,Selected monitor because it maximized deterministic net value under current constraints.,0.0,0.0,30.0,[]
24,Museum,Central,2026-04-27 10:00:00+08:00,0.5626,0.5626,medium,12,0.23529412,1.2,low supply,0.2038,low,9.0,0.0774,low,watchlist,Heuristic baseline policy recommends watchlist monitoring because signals are elevated but not yet acute.,0.2886,moderate,1,8.9897,monitor,Selected monitor because it maximized deterministic net value under current constraints.,0.0,0.0,30.0,[]
24,Museum,Central,2026-04-27 19:00:00+08:00,0.7544,0.7544,high,14,-2.0,1.0769231,low supply + peak hour,0.3239,low,12.0,0.1314,low,intervention,Heuristic baseline policy recommends intervention because depletion risk or imbalance is already high.,0.4098,moderate,2,8.9897,monitor,Selected monitor because it maximized deterministic net value under current constraints.,0.0,0.0,30.0,[]
24,Museum,Central,2026-04-27 21:00:00+08:00,0.5197,0.5197,medium,15,-0.23076923,1.875,low supply,0.1286,low,7.0,0.0401,low,watchlist,Heuristic baseline policy recommends watchlist monitoring because signals are elevated but not yet acute.,0.2398,low,0,8.9897,monitor,Selected monitor because it maximized deterministic net value under current constraints.,0.0,0.0,30.0,[]
24,Museum,Central,2026-04-27 22:00:00+08:00,0.5672,0.5672,medium,16,-0.0625,2.2857144,low supply,0.0624,low,6.0,0.0181,low,watchlist,Heuristic baseline policy recommends watchlist monitoring because signals are elevated but not yet acute.,0.2266,low,0,8.9897,monitor,Selected monitor because it maximized deterministic net value under current constraints.,0.0,0.0,30.0,[]
24,Museum,Central,2026-04-28 09:00:00+08:00,0.4013,0.4013,medium,15,-0.6,1.25,low supply + peak hour,0.3149,low,11.0,0.1184,low,no_action,Heuristic baseline policy recommends no action because depletion risk and imbalance remain low.,0.2822,moderate,2,8.9897,monitor,Selected monitor because it maximized deterministic net value under current constraints.,0.0,0.0,30.0,[]
24,Museum,Central,2026-04-28 10:00:00+08:00,0.5578,0.5578,medium,20,-0.3125,1.1111112,normal conditions,0.2038,low,17.0,0.0823,low,watchlist,Heuristic baseline policy recommends watchlist monitoring because signals are elevated but not yet acute.,0.2869,moderate,3,8.9897,monitor,Selected monitor because it maximized deterministic net value under current constraints.,0.0,0.0,30.0,[]
24,Museum,Central,2026-04-28 22:00:00+08:00,0.6695,0.6695,medium,8,-2.0,0.47058824,critically low supply + below yesterday baseline,0.0624,low,16.0,0.1424,low,watchlist,Heuristic baseline policy recommends watchlist monitoring because signals are elevated but not yet acute.,0.3624,moderate,2,8.9897,monitor,Selected monitor because it maximized deterministic net value under current constraints.,0.0,0.0,30.0,[]
24,Museum,Central,2026-04-28 23:00:00+08:00,0.6282,0.6282,medium,16,-0.8888889,1.2307693,low supply,0.0304,low,12.0,0.0116,low,watchlist,Heuristic baseline policy recommends watchlist monitoring because signals are elevated but not yet acute.,0.2336,low,0,8.9897,monitor,Selected monitor because it maximized deterministic net value under current constraints.,0.0,0.0,30.0,[]
24,Museum,Central,2026-04-29 08:00:00+08:00,0.8077,0.8077,high,13,-2.0,1.1818181,low supply + peak hour,0.365,low,10.0,0.1404,low,intervention,Heuristic baseline policy recommends intervention because depletion risk or imbalance is already high.,0.4469,moderate,1,8.9897,monitor,Selected monitor because it maximized deterministic net value under current constraints.,0.0,0.0,30.0,[]
24,Museum,Central,2026-04-29 10:00:00+08:00,0.4307,0.4307,medium,17,-0.2857143,1.0,low supply,0.2038,low,16.0,0.0868,low,no_action,Heuristic baseline policy recommends no action because depletion risk and imbalance remain low.,0.2425,low,0,8.9897,monitor,Selected monitor because it maximized deterministic net value under current constraints.,0.0,0.0,30.0,[]
24,Museum,Central,2026-04-29 19:00:00+08:00,0.7225,0.7225,high,12,-1.6,0.9230769,low supply + peak hour,0.3239,low,12.0,0.1425,low,watchlist,Heuristic baseline policy recommends watchlist monitoring because signals are elevated but not yet acute.,0.3986,moderate,2,8.9897,monitor,Selected monitor because it maximized deterministic net value under current constraints.,0.0,0.0,30.0,[]
24,Museum,Central,2026-04-30 01:00:00+08:00,0.5024,0.5024,medium,11,-1.4,0.64705884,low supply + below yesterday baseline,0.0152,low,16.0,0.0708,low,watchlist,Heuristic baseline policy recommends watchlist monitoring because signals are elevated but not yet acute.,0.2452,low,0,8.9897,monitor,Selected monitor because it maximized deterministic net value under current constraints.,0.0,0.0,30.0,[]
24,Museum,Central,2026-04-30 04:00:00+08:00,0.4362,0.4362,medium,11,-0.71428573,1.1,low supply,0.0446,low,9.0,0.0177,low,watchlist,Heuristic baseline policy recommends watchlist monitoring because signals are elevated but not yet acute.,0.1727,low,0,8.9897,monitor,Selected monitor because it maximized deterministic net value under current constraints.,0.0,0.0,30.0,[]
24,Museum,Central,2026-04-30 10:00:00+08:00,0.4039,0.4039,medium,11,-0.5,1.0,low supply,0.2038,low,10.0,0.0852,low,watchlist,Heuristic baseline policy recommends watchlist monitoring because signals are elevated but not yet acute.,0.2331,low,0,8.9897,monitor,Selected monitor because it maximized deterministic net value under current constraints.,0.0,0.0,30.0,[]
24,Museum,Central,2026-04-30 11:00:00+08:00,0.4092,0.4092,medium,15,-0.33333334,1.5,low supply,0.1023,low,9.0,0.0352,low,no_action,Heuristic baseline policy recommends no action because depletion risk and imbalance remain low.,0.1893,low,0,8.9897,monitor,Selected monitor because it maximized deterministic net value under current constraints.,0.0,0.0,30.0,[]
24,Museum,Central,2026-05-01 11:00:00+08:00,0.4611,0.4611,medium,7,-0.6,0.7,critically low supply + below yesterday baseline + public holiday,0.1023,low,9.0,0.0965,low,watchlist,Heuristic baseline policy recommends watchlist monitoring because signals are elevated but not yet acute.,0.2519,moderate,3,8.9897,monitor,Selected monitor because it maximized deterministic net value under current constraints.,0.0,0.0,30.0,[]
24,Museum,Central,2026-05-01 12:00:00+08:00,0.539,0.539,medium,14,-0.875,2.8,low supply + public holiday,0.0446,low,4.0,0.012,low,watchlist,Heuristic baseline policy recommends watchlist monitoring because signals are elevated but not yet acute.,0.2087,low,0,8.9897,monitor,Selected monitor because it maximized deterministic net value under current constraints.,0.0,0.0,30.0,[]
24,Museum,Central,2026-05-01 13:00:00+08:00,0.4874,0.4874,medium,12,0.13333334,0.9230769,low supply + public holiday,0.0304,low,12.0,0.0134,low,watchlist,Heuristic baseline policy recommends watchlist monitoring because signals are elevated but not yet acute.,0.1843,low,0,8.9897,monitor,Selected monitor because it maximized deterministic net value under current constraints.,0.0,0.0,30.0,[]
24,Museum,Central,2026-05-01 17:00:00+08:00,0.8164,0.8164,high,21,-0.8333333,3.0,peak hour + public holiday,0.3239,low,6.0,0.087,low,intervention,Heuristic baseline policy recommends intervention because depletion risk or imbalance is already high.,0.4315,moderate,2,8.9897,monitor,Selected monitor because it maximized deterministic net value under current constraints.,0.0,0.0,30.0,[]
24,Museum,Central,2026-05-01 18:00:00+08:00,0.4849,0.4849,medium,26,-0.22727273,2.1666667,peak hour + public holiday,0.365,low,11.0,0.1101,low,watchlist,Heuristic baseline policy recommends watchlist monitoring because signals are elevated but not yet acute.,0.334,moderate,3,8.9897,monitor,Selected monitor because it maximized deterministic net value under current constraints.,0.0,0.0,30.0,[]
24,Museum,Central,2026-05-01 23:00:00+08:00,0.4268,0.4268,medium,20,-0.4,1.6666666,public holiday,0.0304,low,11.0,0.0101,low,no_action,Heuristic baseline policy recommends no action because depletion risk and imbalance remain low.,0.1631,low,0,8.9897,monitor,Selected monitor because it maximized deterministic net value under current constraints.,0.0,0.0,30.0,[]
24,Museum,Central,2026-05-02 04:00:00+08:00,0.5234,0.5234,medium,9,-0.25,2.25,critically low supply,0.0646,low,3.0,0.0181,low,watchlist,Heuristic baseline policy recommends watchlist monitoring because signals are elevated but not yet acute.,0.2123,low,0,8.9897,monitor,Selected monitor because it maximized deterministic net value under current constraints.,0.0,0.0,30.0,[]
24,Museum,Central,2026-05-02 11:00:00+08:00,0.9077,0.9077,high,16,-1.8333334,4.0,low supply,0.1223,low,3.0,0.03,low,intervention,Heuristic baseline policy recommends intervention because depletion risk or imbalance is already high.,0.3727,moderate,2,8.9897,monitor,Selected monitor because it maximized deterministic net value under current constraints.,0.0,0.0,30.0,[]
24,Museum,Central,2026-05-02 13:00:00+08:00,0.4202,0.4202,medium,16,-0.41666666,3.2,low supply,0.0504,low,4.0,0.0131,low,no_action,Heuristic baseline policy recommends no action because depletion risk and imbalance remain low.,0.1698,low,0,8.9897,monitor,Selected monitor because it maximized deterministic net value under current constraints.,0.0,0.0,30.0,[]
24,Museum,Central,2026-05-02 19:00:00+08:00,0.4684,0.4684,medium,16,-0.54545456,1.6,low supply + peak hour,0.3439,low,9.0,0.1152,low,watchlist,Heuristic baseline policy recommends watchlist monitoring because signals are elevated but not yet acute.,0.3187,moderate,1,8.9897,monitor,Selected monitor because it maximized deterministic net value under current constraints.,0.0,0.0,30.0,[]
25,Newton,Central,2026-04-16 10:00:00+08:00,0.9882,0.9882,high,16,-2.0,3.922815,low supply,0.2038,low,3.0787,0.0502,low,intervention,Heuristic baseline policy recommends intervention because depletion risk or imbalance is already high.,0.4376,moderate,1,8.8563,monitor,Selected monitor because it maximized deterministic net value under current constraints.,0.0,0.0,30.0,[]
25,Newton,Central,2026-04-17 14:00:00+08:00,0.8708,0.8708,high,4,-0.25,0.9807038,critically low supply,0.0624,low,3.0787,0.024,low,intervention,Heuristic baseline policy recommends intervention because depletion risk or imbalance is already high.,0.3329,moderate,1,8.8563,monitor,Selected monitor because it maximized deterministic net value under current constraints.,0.0,0.0,30.0,[]
25,Newton,Central,2026-04-17 16:00:00+08:00,0.7908,0.7908,high,2,0.0,0.4903519,critically low supply + below yesterday baseline,0.2273,low,3.0787,0.1995,low,intervention,Heuristic baseline policy recommends intervention because depletion risk or imbalance is already high.,0.4491,moderate,3,8.8563,monitor,Selected monitor because it maximized deterministic net value under current constraints.,0.0,0.0,30.0,[]
25,Newton,Central,2026-04-17 18:00:00+08:00,0.4322,0.4322,medium,2,-0.5,0.4903519,critically low supply + below yesterday baseline + peak hour,0.365,low,3.0787,0.2779,low,watchlist,Heuristic baseline policy recommends watchlist monitoring because signals are elevated but not yet acute.,0.3856,moderate,5,8.8563,monitor,Selected monitor because it maximized deterministic net value under current constraints.,0.0,0.0,30.0,[]
25,Newton,Central,2026-04-17 20:00:00+08:00,0.9111,0.9111,high,6,-1.3333334,1.4710556,critically low supply + peak hour,0.2273,low,3.0787,0.0735,low,intervention,Heuristic baseline policy recommends intervention because depletion risk or imbalance is already high.,0.4212,moderate,6,8.8563,monitor,Selected monitor because it maximized deterministic net value under current constraints.,0.0,0.0,30.0,[]
25,Newton,Central,2026-04-19 00:00:00+08:00,0.7091,0.7091,high,4,-2.0,1.3333334,critically low supply,0.035,low,2.0,0.0112,low,watchlist,Heuristic baseline policy recommends watchlist monitoring because signals are elevated but not yet acute.,0.2639,moderate,1,8.8563,monitor,Selected monitor because it maximized deterministic net value under current constraints.,0.0,0.0,30.0,[]
25,Newton,Central,2026-04-19 01:00:00+08:00,0.4162,0.4162,medium,4,0.0,1.3333334,critically low supply,0.0352,low,2.0,0.0113,low,watchlist,Heuristic baseline policy recommends watchlist monitoring because signals are elevated but not yet acute.,0.1615,low,0,8.8563,monitor,Selected monitor because it maximized deterministic net value under current constraints.,0.0,0.0,30.0,[]
25,Newton,Central,2026-04-19 06:00:00+08:00,0.5633,0.5633,medium,4,-0.6666667,0.8,critically low supply,0.2238,low,4.0,0.0985,low,watchlist,Heuristic baseline policy recommends watchlist monitoring because signals are elevated but not yet acute.,0.2979,moderate,1,8.8563,monitor,Selected monitor because it maximized deterministic net value under current constraints.,0.0,0.0,30.0,[]
25,Newton,Central,2026-04-19 10:00:00+08:00,0.6188,0.6188,medium,7,-0.6,1.4,critically low supply,0.2238,low,4.0,0.0755,low,watchlist,Heuristic baseline policy recommends watchlist monitoring because signals are elevated but not yet acute.,0.3173,moderate,2,8.8563,monitor,Selected monitor because it maximized deterministic net value under current constraints.,0.0,0.0,30.0,[]
25,Newton,Central,2026-04-20 04:00:00+08:00,0.7244,0.7244,high,2,-0.5,2.0,critically low supply,0.0446,low,0.0,0.0196,low,watchlist,Heuristic baseline policy recommends watchlist monitoring because signals are elevated but not yet acute.,0.2736,moderate,1,8.8563,monitor,Selected monitor because it maximized deterministic net value under current constraints.,0.0,0.0,30.0,[]
25,Newton,Central,2026-04-20 06:00:00+08:00,0.5982,0.5982,medium,3,-1.0,0.6,critically low supply + below yesterday baseline,0.2038,low,4.0,0.156,low,watchlist,Heuristic baseline policy recommends watchlist monitoring because signals are elevated but not yet acute.,0.3511,moderate,3,8.8563,monitor,Selected monitor because it maximized deterministic net value under current constraints.,0.0,0.0,30.0,[]
25,Newton,Central,2026-04-20 08:00:00+08:00,0.4163,0.4163,medium,1,0.5,0.25,rapid depletion + sustained depletion + critically low supply + below yesterday baseline + peak hour,0.365,low,3.0,0.4691,medium,watchlist,Heuristic baseline policy recommends watchlist monitoring because signals are elevated but not yet acute.,0.4433,moderate,5,8.8563,monitor,Selected monitor because it maximized deterministic net value under current constraints.,0.0,0.0,30.0,[]
25,Newton,Central,2026-04-20 09:00:00+08:00,0.8048,0.8048,high,4,-1.5,1.0,critically low supply + peak hour,0.3149,low,3.0,0.1197,low,intervention,Heuristic baseline policy recommends intervention because depletion risk or imbalance is already high.,0.4234,moderate,6,8.8563,monitor,Selected monitor because it maximized deterministic net value under current constraints.,0.0,0.0,30.0,[]
25,Newton,Central,2026-04-20 10:00:00+08:00,0.7743,0.7743,high,4,0.0,1.3333334,critically low supply,0.2038,low,2.0,0.0652,low,intervention,Heuristic baseline policy recommends intervention because depletion risk or imbalance is already high.,0.3627,moderate,7,8.8563,monitor,Selected monitor because it maximized deterministic net value under current constraints.,0.0,0.0,30.0,[]
25,Newton,Central,2026-04-20 11:00:00+08:00,0.426,0.426,medium,4,0.0,0.8,critically low supply,0.1023,low,4.0,0.045,low,watchlist,Heuristic baseline policy recommends watchlist monitoring because signals are elevated but not yet acute.,0.1951,low,0,8.8563,monitor,Selected monitor because it maximized deterministic net value under current constraints.,0.0,0.0,30.0,[]
25,Newton,Central,2026-04-20 13:00:00+08:00,0.7919,0.7919,high,2,0.0,0.33333334,sustained depletion + critically low supply + below yesterday baseline,0.0304,low,5.0,0.1443,low,intervention,Heuristic baseline policy recommends intervention because depletion risk or imbalance is already high.,0.4108,moderate,1,8.8563,monitor,Selected monitor because it maximized deterministic net value under current constraints.,0.0,0.0,30.0,[]
25,Newton,Central,2026-04-20 14:00:00+08:00,0.5877,0.5877,medium,4,-0.6666667,0.8,critically low supply,0.0624,low,4.0,0.0275,low,watchlist,Heuristic baseline policy recommends watchlist monitoring because signals are elevated but not yet acute.,0.2338,low,0,8.8563,monitor,Selected monitor because it maximized deterministic net value under current constraints.,0.0,0.0,30.0,[]
25,Newton,Central,2026-04-20 15:00:00+08:00,0.5269,0.5269,medium,4,0.0,0.8,critically low supply,0.1286,low,4.0,0.0566,low,watchlist,Heuristic baseline policy recommends watchlist monitoring because signals are elevated but not yet acute.,0.2423,low,0,8.8563,monitor,Selected monitor because it maximized deterministic net value under current constraints.,0.0,0.0,30.0,[]
25,Newton,Central,2026-04-20 23:00:00+08:00,0.6054,0.6054,medium,4,0.0,0.8,critically low supply,0.0304,low,4.0,0.0134,low,watchlist,Heuristic baseline policy recommends watchlist monitoring because signals are elevated but not yet acute.,0.2256,low,0,8.8563,monitor,Selected monitor because it maximized deterministic net value under current constraints.,0.0,0.0,30.0,[]
25,Newton,Central,2026-04-21 02:00:00+08:00,0.7179,0.7179,high,4,-0.25,0.6666667,critically low supply + below yesterday baseline,0.0164,low,5.0,0.0482,low,watchlist,Heuristic baseline policy recommends watchlist monitoring because signals are elevated but not yet acute.,0.2986,moderate,1,8.8563,monitor,Selected monitor because it maximized deterministic net value under current constraints.,0.0,0.0,30.0,[]
25,Newton,Central,2026-04-21 11:00:00+08:00,0.9283,0.9283,high,6,-2.0,2.0,critically low supply,0.1023,low,2.0,0.0286,low,intervention,Heuristic baseline policy recommends intervention because depletion risk or imbalance is already high.,0.3709,moderate,2,8.8563,monitor,Selected monitor because it maximized deterministic net value under current constraints.,0.0,0.0,30.0,[]
25,Newton,Central,2026-04-21 23:00:00+08:00,0.4054,0.4054,medium,4,-0.25,1.0,critically low supply,0.0304,low,3.0,0.0116,low,watchlist,Heuristic baseline policy recommends watchlist monitoring because signals are elevated but not yet acute.,0.1556,low,0,8.8563,monitor,Selected monitor because it maximized deterministic net value under current constraints.,0.0,0.0,30.0,[]
25,Newton,Central,2026-04-22 00:00:00+08:00,0.5946,0.5946,medium,8,-0.8,2.0,critically low supply,0.015,low,3.0,0.0043,low,watchlist,Heuristic baseline policy recommends watchlist monitoring because signals are elevated but not yet acute.,0.2149,low,0,8.8563,monitor,Selected monitor because it maximized deterministic net value under current constraints.,0.0,0.0,30.0,[]
25,Newton,Central,2026-04-22 10:00:00+08:00,0.8322,0.8322,high,6,-2.0,1.2,critically low supply,0.2038,low,4.0,0.0734,low,intervention,Heuristic baseline policy recommends intervention because depletion risk or imbalance is already high.,0.383,moderate,2,8.8563,monitor,Selected monitor because it maximized deterministic net value under current constraints.,0.0,0.0,30.0,[]
25,Newton,Central,2026-04-22 11:00:00+08:00,0.5053,0.5053,medium,7,-0.14285715,1.4,critically low supply,0.1023,low,4.0,0.0345,low,watchlist,Heuristic baseline policy recommends watchlist monitoring because signals are elevated but not yet acute.,0.2229,low,0,8.8563,monitor,Selected monitor because it maximized deterministic net value under current constraints.,0.0,0.0,30.0,[]
25,Newton,Central,2026-04-22 13:00:00+08:00,0.4339,0.4339,medium,3,-1.0,1.0,sustained depletion + critically low supply,0.0304,low,2.0,0.0109,low,watchlist,Heuristic baseline policy recommends watchlist monitoring because signals are elevated but not yet acute.,0.1655,low,0,8.8563,monitor,Selected monitor because it maximized deterministic net value under current constraints.,0.0,0.0,30.0,[]
25,Newton,Central,2026-04-23 11:00:00+08:00,0.6659,0.6659,medium,2,-2.0,0.5,critically low supply + below yesterday baseline,0.1023,low,3.0,0.124,low,watchlist,Heuristic baseline policy recommends watchlist monitoring because signals are elevated but not yet acute.,0.3458,moderate,2,8.8563,monitor,Selected monitor because it maximized deterministic net value under current constraints.,0.0,0.0,30.0,[]
25,Newton,Central,2026-04-23 15:00:00+08:00,0.5717,0.5717,medium,3,-0.33333334,3.0,critically low supply,0.1286,low,0.0,0.0566,low,watchlist,Heuristic baseline policy recommends watchlist monitoring because signals are elevated but not yet acute.,0.258,moderate,3,8.8563,monitor,Selected monitor because it maximized deterministic net value under current constraints.,0.0,0.0,30.0,[]
25,Newton,Central,2026-04-23 18:00:00+08:00,0.484,0.484,medium,2,0.0,0.5,critically low supply + below yesterday baseline + peak hour,0.365,low,3.0,0.2711,low,watchlist,Heuristic baseline policy recommends watchlist monitoring because signals are elevated but not yet acute.,0.4003,moderate,5,8.8563,monitor,Selected monitor because it maximized deterministic net value under current constraints.,0.0,0.0,30.0,[]
25,Newton,Central,2026-04-24 00:00:00+08:00,0.4177,0.4177,medium,5,-1.0,0.5555556,critically low supply + below yesterday baseline,0.015,low,8.0,0.0838,low,watchlist,Heuristic baseline policy recommends watchlist monitoring because signals are elevated but not yet acute.,0.2279,low,0,8.8563,monitor,Selected monitor because it maximized deterministic net value under current constraints.,0.0,0.0,30.0,[]
25,Newton,Central,2026-04-24 10:00:00+08:00,0.4629,0.4629,medium,2,-2.0,0.2857143,critically low supply + below yesterday baseline,0.2038,low,6.0,0.3208,low,watchlist,Heuristic baseline policy recommends watchlist monitoring because signals are elevated but not yet acute.,0.3871,moderate,2,8.8563,monitor,Selected monitor because it maximized deterministic net value under current constraints.,0.0,0.0,30.0,[]
25,Newton,Central,2026-04-24 16:00:00+08:00,0.5781,0.5781,medium,4,-0.25,1.0,critically low supply,0.2273,low,3.0,0.0864,low,watchlist,Heuristic baseline policy recommends watchlist monitoring because signals are elevated but not yet acute.,0.3046,moderate,1,8.8563,monitor,Selected monitor because it maximized deterministic net value under current constraints.,0.0,0.0,30.0,[]
25,Newton,Central,2026-04-24 19:00:00+08:00,0.5698,0.5698,medium,4,0.0,1.0,critically low supply + peak hour,0.3239,low,3.0,0.1231,low,watchlist,Heuristic baseline policy recommends watchlist monitoring because signals are elevated but not yet acute.,0.3452,moderate,2,8.8563,monitor,Selected monitor because it maximized deterministic net value under current constraints.,0.0,0.0,30.0,[]
25,Newton,Central,2026-04-25 09:00:00+08:00,0.8175,0.8175,high,4,-1.5,1.3333334,critically low supply + peak hour,0.3349,low,2.0,0.1072,low,intervention,Heuristic baseline policy recommends intervention because depletion risk or imbalance is already high.,0.4368,moderate,2,8.8563,monitor,Selected monitor because it maximized deterministic net value under current constraints.,0.0,0.0,30.0,[]
25,Newton,Central,2026-04-25 13:00:00+08:00,0.4814,0.4814,medium,2,0.0,0.6666667,critically low supply + below yesterday baseline,0.0504,low,2.0,0.0222,low,watchlist,Heuristic baseline policy recommends watchlist monitoring because signals are elevated but not yet acute.,0.1912,low,0,8.8563,monitor,Selected monitor because it maximized deterministic net value under current constraints.,0.0,0.0,30.0,[]
25,Newton,Central,2026-04-25 14:00:00+08:00,0.5069,0.5069,medium,2,0.0,0.33333334,critically low supply + below yesterday baseline,0.0824,low,5.0,0.1859,low,watchlist,Heuristic baseline policy recommends watchlist monitoring because signals are elevated but not yet acute.,0.3345,moderate,1,8.8563,monitor,Selected monitor because it maximized deterministic net value under current constraints.,0.0,0.0,30.0,[]
25,Newton,Central,2026-04-25 15:00:00+08:00,0.4545,0.4545,medium,3,-0.33333334,1.5,critically low supply,0.1486,low,1.0,0.0416,low,watchlist,Heuristic baseline policy recommends watchlist monitoring because signals are elevated but not yet acute.,0.2259,low,0,8.8563,monitor,Selected monitor because it maximized deterministic net value under current constraints.,0.0,0.0,30.0,[]
25,Newton,Central,2026-04-25 21:00:00+08:00,0.4324,0.4324,medium,4,-0.25,1.3333334,critically low supply,0.1486,low,2.0,0.0476,low,watchlist,Heuristic baseline policy recommends watchlist monitoring because signals are elevated but not yet acute.,0.2182,low,0,8.8563,monitor,Selected monitor because it maximized deterministic net value under current constraints.,0.0,0.0,30.0,[]
25,Newton,Central,2026-04-26 01:00:00+08:00,0.6858,0.6858,medium,4,-0.25,0.8,critically low supply,0.0352,low,4.0,0.0155,low,watchlist,Heuristic baseline policy recommends watchlist monitoring because signals are elevated but not yet acute.,0.2559,moderate,1,8.8563,monitor,Selected monitor because it maximized deterministic net value under current constraints.,0.0,0.0,30.0,[]
25,Newton,Central,2026-04-26 16:00:00+08:00,0.5427,0.5427,medium,1,0.0,0.2,sustained depletion + critically low supply + below yesterday baseline,0.2473,low,4.0,0.4369,medium,watchlist,Heuristic baseline policy recommends watchlist monitoring because signals are elevated but not yet acute.,0.4512,moderate,2,8.8563,monitor,Selected monitor because it maximized deterministic net value under current constraints.,0.0,0.0,30.0,[]
25,Newton,Central,2026-04-26 17:00:00+08:00,0.874,0.874,high,4,-1.5,2.0,critically low supply + peak hour,0.3439,low,1.0,0.0894,low,intervention,Heuristic baseline policy recommends intervention because depletion risk or imbalance is already high.,0.4607,moderate,3,8.8563,monitor,Selected monitor because it maximized deterministic net value under current constraints.,0.0,0.0,30.0,[]
25,Newton,Central,2026-04-26 18:00:00+08:00,0.4183,0.4183,medium,3,0.2,0.6,critically low supply + below yesterday baseline + peak hour,0.385,low,4.0,0.2502,low,watchlist,Heuristic baseline policy recommends watchlist monitoring because signals are elevated but not yet acute.,0.3697,moderate,4,8.8563,monitor,Selected monitor because it maximized deterministic net value under current constraints.,0.0,0.0,30.0,[]
25,Newton,Central,2026-04-27 10:00:00+08:00,0.7202,0.7202,high,4,-0.6666667,1.0,critically low supply,0.2038,low,3.0,0.0774,low,watchlist,Heuristic baseline policy recommends watchlist monitoring because signals are elevated but not yet acute.,0.3438,moderate,1,8.8563,monitor,Selected monitor because it maximized deterministic net value under current constraints.,0.0,0.0,30.0,[]
25,Newton,Central,2026-04-27 22:00:00+08:00,0.5263,0.5263,medium,4,-0.25,1.0,critically low supply,0.0624,low,3.0,0.0237,low,watchlist,Heuristic baseline policy recommends watchlist monitoring because signals are elevated but not yet acute.,0.2123,low,0,8.8563,monitor,Selected monitor because it maximized deterministic net value under current constraints.,0.0,0.0,30.0,[]
25,Newton,Central,2026-04-28 02:00:00+08:00,0.6844,0.6844,medium,4,-0.25,1.3333334,critically low supply,0.0164,low,2.0,0.0052,low,watchlist,Heuristic baseline policy recommends watchlist monitoring because signals are elevated but not yet acute.,0.2469,low,0,8.8563,monitor,Selected monitor because it maximized deterministic net value under current constraints.,0.0,0.0,30.0,[]
25,Newton,Central,2026-04-28 03:00:00+08:00,0.8247,0.8247,high,4,0.0,2.0,critically low supply,0.0224,low,1.0,0.0058,low,intervention,Heuristic baseline policy recommends intervention because depletion risk or imbalance is already high.,0.2987,moderate,1,8.8563,monitor,Selected monitor because it maximized deterministic net value under current constraints.,0.0,0.0,30.0,[]
25,Newton,Central,2026-04-28 04:00:00+08:00,0.4162,0.4162,medium,3,0.2,1.5,critically low supply,0.0446,low,1.0,0.0125,low,watchlist,Heuristic baseline policy recommends watchlist monitoring because signals are elevated but not yet acute.,0.1657,low,0,8.8563,monitor,Selected monitor because it maximized deterministic net value under current constraints.,0.0,0.0,30.0,[]
25,Newton,Central,2026-04-28 06:00:00+08:00,0.4571,0.4571,medium,2,0.0,0.5,critically low supply + below yesterday baseline,0.2038,low,3.0,0.1808,low,watchlist,Heuristic baseline policy recommends watchlist monitoring because signals are elevated but not yet acute.,0.3184,moderate,2,8.8563,monitor,Selected monitor because it maximized deterministic net value under current constraints.,0.0,0.0,30.0,[]
25,Newton,Central,2026-04-28 08:00:00+08:00,0.6754,0.6754,medium,2,0.0,0.33333334,critically low supply + below yesterday baseline + peak hour,0.365,low,5.0,0.412,medium,watchlist,Heuristic baseline policy recommends watchlist monitoring because signals are elevated but not yet acute.,0.5206,moderate,4,8.8563,monitor,Selected monitor because it maximized deterministic net value under current constraints.,0.0,0.0,30.0,[]
25,Newton,Central,2026-04-28 09:00:00+08:00,0.6426,0.6426,medium,2,0.0,0.5,critically low supply + below yesterday baseline + peak hour,0.3149,low,3.0,0.243,low,watchlist,Heuristic baseline policy recommends watchlist monitoring because signals are elevated but not yet acute.,0.4333,moderate,5,8.8563,monitor,Selected monitor because it maximized deterministic net value under current constraints.,0.0,0.0,30.0,[]
25,Newton,Central,2026-04-29 02:00:00+08:00,0.6704,0.6704,medium,4,-1.5,0.8,critically low supply,0.0164,low,4.0,0.0072,low,watchlist,Heuristic baseline policy recommends watchlist monitoring because signals are elevated but not yet acute.,0.242,low,0,8.8563,monitor,Selected monitor because it maximized deterministic net value under current constraints.,0.0,0.0,30.0,[]
25,Newton,Central,2026-04-29 08:00:00+08:00,0.4903,0.4903,medium,3,0.2,0.75,critically low supply + peak hour,0.365,low,3.0,0.1606,low,watchlist,Heuristic baseline policy recommends watchlist monitoring because signals are elevated but not yet acute.,0.3359,moderate,1,8.8563,monitor,Selected monitor because it maximized deterministic net value under current constraints.,0.0,0.0,30.0,[]
25,Newton,Central,2026-04-29 10:00:00+08:00,0.8695,0.8695,high,6,-0.75,3.0,critically low supply,0.2038,low,1.0,0.0489,low,intervention,Heuristic baseline policy recommends intervention because depletion risk or imbalance is already high.,0.396,moderate,2,8.8563,monitor,Selected monitor because it maximized deterministic net value under current constraints.,0.0,0.0,30.0,[]
25,Newton,Central,2026-04-30 10:00:00+08:00,0.5075,0.5075,medium,1,0.33333334,0.25,rapid depletion + sustained depletion + critically low supply + below yesterday baseline,0.2038,low,3.0,0.3208,low,watchlist,Heuristic baseline policy recommends watchlist monitoring because signals are elevated but not yet acute.,0.4027,moderate,2,8.8563,monitor,Selected monitor because it maximized deterministic net value under current constraints.,0.0,0.0,30.0,[]
25,Newton,Central,2026-04-30 11:00:00+08:00,0.6162,0.6162,medium,2,-0.5,0.6666667,critically low supply + below yesterday baseline,0.1023,low,2.0,0.045,low,watchlist,Heuristic baseline policy recommends watchlist monitoring because signals are elevated but not yet acute.,0.2617,moderate,3,8.8563,monitor,Selected monitor because it maximized deterministic net value under current constraints.,0.0,0.0,30.0,[]
25,Newton,Central,2026-04-30 14:00:00+08:00,0.534,0.534,medium,4,-0.6666667,1.3333334,critically low supply,0.0624,low,2.0,0.02,low,watchlist,Heuristic baseline policy recommends watchlist monitoring because signals are elevated but not yet acute.,0.215,low,0,8.8563,monitor,Selected monitor because it maximized deterministic net value under current constraints.,0.0,0.0,30.0,[]
25,Newton,Central,2026-04-30 23:00:00+08:00,0.5344,0.5344,medium,4,0.0,1.3333334,critically low supply,0.0304,low,2.0,0.0097,low,watchlist,Heuristic baseline policy recommends watchlist monitoring because signals are elevated but not yet acute.,0.2007,low,0,8.8563,monitor,Selected monitor because it maximized deterministic net value under current constraints.,0.0,0.0,30.0,[]
25,Newton,Central,2026-05-01 01:00:00+08:00,0.5996,0.5996,medium,2,0.0,0.5,sustained depletion + critically low supply + below yesterday baseline + public holiday,0.0152,low,3.0,0.0752,low,watchlist,Heuristic baseline policy recommends watchlist monitoring because signals are elevated but not yet acute.,0.2834,moderate,1,8.8563,monitor,Selected monitor because it maximized deterministic net value under current constraints.,0.0,0.0,30.0,[]
25,Newton,Central,2026-05-01 02:00:00+08:00,0.9491,0.9491,high,6,-1.3333334,2.0,critically low supply + public holiday,0.0164,low,2.0,0.0046,low,intervention,Heuristic baseline policy recommends intervention because depletion risk or imbalance is already high.,0.3396,moderate,2,8.8563,monitor,Selected monitor because it maximized deterministic net value under current constraints.,0.0,0.0,30.0,[]
25,Newton,Central,2026-05-01 07:00:00+08:00,0.5679,0.5679,medium,3,-2.0,0.75,critically low supply + peak hour + public holiday,0.3149,low,3.0,0.1386,low,watchlist,Heuristic baseline policy recommends watchlist monitoring because signals are elevated but not yet acute.,0.3405,moderate,2,8.8563,monitor,Selected monitor because it maximized deterministic net value under current constraints.,0.0,0.0,30.0,[]
25,Newton,Central,2026-05-01 14:00:00+08:00,0.7686,0.7686,high,3,-0.33333334,0.6,critically low supply + below yesterday baseline + public holiday,0.0624,low,4.0,0.0824,low,intervention,Heuristic baseline policy recommends intervention because depletion risk or imbalance is already high.,0.3471,moderate,1,8.8563,monitor,Selected monitor because it maximized deterministic net value under current constraints.,0.0,0.0,30.0,[]
25,Newton,Central,2026-05-01 20:00:00+08:00,0.41,0.41,medium,4,-0.25,1.3333334,critically low supply + peak hour + public holiday,0.2273,low,2.0,0.0727,low,watchlist,Heuristic baseline policy recommends watchlist monitoring because signals are elevated but not yet acute.,0.2458,low,0,8.8563,monitor,Selected monitor because it maximized deterministic net value under current constraints.,0.0,0.0,30.0,[]
25,Newton,Central,2026-05-02 01:00:00+08:00,0.6858,0.6858,medium,4,-0.25,0.8,critically low supply,0.0352,low,4.0,0.0155,low,watchlist,Heuristic baseline policy recommends watchlist monitoring because signals are elevated but not yet acute.,0.2559,moderate,1,8.8563,monitor,Selected monitor because it maximized deterministic net value under current constraints.,0.0,0.0,30.0,[]
25,Newton,Central,2026-05-02 02:00:00+08:00,0.6161,0.6161,medium,4,0.0,0.8,critically low supply,0.0364,low,4.0,0.016,low,watchlist,Heuristic baseline policy recommends watchlist monitoring because signals are elevated but not yet acute.,0.232,low,0,8.8563,monitor,Selected monitor because it maximized deterministic net value under current constraints.,0.0,0.0,30.0,[]
25,Newton,Central,2026-05-02 06:00:00+08:00,0.4551,0.4551,medium,2,0.0,1.0,critically low supply,0.2238,low,1.0,0.0716,low,watchlist,Heuristic baseline policy recommends watchlist monitoring because signals are elevated but not yet acute.,0.26,moderate,2,8.8563,monitor,Selected monitor because it maximized deterministic net value under current constraints.,0.0,0.0,30.0,[]
25,Newton,Central,2026-05-02 08:00:00+08:00,0.8128,0.8128,high,4,-0.6666667,4.0,critically low supply + peak hour,0.385,low,0.0,0.1694,low,intervention,Heuristic baseline policy recommends intervention because depletion risk or imbalance is already high.,0.4577,moderate,3,8.8563,monitor,Selected monitor because it maximized deterministic net value under current constraints.,0.0,0.0,30.0,[]
25,Newton,Central,2026-05-02 14:00:00+08:00,0.4885,0.4885,medium,4,-0.6666667,1.3333334,critically low supply,0.0824,low,2.0,0.0264,low,watchlist,Heuristic baseline policy recommends watchlist monitoring because signals are elevated but not yet acute.,0.2081,low,0,8.8563,monitor,Selected monitor because it maximized deterministic net value under current constraints.,0.0,0.0,30.0,[]
25,Newton,Central,2026-05-02 15:00:00+08:00,0.4443,0.4443,medium,4,0.0,1.3333334,critically low supply,0.1486,low,2.0,0.0476,low,watchlist,Heuristic baseline policy recommends watchlist monitoring because signals are elevated but not yet acute.,0.2224,low,0,8.8563,monitor,Selected monitor because it maximized deterministic net value under current constraints.,0.0,0.0,30.0,[]
25,Newton,Central,2026-05-02 22:00:00+08:00,0.5369,0.5369,medium,4,-0.25,1.3333334,critically low supply,0.0824,low,2.0,0.0264,low,watchlist,Heuristic baseline policy recommends watchlist monitoring because signals are elevated but not yet acute.,0.225,low,0,8.8563,monitor,Selected monitor because it maximized deterministic net value under current constraints.,0.0,0.0,30.0,[]
26,Novena,Central,2026-04-16 10:00:00+08:00,0.9901,0.9901,high,31,-2.0,4.4373755,normal conditions,0.2038,low,5.9861,0.0502,low,intervention,Heuristic baseline policy recommends intervention because depletion risk or imbalance is already high.,0.4382,moderate,1,7.1563,monitor,Selected monitor because it maximized deterministic net value under current constraints.,0.0,0.0,30.0,[]
26,Novena,Central,2026-04-17 20:00:00+08:00,0.8323,0.8323,high,7,-1.0,1.001988,critically low supply + peak hour,0.2273,low,5.9861,0.0921,low,intervention,Heuristic baseline policy recommends intervention because depletion risk or imbalance is already high.,0.3936,moderate,2,7.1563,monitor,Selected monitor because it maximized deterministic net value under current constraints.,0.0,0.0,30.0,[]
26,Novena,Central,2026-04-18 02:00:00+08:00,0.6787,0.6787,medium,7,-0.33333334,1.001988,critically low supply,0.0364,low,5.9861,0.0148,low,watchlist,Heuristic baseline policy recommends watchlist monitoring because signals are elevated but not yet acute.,0.2539,moderate,1,7.1563,monitor,Selected monitor because it maximized deterministic net value under current constraints.,0.0,0.0,30.0,[]
26,Novena,Central,2026-04-18 09:00:00+08:00,0.8423,0.8423,high,11,-1.0,1.5745527,low supply + peak hour,0.3349,low,5.9861,0.1107,low,intervention,Heuristic baseline policy recommends intervention because depletion risk or imbalance is already high.,0.4455,moderate,1,7.1563,monitor,Selected monitor because it maximized deterministic net value under current constraints.,0.0,0.0,30.0,[]
26,Novena,Central,2026-04-18 23:00:00+08:00,0.6706,0.6706,medium,7,-0.33333334,0.7,critically low supply + below yesterday baseline,0.0504,low,9.0,0.0701,low,watchlist,Heuristic baseline policy recommends watchlist monitoring because signals are elevated but not yet acute.,0.3018,moderate,1,7.1563,monitor,Selected monitor because it maximized deterministic net value under current constraints.,0.0,0.0,30.0,[]
26,Novena,Central,2026-04-19 04:00:00+08:00,0.6057,0.6057,medium,5,-0.2,0.625,critically low supply + below yesterday baseline,0.0646,low,7.0,0.0918,low,watchlist,Heuristic baseline policy recommends watchlist monitoring because signals are elevated but not yet acute.,0.2982,moderate,1,7.1563,monitor,Selected monitor because it maximized deterministic net value under current constraints.,0.0,0.0,30.0,[]
26,Novena,Central,2026-04-20 01:00:00+08:00,0.4103,0.4103,medium,7,-0.14285715,1.0,critically low supply,0.0152,low,6.0,0.0062,low,watchlist,Heuristic baseline policy recommends watchlist monitoring because signals are elevated but not yet acute.,0.1504,low,0,7.1563,monitor,Selected monitor because it maximized deterministic net value under current constraints.,0.0,0.0,30.0,[]
26,Novena,Central,2026-04-20 06:00:00+08:00,0.5094,0.5094,medium,5,-0.2,1.25,critically low supply,0.2038,low,3.0,0.0701,low,watchlist,Heuristic baseline policy recommends watchlist monitoring because signals are elevated but not yet acute.,0.27,moderate,1,7.1563,monitor,Selected monitor because it maximized deterministic net value under current constraints.,0.0,0.0,30.0,[]
26,Novena,Central,2026-04-20 07:00:00+08:00,0.5751,0.5751,medium,6,-0.16666667,1.0,critically low supply + peak hour,0.3149,low,5.0,0.126,low,watchlist,Heuristic baseline policy recommends watchlist monitoring because signals are elevated but not yet acute.,0.343,moderate,2,7.1563,monitor,Selected monitor because it maximized deterministic net value under current constraints.,0.0,0.0,30.0,[]
26,Novena,Central,2026-04-20 08:00:00+08:00,0.4321,0.4321,medium,6,0.0,1.2,critically low supply + peak hour,0.365,low,4.0,0.1314,low,watchlist,Heuristic baseline policy recommends watchlist monitoring because signals are elevated but not yet acute.,0.3155,moderate,3,7.1563,monitor,Selected monitor because it maximized deterministic net value under current constraints.,0.0,0.0,30.0,[]
26,Novena,Central,2026-04-20 10:00:00+08:00,0.8199,0.8199,high,10,-0.5714286,2.0,low supply,0.2038,low,4.0,0.0603,low,intervention,Heuristic baseline policy recommends intervention because depletion risk or imbalance is already high.,0.3787,moderate,1,7.1563,monitor,Selected monitor because it maximized deterministic net value under current constraints.,0.0,0.0,30.0,[]
26,Novena,Central,2026-04-21 03:00:00+08:00,0.4175,0.4175,medium,6,0.0,0.85714287,critically low supply,0.0224,low,6.0,0.0099,low,watchlist,Heuristic baseline policy recommends watchlist monitoring because signals are elevated but not yet acute.,0.1562,low,0,7.1563,monitor,Selected monitor because it maximized deterministic net value under current constraints.,0.0,0.0,30.0,[]
26,Novena,Central,2026-04-21 11:00:00+08:00,0.8924,0.8924,high,8,-2.0,2.6666667,critically low supply,0.1023,low,2.0,0.0266,low,intervention,Heuristic baseline policy recommends intervention because depletion risk or imbalance is already high.,0.3584,moderate,1,7.1563,monitor,Selected monitor because it maximized deterministic net value under current constraints.,0.0,0.0,30.0,[]
26,Novena,Central,2026-04-22 03:00:00+08:00,0.8955,0.8955,high,14,-1.1428572,2.0,low supply,0.0224,low,6.0,0.0068,low,intervention,Heuristic baseline policy recommends intervention because depletion risk or imbalance is already high.,0.3235,moderate,1,7.1563,monitor,Selected monitor because it maximized deterministic net value under current constraints.,0.0,0.0,30.0,[]
26,Novena,Central,2026-04-22 10:00:00+08:00,0.4843,0.4843,medium,9,-1.5,0.8181818,critically low supply,0.2038,low,10.0,0.1151,low,watchlist,Heuristic baseline policy recommends watchlist monitoring because signals are elevated but not yet acute.,0.2812,moderate,3,7.1563,monitor,Selected monitor because it maximized deterministic net value under current constraints.,0.0,0.0,30.0,[]
26,Novena,Central,2026-04-22 21:00:00+08:00,0.5682,0.5682,medium,6,-0.4,1.2,critically low supply,0.1286,low,4.0,0.0463,low,watchlist,Heuristic baseline policy recommends watchlist monitoring because signals are elevated but not yet acute.,0.2567,moderate,1,7.1563,monitor,Selected monitor because it maximized deterministic net value under current constraints.,0.0,0.0,30.0,[]
26,Novena,Central,2026-04-23 07:00:00+08:00,0.4805,0.4805,medium,5,0.0,0.71428573,critically low supply + peak hour,0.3149,low,6.0,0.187,low,watchlist,Heuristic baseline policy recommends watchlist monitoring because signals are elevated but not yet acute.,0.3432,moderate,1,7.1563,monitor,Selected monitor because it maximized deterministic net value under current constraints.,0.0,0.0,30.0,[]
26,Novena,Central,2026-04-24 01:00:00+08:00,0.6184,0.6184,medium,6,0.125,0.4,critically low supply + below yesterday baseline,0.0152,low,14.0,0.1258,low,watchlist,Heuristic baseline policy recommends watchlist monitoring because signals are elevated but not yet acute.,0.3376,moderate,1,7.1563,monitor,Selected monitor because it maximized deterministic net value under current constraints.,0.0,0.0,30.0,[]
26,Novena,Central,2026-04-24 07:00:00+08:00,0.4958,0.4958,medium,7,-0.14285715,1.75,critically low supply + peak hour,0.3149,low,3.0,0.0954,low,watchlist,Heuristic baseline policy recommends watchlist monitoring because signals are elevated but not yet acute.,0.3152,moderate,2,7.1563,monitor,Selected monitor because it maximized deterministic net value under current constraints.,0.0,0.0,30.0,[]
26,Novena,Central,2026-04-25 03:00:00+08:00,0.4346,0.4346,medium,5,0.0,0.8333333,critically low supply,0.0424,low,5.0,0.0187,low,watchlist,Heuristic baseline policy recommends watchlist monitoring because signals are elevated but not yet acute.,0.1712,low,0,7.1563,monitor,Selected monitor because it maximized deterministic net value under current constraints.,0.0,0.0,30.0,[]
26,Novena,Central,2026-04-26 11:00:00+08:00,0.674,0.674,medium,11,-1.4,1.2222222,low supply,0.1223,low,8.0,0.0458,low,watchlist,Heuristic baseline policy recommends watchlist monitoring because signals are elevated but not yet acute.,0.2909,moderate,1,7.1563,monitor,Selected monitor because it maximized deterministic net value under current constraints.,0.0,0.0,30.0,[]
26,Novena,Central,2026-04-26 15:00:00+08:00,0.4675,0.4675,medium,8,-2.0,1.3333334,critically low supply,0.1486,low,5.0,0.052,low,watchlist,Heuristic baseline policy recommends watchlist monitoring because signals are elevated but not yet acute.,0.2305,low,0,7.1563,monitor,Selected monitor because it maximized deterministic net value under current constraints.,0.0,0.0,30.0,[]
26,Novena,Central,2026-04-27 10:00:00+08:00,0.9462,0.9462,high,12,-1.1666666,2.0,low supply,0.2038,low,5.0,0.0611,low,intervention,Heuristic baseline policy recommends intervention because depletion risk or imbalance is already high.,0.4229,moderate,1,7.1563,monitor,Selected monitor because it maximized deterministic net value under current constraints.,0.0,0.0,30.0,[]
26,Novena,Central,2026-04-28 02:00:00+08:00,0.4641,0.4641,medium,5,-0.2,1.6666666,critically low supply,0.0164,low,2.0,0.0049,low,watchlist,Heuristic baseline policy recommends watchlist monitoring because signals are elevated but not yet acute.,0.1698,low,0,7.1563,monitor,Selected monitor because it maximized deterministic net value under current constraints.,0.0,0.0,30.0,[]
26,Novena,Central,2026-04-28 04:00:00+08:00,0.6791,0.6791,medium,6,0.0,0.85714287,critically low supply,0.0446,low,6.0,0.0196,low,watchlist,Heuristic baseline policy recommends watchlist monitoring because signals are elevated but not yet acute.,0.2578,moderate,1,7.1563,monitor,Selected monitor because it maximized deterministic net value under current constraints.,0.0,0.0,30.0,[]
26,Novena,Central,2026-04-28 06:00:00+08:00,0.4784,0.4784,medium,8,-0.5,1.6,critically low supply,0.2038,low,4.0,0.0652,low,watchlist,Heuristic baseline policy recommends watchlist monitoring because signals are elevated but not yet acute.,0.2591,moderate,1,7.1563,monitor,Selected monitor because it maximized deterministic net value under current constraints.,0.0,0.0,30.0,[]
26,Novena,Central,2026-04-28 08:00:00+08:00,0.4291,0.4291,medium,7,0.11111111,1.1666666,critically low supply + peak hour,0.365,low,5.0,0.1356,low,watchlist,Heuristic baseline policy recommends watchlist monitoring because signals are elevated but not yet acute.,0.3144,moderate,3,7.1563,monitor,Selected monitor because it maximized deterministic net value under current constraints.,0.0,0.0,30.0,[]
26,Novena,Central,2026-04-28 09:00:00+08:00,0.5233,0.5233,medium,9,-0.25,1.8,critically low supply + peak hour,0.3149,low,4.0,0.0966,low,watchlist,Heuristic baseline policy recommends watchlist monitoring because signals are elevated but not yet acute.,0.3249,moderate,4,7.1563,monitor,Selected monitor because it maximized deterministic net value under current constraints.,0.0,0.0,30.0,[]
26,Novena,Central,2026-04-28 23:00:00+08:00,0.7566,0.7566,high,8,-1.25,0.61538464,critically low supply + below yesterday baseline,0.0304,low,12.0,0.0837,low,intervention,Heuristic baseline policy recommends intervention because depletion risk or imbalance is already high.,0.3452,moderate,1,7.1563,monitor,Selected monitor because it maximized deterministic net value under current constraints.,0.0,0.0,30.0,[]
26,Novena,Central,2026-04-29 10:00:00+08:00,0.4664,0.4664,medium,8,-0.8,1.1428572,critically low supply,0.2038,low,6.0,0.0774,low,watchlist,Heuristic baseline policy recommends watchlist monitoring because signals are elevated but not yet acute.,0.2549,moderate,2,7.1563,monitor,Selected monitor because it maximized deterministic net value under current constraints.,0.0,0.0,30.0,[]
26,Novena,Central,2026-04-30 10:00:00+08:00,0.5863,0.5863,medium,8,-0.8,1.1428572,critically low supply,0.2038,low,6.0,0.0774,low,watchlist,Heuristic baseline policy recommends watchlist monitoring because signals are elevated but not yet acute.,0.2969,moderate,1,7.1563,monitor,Selected monitor because it maximized deterministic net value under current constraints.,0.0,0.0,30.0,[]
26,Novena,Central,2026-04-30 11:00:00+08:00,0.8031,0.8031,high,18,-1.1111112,3.0,low supply,0.1023,low,5.0,0.0273,low,intervention,Heuristic baseline policy recommends intervention because depletion risk or imbalance is already high.,0.3271,moderate,2,7.1563,monitor,Selected monitor because it maximized deterministic net value under current constraints.,0.0,0.0,30.0,[]
26,Novena,Central,2026-05-01 02:00:00+08:00,0.5695,0.5695,medium,6,-0.4,2.0,critically low supply + public holiday,0.0164,low,2.0,0.0046,low,watchlist,Heuristic baseline policy recommends watchlist monitoring because signals are elevated but not yet acute.,0.2067,low,0,7.1563,monitor,Selected monitor because it maximized deterministic net value under current constraints.,0.0,0.0,30.0,[]
26,Novena,Central,2026-05-01 03:00:00+08:00,0.4206,0.4206,medium,7,-0.14285715,1.75,critically low supply + public holiday,0.0224,low,3.0,0.0068,low,watchlist,Heuristic baseline policy recommends watchlist monitoring because signals are elevated but not yet acute.,0.1573,low,0,7.1563,monitor,Selected monitor because it maximized deterministic net value under current constraints.,0.0,0.0,30.0,[]
26,Novena,Central,2026-05-01 11:00:00+08:00,0.5054,0.5054,medium,7,-0.33333334,0.875,critically low supply + public holiday,0.1023,low,7.0,0.045,low,watchlist,Heuristic baseline policy recommends watchlist monitoring because signals are elevated but not yet acute.,0.2229,low,0,7.1563,monitor,Selected monitor because it maximized deterministic net value under current constraints.,0.0,0.0,30.0,[]
26,Novena,Central,2026-05-02 05:00:00+08:00,0.632,0.632,medium,7,-0.33333334,1.0,critically low supply,0.1223,low,6.0,0.0496,low,watchlist,Heuristic baseline policy recommends watchlist monitoring because signals are elevated but not yet acute.,0.2762,moderate,1,7.1563,monitor,Selected monitor because it maximized deterministic net value under current constraints.,0.0,0.0,30.0,[]
26,Novena,Central,2026-05-02 06:00:00+08:00,0.4637,0.4637,medium,8,-0.125,1.0,critically low supply,0.2238,low,7.0,0.0918,low,watchlist,Heuristic baseline policy recommends watchlist monitoring because signals are elevated but not yet acute.,0.263,moderate,2,7.1563,monitor,Selected monitor because it maximized deterministic net value under current constraints.,0.0,0.0,30.0,[]
26,Novena,Central,2026-05-11 11:00:00+08:00,0.4974,0.4974,medium,11,-1.0,1.5714285,low supply + rain,0.1689,low,6.0,0.0559,low,watchlist,Heuristic baseline policy recommends watchlist monitoring because signals are elevated but not yet acute.,0.2501,moderate,1,7.1563,monitor,Selected monitor because it maximized deterministic net value under current constraints.,0.0,0.0,30.0,[]
27,Orchard,Central,2026-04-16 02:00:00+08:00,0.6696,0.6696,medium,13,-0.84555984,1.7605016,low supply,0.0164,low,6.3843,0.0052,low,watchlist,Heuristic baseline policy recommends watchlist monitoring because signals are elevated but not yet acute.,0.2417,low,0,8.2897,monitor,Selected monitor because it maximized deterministic net value under current constraints.,0.0,0.0,30.0,[]
27,Orchard,Central,2026-04-16 10:00:00+08:00,0.9897,0.9897,high,44,-2.0,5.0,normal conditions,0.2038,low,6.3843,0.0479,low,intervention,Heuristic baseline policy recommends intervention because depletion risk or imbalance is already high.,0.4381,moderate,1,8.2897,monitor,Selected monitor because it maximized deterministic net value under current constraints.,0.0,0.0,30.0,[]
27,Orchard,Central,2026-04-18 02:00:00+08:00,0.8162,0.8162,high,7,-0.33333334,0.9479624,critically low supply,0.0364,low,6.3843,0.0152,low,intervention,Heuristic baseline policy recommends intervention because depletion risk or imbalance is already high.,0.3021,moderate,1,8.2897,monitor,Selected monitor because it maximized deterministic net value under current constraints.,0.0,0.0,30.0,[]
27,Orchard,Central,2026-04-18 11:00:00+08:00,0.4121,0.4121,medium,11,-1.0,1.4896551,low supply,0.1223,low,6.3843,0.0415,low,watchlist,Heuristic baseline policy recommends watchlist monitoring because signals are elevated but not yet acute.,0.1993,low,0,8.2897,monitor,Selected monitor because it maximized deterministic net value under current constraints.,0.0,0.0,30.0,[]
27,Orchard,Central,2026-04-18 13:00:00+08:00,0.8431,0.8431,high,12,0.1875,0.85714287,low supply,0.0504,low,13.0,0.0386,low,intervention,Heuristic baseline policy recommends intervention because depletion risk or imbalance is already high.,0.3331,moderate,1,8.2897,monitor,Selected monitor because it maximized deterministic net value under current constraints.,0.0,0.0,30.0,[]
27,Orchard,Central,2026-04-19 02:00:00+08:00,0.7992,0.7992,high,6,-1.3333334,0.6666667,critically low supply + below yesterday baseline,0.0364,low,8.0,0.0689,low,intervention,Heuristic baseline policy recommends intervention because depletion risk or imbalance is already high.,0.3461,moderate,1,8.2897,monitor,Selected monitor because it maximized deterministic net value under current constraints.,0.0,0.0,30.0,[]
27,Orchard,Central,2026-04-19 03:00:00+08:00,0.6818,0.6818,medium,6,0.0,0.85714287,critically low supply,0.0424,low,6.0,0.0187,low,watchlist,Heuristic baseline policy recommends watchlist monitoring because signals are elevated but not yet acute.,0.2577,moderate,2,8.2897,monitor,Selected monitor because it maximized deterministic net value under current constraints.,0.0,0.0,30.0,[]
27,Orchard,Central,2026-04-19 05:00:00+08:00,0.4073,0.4073,medium,7,-0.6,1.0,critically low supply,0.1223,low,6.0,0.0496,low,watchlist,Heuristic baseline policy recommends watchlist monitoring because signals are elevated but not yet acute.,0.1976,low,0,8.2897,monitor,Selected monitor because it maximized deterministic net value under current constraints.,0.0,0.0,30.0,[]
27,Orchard,Central,2026-04-20 09:00:00+08:00,0.7437,0.7437,high,7,-0.6,1.4,critically low supply + peak hour,0.3149,low,4.0,0.1062,low,watchlist,Heuristic baseline policy recommends watchlist monitoring because signals are elevated but not yet acute.,0.402,moderate,3,8.2897,monitor,Selected monitor because it maximized deterministic net value under current constraints.,0.0,0.0,30.0,[]
27,Orchard,Central,2026-04-20 14:00:00+08:00,0.6585,0.6585,medium,6,-0.4,0.6,critically low supply + below yesterday baseline,0.0624,low,9.0,0.1016,low,watchlist,Heuristic baseline policy recommends watchlist monitoring because signals are elevated but not yet acute.,0.3252,moderate,1,8.2897,monitor,Selected monitor because it maximized deterministic net value under current constraints.,0.0,0.0,30.0,[]
27,Orchard,Central,2026-04-20 17:00:00+08:00,0.436,0.436,medium,8,-0.2857143,1.6,critically low supply + peak hour,0.3239,low,4.0,0.1036,low,watchlist,Heuristic baseline policy recommends watchlist monitoring because signals are elevated but not yet acute.,0.2984,moderate,1,8.2897,monitor,Selected monitor because it maximized deterministic net value under current constraints.,0.0,0.0,30.0,[]
27,Orchard,Central,2026-04-21 11:00:00+08:00,0.9204,0.9204,high,9,-2.0,1.5,critically low supply,0.1023,low,5.0,0.0341,low,intervention,Heuristic baseline policy recommends intervention because depletion risk or imbalance is already high.,0.3682,moderate,1,8.2897,monitor,Selected monitor because it maximized deterministic net value under current constraints.,0.0,0.0,30.0,[]
27,Orchard,Central,2026-04-21 17:00:00+08:00,0.543,0.543,medium,9,0.0,1.8,critically low supply + peak hour,0.3239,low,4.0,0.0993,low,watchlist,Heuristic baseline policy recommends watchlist monitoring because signals are elevated but not yet acute.,0.3358,moderate,2,8.2897,monitor,Selected monitor because it maximized deterministic net value under current constraints.,0.0,0.0,30.0,[]
27,Orchard,Central,2026-04-22 12:00:00+08:00,0.6267,0.6267,medium,7,-0.33333334,1.0,critically low supply,0.0446,low,6.0,0.0181,low,watchlist,Heuristic baseline policy recommends watchlist monitoring because signals are elevated but not yet acute.,0.2394,low,0,8.2897,monitor,Selected monitor because it maximized deterministic net value under current constraints.,0.0,0.0,30.0,[]
27,Orchard,Central,2026-04-22 23:00:00+08:00,0.5278,0.5278,medium,9,-0.6666667,1.5,critically low supply,0.0304,low,5.0,0.0101,low,watchlist,Heuristic baseline policy recommends watchlist monitoring because signals are elevated but not yet acute.,0.1984,low,0,8.2897,monitor,Selected monitor because it maximized deterministic net value under current constraints.,0.0,0.0,30.0,[]
27,Orchard,Central,2026-04-23 11:00:00+08:00,0.9204,0.9204,high,11,-2.0,1.5714285,low supply,0.1023,low,6.0,0.0339,low,intervention,Heuristic baseline policy recommends intervention because depletion risk or imbalance is already high.,0.3682,moderate,2,8.2897,monitor,Selected monitor because it maximized deterministic net value under current constraints.,0.0,0.0,30.0,[]
27,Orchard,Central,2026-04-25 09:00:00+08:00,0.805,0.805,high,6,-2.0,0.5,critically low supply + below yesterday baseline + peak hour,0.3349,low,11.0,0.3052,low,intervention,Heuristic baseline policy recommends intervention because depletion risk or imbalance is already high.,0.5234,moderate,2,8.2897,monitor,Selected monitor because it maximized deterministic net value under current constraints.,0.0,0.0,30.0,[]
27,Orchard,Central,2026-04-25 10:00:00+08:00,0.7943,0.7943,high,11,-0.71428573,1.5714285,low supply,0.2238,low,6.0,0.0741,low,intervention,Heuristic baseline policy recommends intervention because depletion risk or imbalance is already high.,0.3787,moderate,3,8.2897,monitor,Selected monitor because it maximized deterministic net value under current constraints.,0.0,0.0,30.0,[]
27,Orchard,Central,2026-04-25 15:00:00+08:00,0.4851,0.4851,medium,4,-0.6666667,0.8,critically low supply,0.1486,low,4.0,0.0654,low,watchlist,Heuristic baseline policy recommends watchlist monitoring because signals are elevated but not yet acute.,0.2367,low,0,8.2897,monitor,Selected monitor because it maximized deterministic net value under current constraints.,0.0,0.0,30.0,[]
27,Orchard,Central,2026-04-25 16:00:00+08:00,0.5762,0.5762,medium,6,-0.4,2.0,critically low supply,0.2473,low,2.0,0.0692,low,watchlist,Heuristic baseline policy recommends watchlist monitoring because signals are elevated but not yet acute.,0.313,moderate,1,8.2897,monitor,Selected monitor because it maximized deterministic net value under current constraints.,0.0,0.0,30.0,[]
27,Orchard,Central,2026-04-26 11:00:00+08:00,0.591,0.591,medium,11,-2.0,1.0,low supply,0.1223,low,10.0,0.0511,low,watchlist,Heuristic baseline policy recommends watchlist monitoring because signals are elevated but not yet acute.,0.2619,moderate,1,8.2897,monitor,Selected monitor because it maximized deterministic net value under current constraints.,0.0,0.0,30.0,[]
27,Orchard,Central,2026-04-26 17:00:00+08:00,0.5187,0.5187,medium,9,-1.0,5.0,critically low supply + peak hour,0.3439,low,0.0,0.1513,low,watchlist,Heuristic baseline policy recommends watchlist monitoring because signals are elevated but not yet acute.,0.3363,moderate,1,8.2897,monitor,Selected monitor because it maximized deterministic net value under current constraints.,0.0,0.0,30.0,[]
27,Orchard,Central,2026-04-27 19:00:00+08:00,0.5273,0.5273,medium,10,-0.5714286,1.4285715,low supply + peak hour,0.3239,low,6.0,0.1114,low,watchlist,Heuristic baseline policy recommends watchlist monitoring because signals are elevated but not yet acute.,0.3303,moderate,2,8.2897,monitor,Selected monitor because it maximized deterministic net value under current constraints.,0.0,0.0,30.0,[]
27,Orchard,Central,2026-04-28 06:00:00+08:00,0.8648,0.8648,high,6,-0.4,0.85714287,critically low supply,0.2038,low,6.0,0.0897,low,intervention,Heuristic baseline policy recommends intervention because depletion risk or imbalance is already high.,0.3944,moderate,1,8.2897,monitor,Selected monitor because it maximized deterministic net value under current constraints.,0.0,0.0,30.0,[]
27,Orchard,Central,2026-04-28 10:00:00+08:00,0.4649,0.4649,medium,12,-1.1666666,1.0,low supply,0.2038,low,11.0,0.0856,low,watchlist,Heuristic baseline policy recommends watchlist monitoring because signals are elevated but not yet acute.,0.2544,moderate,1,8.2897,monitor,Selected monitor because it maximized deterministic net value under current constraints.,0.0,0.0,30.0,[]
27,Orchard,Central,2026-04-29 08:00:00+08:00,0.8298,0.8298,high,5,-2.0,0.8333333,critically low supply + peak hour,0.365,low,5.0,0.1606,low,intervention,Heuristic baseline policy recommends intervention because depletion risk or imbalance is already high.,0.4547,moderate,1,8.2897,monitor,Selected monitor because it maximized deterministic net value under current constraints.,0.0,0.0,30.0,[]
27,Orchard,Central,2026-04-29 10:00:00+08:00,0.4543,0.4543,medium,5,0.0,0.71428573,critically low supply,0.2038,low,6.0,0.1328,low,watchlist,Heuristic baseline policy recommends watchlist monitoring because signals are elevated but not yet acute.,0.284,moderate,2,8.2897,monitor,Selected monitor because it maximized deterministic net value under current constraints.,0.0,0.0,30.0,[]
27,Orchard,Central,2026-04-29 17:00:00+08:00,0.4553,0.4553,medium,5,0.0,0.71428573,critically low supply + peak hour,0.3239,low,6.0,0.1914,low,watchlist,Heuristic baseline policy recommends watchlist monitoring because signals are elevated but not yet acute.,0.3384,moderate,3,8.2897,monitor,Selected monitor because it maximized deterministic net value under current constraints.,0.0,0.0,30.0,[]
27,Orchard,Central,2026-04-30 04:00:00+08:00,0.4368,0.4368,medium,6,-0.75,0.85714287,critically low supply,0.0446,low,6.0,0.0196,low,watchlist,Heuristic baseline policy recommends watchlist monitoring because signals are elevated but not yet acute.,0.1729,low,0,8.2897,monitor,Selected monitor because it maximized deterministic net value under current constraints.,0.0,0.0,30.0,[]
27,Orchard,Central,2026-04-30 10:00:00+08:00,0.5135,0.5135,medium,6,-0.4,1.2,critically low supply,0.2038,low,4.0,0.0734,low,watchlist,Heuristic baseline policy recommends watchlist monitoring because signals are elevated but not yet acute.,0.2714,moderate,1,8.2897,monitor,Selected monitor because it maximized deterministic net value under current constraints.,0.0,0.0,30.0,[]
27,Orchard,Central,2026-04-30 17:00:00+08:00,0.5314,0.5314,medium,6,-1.3333334,1.2,critically low supply + peak hour,0.3239,low,4.0,0.1166,low,watchlist,Heuristic baseline policy recommends watchlist monitoring because signals are elevated but not yet acute.,0.3317,moderate,1,8.2897,monitor,Selected monitor because it maximized deterministic net value under current constraints.,0.0,0.0,30.0,[]
27,Orchard,Central,2026-04-30 23:00:00+08:00,0.8831,0.8831,high,6,-1.3333334,1.0,critically low supply,0.0304,low,5.0,0.0122,low,intervention,Heuristic baseline policy recommends intervention because depletion risk or imbalance is already high.,0.3228,moderate,1,8.2897,monitor,Selected monitor because it maximized deterministic net value under current constraints.,0.0,0.0,30.0,[]
27,Orchard,Central,2026-05-01 01:00:00+08:00,0.5355,0.5355,medium,2,0.0,0.22222222,sustained depletion + critically low supply + below yesterday baseline + public holiday,0.0152,low,8.0,0.1676,low,watchlist,Heuristic baseline policy recommends watchlist monitoring because signals are elevated but not yet acute.,0.3443,moderate,1,8.2897,monitor,Selected monitor because it maximized deterministic net value under current constraints.,0.0,0.0,30.0,[]
27,Orchard,Central,2026-05-01 02:00:00+08:00,0.8065,0.8065,high,6,-1.3333334,1.0,critically low supply + public holiday,0.0164,low,5.0,0.0066,low,intervention,Heuristic baseline policy recommends intervention because depletion risk or imbalance is already high.,0.2897,moderate,2,8.2897,monitor,Selected monitor because it maximized deterministic net value under current constraints.,0.0,0.0,30.0,[]
27,Orchard,Central,2026-05-01 04:00:00+08:00,0.7963,0.7963,high,6,-1.3333334,1.2,critically low supply + public holiday,0.0446,low,4.0,0.0161,low,intervention,Heuristic baseline policy recommends intervention because depletion risk or imbalance is already high.,0.2988,moderate,1,8.2897,monitor,Selected monitor because it maximized deterministic net value under current constraints.,0.0,0.0,30.0,[]
27,Orchard,Central,2026-05-01 05:00:00+08:00,0.53,0.53,medium,5,0.14285715,2.5,critically low supply + public holiday,0.1023,low,1.0,0.0254,low,watchlist,Heuristic baseline policy recommends watchlist monitoring because signals are elevated but not yet acute.,0.2315,low,0,8.2897,monitor,Selected monitor because it maximized deterministic net value under current constraints.,0.0,0.0,30.0,[]
27,Orchard,Central,2026-05-01 10:00:00+08:00,0.4524,0.4524,medium,3,-2.0,0.5,critically low supply + below yesterday baseline + public holiday,0.2038,low,5.0,0.2023,low,watchlist,Heuristic baseline policy recommends watchlist monitoring because signals are elevated but not yet acute.,0.33,moderate,2,8.2897,monitor,Selected monitor because it maximized deterministic net value under current constraints.,0.0,0.0,30.0,[]
27,Orchard,Central,2026-05-01 18:00:00+08:00,0.4439,0.4439,medium,14,-0.36363637,2.0,low supply + peak hour + public holiday,0.365,low,6.0,0.1105,low,watchlist,Heuristic baseline policy recommends watchlist monitoring because signals are elevated but not yet acute.,0.3196,moderate,1,8.2897,monitor,Selected monitor because it maximized deterministic net value under current constraints.,0.0,0.0,30.0,[]
27,Orchard,Central,2026-05-02 04:00:00+08:00,0.561,0.561,medium,6,-0.4,2.0,critically low supply,0.0646,low,2.0,0.0181,low,watchlist,Heuristic baseline policy recommends watchlist monitoring because signals are elevated but not yet acute.,0.2254,low,0,8.2897,monitor,Selected monitor because it maximized deterministic net value under current constraints.,0.0,0.0,30.0,[]
27,Orchard,Central,2026-05-02 11:00:00+08:00,0.9213,0.9213,high,17,-1.5714285,2.8333333,low supply,0.1223,low,5.0,0.0331,low,intervention,Heuristic baseline policy recommends intervention because depletion risk or imbalance is already high.,0.3775,moderate,1,8.2897,monitor,Selected monitor because it maximized deterministic net value under current constraints.,0.0,0.0,30.0,[]
28,Outram,Central,2026-04-16 10:00:00+08:00,0.9901,0.9901,high,46,-2.0,5.0,normal conditions,0.2038,low,6.7731,0.048,low,intervention,Heuristic baseline policy recommends intervention because depletion risk or imbalance is already high.,0.4382,moderate,1,7.8452,monitor,Selected monitor because it maximized deterministic net value under current constraints.,0.0,0.0,30.0,[]
28,Outram,Central,2026-04-17 10:00:00+08:00,0.4705,0.4705,medium,10,-0.8333333,1.2864801,sustained depletion + low supply,0.2038,low,6.7731,0.0739,low,watchlist,Heuristic baseline policy recommends watchlist monitoring because signals are elevated but not yet acute.,0.2564,moderate,1,7.8452,monitor,Selected monitor because it maximized deterministic net value under current constraints.,0.0,0.0,30.0,[]
28,Outram,Central,2026-04-17 13:00:00+08:00,0.4631,0.4631,medium,14,-0.36363637,1.8010721,low supply,0.0304,low,6.7731,0.0096,low,watchlist,Heuristic baseline policy recommends watchlist monitoring because signals are elevated but not yet acute.,0.1758,low,0,7.8452,monitor,Selected monitor because it maximized deterministic net value under current constraints.,0.0,0.0,30.0,[]
28,Outram,Central,2026-04-17 21:00:00+08:00,0.6358,0.6358,medium,9,0.0,1.157832,critically low supply,0.1286,low,6.7731,0.0489,low,watchlist,Heuristic baseline policy recommends watchlist monitoring because signals are elevated but not yet acute.,0.2804,moderate,1,7.8452,monitor,Selected monitor because it maximized deterministic net value under current constraints.,0.0,0.0,30.0,[]
28,Outram,Central,2026-04-18 09:00:00+08:00,0.405,0.405,medium,5,-1.0,0.64324003,critically low supply + below yesterday baseline + peak hour,0.3349,low,6.7731,0.2282,low,watchlist,Heuristic baseline policy recommends watchlist monitoring because signals are elevated but not yet acute.,0.3448,moderate,1,7.8452,monitor,Selected monitor because it maximized deterministic net value under current constraints.,0.0,0.0,30.0,[]
28,Outram,Central,2026-04-19 06:00:00+08:00,0.553,0.553,medium,5,-0.5,0.8333333,critically low supply,0.2238,low,5.0,0.0985,low,watchlist,Heuristic baseline policy recommends watchlist monitoring because signals are elevated but not yet acute.,0.2943,moderate,1,7.8452,monitor,Selected monitor because it maximized deterministic net value under current constraints.,0.0,0.0,30.0,[]
28,Outram,Central,2026-04-19 12:00:00+08:00,0.8016,0.8016,high,7,-1.6666666,1.4,critically low supply,0.0646,low,4.0,0.0218,low,intervention,Heuristic baseline policy recommends intervention because depletion risk or imbalance is already high.,0.3096,moderate,3,7.8452,monitor,Selected monitor because it maximized deterministic net value under current constraints.,0.0,0.0,30.0,[]
28,Outram,Central,2026-04-19 14:00:00+08:00,0.434,0.434,medium,7,0.11111111,1.4,critically low supply,0.0824,low,4.0,0.0278,low,watchlist,Heuristic baseline policy recommends watchlist monitoring because signals are elevated but not yet acute.,0.189,low,0,7.8452,monitor,Selected monitor because it maximized deterministic net value under current constraints.,0.0,0.0,30.0,[]
28,Outram,Central,2026-04-20 06:00:00+08:00,0.6786,0.6786,medium,6,-0.75,1.2,critically low supply,0.2038,low,4.0,0.0734,low,watchlist,Heuristic baseline policy recommends watchlist monitoring because signals are elevated but not yet acute.,0.3292,moderate,1,7.8452,monitor,Selected monitor because it maximized deterministic net value under current constraints.,0.0,0.0,30.0,[]
28,Outram,Central,2026-04-20 07:00:00+08:00,0.7959,0.7959,high,10,-0.5714286,1.6666666,low supply + peak hour,0.3149,low,5.0,0.1008,low,intervention,Heuristic baseline policy recommends intervention because depletion risk or imbalance is already high.,0.4203,moderate,2,7.8452,monitor,Selected monitor because it maximized deterministic net value under current constraints.,0.0,0.0,30.0,[]
28,Outram,Central,2026-04-20 08:00:00+08:00,0.7652,0.7652,high,9,0.09090909,1.5,critically low supply + peak hour,0.365,low,5.0,0.1217,low,intervention,Heuristic baseline policy recommends intervention because depletion risk or imbalance is already high.,0.4321,moderate,3,7.8452,monitor,Selected monitor because it maximized deterministic net value under current constraints.,0.0,0.0,30.0,[]
28,Outram,Central,2026-04-20 09:00:00+08:00,0.7539,0.7539,high,11,-0.2,2.75,low supply + peak hour,0.3149,low,3.0,0.0836,low,intervention,Heuristic baseline policy recommends intervention because depletion risk or imbalance is already high.,0.4056,moderate,4,7.8452,monitor,Selected monitor because it maximized deterministic net value under current constraints.,0.0,0.0,30.0,[]
28,Outram,Central,2026-04-20 10:00:00+08:00,0.8015,0.8015,high,16,-0.41666666,4.0,low supply,0.2038,low,3.0,0.0499,low,intervention,Heuristic baseline policy recommends intervention because depletion risk or imbalance is already high.,0.3722,moderate,5,7.8452,monitor,Selected monitor because it maximized deterministic net value under current constraints.,0.0,0.0,30.0,[]
28,Outram,Central,2026-04-20 11:00:00+08:00,0.6694,0.6694,medium,14,0.11764706,2.3333333,low supply,0.1023,low,5.0,0.0292,low,watchlist,Heuristic baseline policy recommends watchlist monitoring because signals are elevated but not yet acute.,0.2803,moderate,6,7.8452,monitor,Selected monitor because it maximized deterministic net value under current constraints.,0.0,0.0,30.0,[]
28,Outram,Central,2026-04-21 11:00:00+08:00,0.9453,0.9453,high,11,-2.0,2.75,low supply,0.1023,low,3.0,0.0272,low,intervention,Heuristic baseline policy recommends intervention because depletion risk or imbalance is already high.,0.3769,moderate,2,7.8452,monitor,Selected monitor because it maximized deterministic net value under current constraints.,0.0,0.0,30.0,[]
28,Outram,Central,2026-04-22 08:00:00+08:00,0.8435,0.8435,high,16,-2.0,1.3333334,low supply + peak hour,0.365,low,11.0,0.1332,low,intervention,Heuristic baseline policy recommends intervention because depletion risk or imbalance is already high.,0.4595,moderate,1,7.8452,monitor,Selected monitor because it maximized deterministic net value under current constraints.,0.0,0.0,30.0,[]
28,Outram,Central,2026-04-22 10:00:00+08:00,0.6643,0.6643,medium,14,0.11764706,0.8235294,low supply,0.2038,low,16.0,0.1217,low,watchlist,Heuristic baseline policy recommends watchlist monitoring because signals are elevated but not yet acute.,0.3492,moderate,2,7.8452,monitor,Selected monitor because it maximized deterministic net value under current constraints.,0.0,0.0,30.0,[]
28,Outram,Central,2026-04-23 01:00:00+08:00,0.6311,0.6311,medium,6,-0.75,1.0,critically low supply,0.0152,low,5.0,0.0061,low,watchlist,Heuristic baseline policy recommends watchlist monitoring because signals are elevated but not yet acute.,0.2277,low,0,7.8452,monitor,Selected monitor because it maximized deterministic net value under current constraints.,0.0,0.0,30.0,[]
28,Outram,Central,2026-04-23 11:00:00+08:00,0.9453,0.9453,high,12,-2.0,2.4,low supply,0.1023,low,4.0,0.0286,low,intervention,Heuristic baseline policy recommends intervention because depletion risk or imbalance is already high.,0.3769,moderate,2,7.8452,monitor,Selected monitor because it maximized deterministic net value under current constraints.,0.0,0.0,30.0,[]
28,Outram,Central,2026-04-24 10:00:00+08:00,0.762,0.762,high,10,-2.0,0.6666667,low supply + below yesterday baseline,0.2038,low,14.0,0.1664,low,intervention,Heuristic baseline policy recommends intervention because depletion risk or imbalance is already high.,0.4156,moderate,2,7.8452,monitor,Selected monitor because it maximized deterministic net value under current constraints.,0.0,0.0,30.0,[]
28,Outram,Central,2026-04-24 11:00:00+08:00,0.4804,0.4804,medium,14,-0.36363637,1.5555556,low supply,0.1023,low,8.0,0.0345,low,watchlist,Heuristic baseline policy recommends watchlist monitoring because signals are elevated but not yet acute.,0.2142,low,0,7.8452,monitor,Selected monitor because it maximized deterministic net value under current constraints.,0.0,0.0,30.0,[]
28,Outram,Central,2026-04-25 08:00:00+08:00,0.8826,0.8826,high,5,-0.5,1.6666666,critically low supply + peak hour,0.385,low,2.0,0.114,low,intervention,Heuristic baseline policy recommends intervention because depletion risk or imbalance is already high.,0.4822,moderate,1,7.8452,monitor,Selected monitor because it maximized deterministic net value under current constraints.,0.0,0.0,30.0,[]
28,Outram,Central,2026-04-26 01:00:00+08:00,0.6003,0.6003,medium,7,-0.6,0.7777778,critically low supply,0.0352,low,8.0,0.0417,low,watchlist,Heuristic baseline policy recommends watchlist monitoring because signals are elevated but not yet acute.,0.2509,moderate,1,7.8452,monitor,Selected monitor because it maximized deterministic net value under current constraints.,0.0,0.0,30.0,[]
28,Outram,Central,2026-04-26 13:00:00+08:00,0.4237,0.4237,medium,10,-0.8333333,2.0,low supply,0.0504,low,4.0,0.0149,low,watchlist,Heuristic baseline policy recommends watchlist monitoring because signals are elevated but not yet acute.,0.171,low,0,7.8452,monitor,Selected monitor because it maximized deterministic net value under current constraints.,0.0,0.0,30.0,[]
28,Outram,Central,2026-04-26 22:00:00+08:00,0.4059,0.4059,medium,6,-0.16666667,0.5,critically low supply + below yesterday baseline,0.0824,low,11.0,0.1436,low,watchlist,Heuristic baseline policy recommends watchlist monitoring because signals are elevated but not yet acute.,0.2701,moderate,1,7.8452,monitor,Selected monitor because it maximized deterministic net value under current constraints.,0.0,0.0,30.0,[]
28,Outram,Central,2026-04-27 10:00:00+08:00,0.938,0.938,high,14,-2.0,1.4,low supply,0.2038,low,9.0,0.0722,low,intervention,Heuristic baseline policy recommends intervention because depletion risk or imbalance is already high.,0.42,moderate,1,7.8452,monitor,Selected monitor because it maximized deterministic net value under current constraints.,0.0,0.0,30.0,[]
28,Outram,Central,2026-04-28 06:00:00+08:00,0.7569,0.7569,high,7,-1.0,0.7777778,critically low supply,0.2038,low,8.0,0.1217,low,intervention,Heuristic baseline policy recommends intervention because depletion risk or imbalance is already high.,0.3816,moderate,1,7.8452,monitor,Selected monitor because it maximized deterministic net value under current constraints.,0.0,0.0,30.0,[]
28,Outram,Central,2026-04-28 08:00:00+08:00,0.5082,0.5082,medium,7,-0.14285715,1.4,critically low supply + peak hour,0.365,low,4.0,0.1231,low,watchlist,Heuristic baseline policy recommends watchlist monitoring because signals are elevated but not yet acute.,0.3421,moderate,1,7.8452,monitor,Selected monitor because it maximized deterministic net value under current constraints.,0.0,0.0,30.0,[]
28,Outram,Central,2026-04-28 09:00:00+08:00,0.8625,0.8625,high,11,-0.5,1.8333334,low supply + peak hour,0.3149,low,5.0,0.0973,low,intervention,Heuristic baseline policy recommends intervention because depletion risk or imbalance is already high.,0.4436,moderate,2,7.8452,monitor,Selected monitor because it maximized deterministic net value under current constraints.,0.0,0.0,30.0,[]
28,Outram,Central,2026-04-28 10:00:00+08:00,0.9888,0.9888,high,26,-1.25,3.7142856,normal conditions,0.2038,low,6.0,0.052,low,intervention,Heuristic baseline policy recommends intervention because depletion risk or imbalance is already high.,0.4378,moderate,3,7.8452,monitor,Selected monitor because it maximized deterministic net value under current constraints.,0.0,0.0,30.0,[]
28,Outram,Central,2026-04-29 02:00:00+08:00,0.4577,0.4577,medium,2,-0.5,0.22222222,critically low supply + below yesterday baseline,0.0164,low,8.0,0.169,low,watchlist,Heuristic baseline policy recommends watchlist monitoring because signals are elevated but not yet acute.,0.3176,moderate,1,7.8452,monitor,Selected monitor because it maximized deterministic net value under current constraints.,0.0,0.0,30.0,[]
28,Outram,Central,2026-04-29 08:00:00+08:00,0.9855,0.9855,high,11,-2.0,1.5714285,low supply + peak hour,0.365,low,6.0,0.1208,low,intervention,Heuristic baseline policy recommends intervention because depletion risk or imbalance is already high.,0.5092,moderate,2,7.8452,monitor,Selected monitor because it maximized deterministic net value under current constraints.,0.0,0.0,30.0,[]
28,Outram,Central,2026-04-29 10:00:00+08:00,0.9279,0.9279,high,13,-0.16666667,1.625,low supply,0.2038,low,7.0,0.0671,low,intervention,Heuristic baseline policy recommends intervention because depletion risk or imbalance is already high.,0.4165,moderate,3,7.8452,monitor,Selected monitor because it maximized deterministic net value under current constraints.,0.0,0.0,30.0,[]
28,Outram,Central,2026-04-30 06:00:00+08:00,0.4734,0.4734,medium,4,-0.25,0.8,critically low supply,0.2038,low,4.0,0.0897,low,watchlist,Heuristic baseline policy recommends watchlist monitoring because signals are elevated but not yet acute.,0.2574,moderate,1,7.8452,monitor,Selected monitor because it maximized deterministic net value under current constraints.,0.0,0.0,30.0,[]
28,Outram,Central,2026-04-30 10:00:00+08:00,0.8409,0.8409,high,7,-0.6,1.4,critically low supply,0.2038,low,4.0,0.0687,low,intervention,Heuristic baseline policy recommends intervention because depletion risk or imbalance is already high.,0.386,moderate,2,7.8452,monitor,Selected monitor because it maximized deterministic net value under current constraints.,0.0,0.0,30.0,[]
28,Outram,Central,2026-04-30 11:00:00+08:00,0.9604,0.9604,high,22,-1.875,5.0,normal conditions,0.1023,low,3.0,0.0238,low,intervention,Heuristic baseline policy recommends intervention because depletion risk or imbalance is already high.,0.3822,moderate,3,7.8452,monitor,Selected monitor because it maximized deterministic net value under current constraints.,0.0,0.0,30.0,[]
28,Outram,Central,2026-05-01 11:00:00+08:00,0.5985,0.5985,medium,6,-0.4,0.85714287,critically low supply + public holiday,0.1023,low,6.0,0.045,low,watchlist,Heuristic baseline policy recommends watchlist monitoring because signals are elevated but not yet acute.,0.2555,moderate,3,7.8452,monitor,Selected monitor because it maximized deterministic net value under current constraints.,0.0,0.0,30.0,[]
28,Outram,Central,2026-05-02 08:00:00+08:00,0.4849,0.4849,medium,2,0.0,0.6666667,critically low supply + below yesterday baseline + peak hour,0.385,low,2.0,0.1694,low,watchlist,Heuristic baseline policy recommends watchlist monitoring because signals are elevated but not yet acute.,0.343,moderate,2,7.8452,monitor,Selected monitor because it maximized deterministic net value under current constraints.,0.0,0.0,30.0,[]
28,Outram,Central,2026-05-02 11:00:00+08:00,0.9018,0.9018,high,9,-2.0,2.25,critically low supply,0.1223,low,3.0,0.0342,low,intervention,Heuristic baseline policy recommends intervention because depletion risk or imbalance is already high.,0.3707,moderate,3,7.8452,monitor,Selected monitor because it maximized deterministic net value under current constraints.,0.0,0.0,30.0,[]
29,Pasir Ris,East,2026-04-16 10:00:00+08:00,0.9793,0.9793,high,22,-0.7692308,1.5861148,normal conditions,0.2038,low,12.8704,0.0694,low,intervention,Heuristic baseline policy recommends intervention because depletion risk or imbalance is already high.,0.4345,moderate,1,0.3,monitor,Selected monitor because it maximized deterministic net value under current constraints.,0.0,0.0,30.0,[]
29,Pasir Ris,East,2026-04-18 11:00:00+08:00,0.8668,0.8668,high,18,-0.5833333,1.2977303,low supply,0.1223,low,12.8704,0.0454,low,intervention,Heuristic baseline policy recommends intervention because depletion risk or imbalance is already high.,0.3584,moderate,1,0.3,monitor,Selected monitor because it maximized deterministic net value under current constraints.,0.0,0.0,30.0,[]
29,Pasir Ris,East,2026-04-19 16:00:00+08:00,0.5383,0.5383,medium,19,-0.6666667,1.3571428,low supply,0.2473,low,13.0,0.0901,low,watchlist,Heuristic baseline policy recommends watchlist monitoring because signals are elevated but not yet acute.,0.2997,moderate,1,0.3,monitor,Selected monitor because it maximized deterministic net value under current constraints.,0.0,0.0,30.0,[]
29,Pasir Ris,East,2026-04-20 09:00:00+08:00,0.4073,0.4073,medium,15,0.0,1.3636364,low supply + peak hour,0.3149,low,10.0,0.1134,low,no_action,Heuristic baseline policy recommends no action because depletion risk and imbalance remain low.,0.2843,moderate,2,0.3,monitor,Selected monitor because it maximized deterministic net value under current constraints.,0.0,0.0,30.0,[]
29,Pasir Ris,East,2026-04-20 19:00:00+08:00,0.4342,0.4342,medium,19,-0.25,1.7272727,low supply + peak hour,0.3239,low,10.0,0.1057,low,no_action,Heuristic baseline policy recommends no action because depletion risk and imbalance remain low.,0.2977,moderate,1,0.3,monitor,Selected monitor because it maximized deterministic net value under current constraints.,0.0,0.0,30.0,[]
29,Pasir Ris,East,2026-04-22 10:00:00+08:00,0.5271,0.5271,medium,12,0.071428575,1.3333334,low supply,0.2038,low,8.0,0.0734,low,watchlist,Heuristic baseline policy recommends watchlist monitoring because signals are elevated but not yet acute.,0.2762,moderate,1,0.3,monitor,Selected monitor because it maximized deterministic net value under current constraints.,0.0,0.0,30.0,[]
29,Pasir Ris,East,2026-04-23 07:00:00+08:00,0.9294,0.9294,high,19,-0.6666667,1.9,low supply + peak hour,0.3149,low,9.0,0.0988,low,intervention,Heuristic baseline policy recommends intervention because depletion risk or imbalance is already high.,0.467,moderate,1,0.3,monitor,Selected monitor because it maximized deterministic net value under current constraints.,0.0,0.0,30.0,[]
29,Pasir Ris,East,2026-04-23 11:00:00+08:00,0.4329,0.4329,medium,14,0.25,1.2727273,low supply,0.1023,low,10.0,0.038,low,watchlist,Heuristic baseline policy recommends watchlist monitoring because signals are elevated but not yet acute.,0.1976,low,0,0.3,monitor,Selected monitor because it maximized deterministic net value under current constraints.,0.0,0.0,30.0,[]
29,Pasir Ris,East,2026-04-26 14:00:00+08:00,0.8713,0.8713,high,21,-0.5714286,1.3125,normal conditions,0.0824,low,15.0,0.0306,low,intervention,Heuristic baseline policy recommends intervention because depletion risk or imbalance is already high.,0.342,moderate,1,0.3,monitor,Selected monitor because it maximized deterministic net value under current constraints.,0.0,0.0,30.0,[]
29,Pasir Ris,East,2026-04-28 21:00:00+08:00,0.5002,0.5002,medium,12,0.1875,1.0909091,low supply,0.1286,low,10.0,0.0514,low,watchlist,Heuristic baseline policy recommends watchlist monitoring because signals are elevated but not yet acute.,0.2329,low,0,0.3,monitor,Selected monitor because it maximized deterministic net value under current constraints.,0.0,0.0,30.0,[]
29,Pasir Ris,East,2026-04-30 05:00:00+08:00,0.7304,0.7304,high,18,-0.46153846,1.3846154,low supply,0.1023,low,12.0,0.0368,low,watchlist,Heuristic baseline policy recommends watchlist monitoring because signals are elevated but not yet acute.,0.3017,moderate,1,0.3,monitor,Selected monitor because it maximized deterministic net value under current constraints.,0.0,0.0,30.0,[]
29,Pasir Ris,East,2026-04-30 17:00:00+08:00,0.9612,0.9612,high,24,-1.5,1.7142857,peak hour,0.3239,low,13.0,0.1069,low,intervention,Heuristic baseline policy recommends intervention because depletion risk or imbalance is already high.,0.4822,moderate,1,0.3,monitor,Selected monitor because it maximized deterministic net value under current constraints.,0.0,0.0,30.0,[]
29,Pasir Ris,East,2026-05-01 04:00:00+08:00,0.7221,0.7221,high,20,-0.61538464,2.0,public holiday,0.0446,low,9.0,0.0137,low,watchlist,Heuristic baseline policy recommends watchlist monitoring because signals are elevated but not yet acute.,0.2728,moderate,1,0.3,monitor,Selected monitor because it maximized deterministic net value under current constraints.,0.0,0.0,30.0,[]
29,Pasir Ris,East,2026-05-01 16:00:00+08:00,0.5311,0.5311,medium,14,0.0625,1.2727273,low supply + public holiday,0.2273,low,10.0,0.0844,low,watchlist,Heuristic baseline policy recommends watchlist monitoring because signals are elevated but not yet acute.,0.2882,moderate,1,0.3,monitor,Selected monitor because it maximized deterministic net value under current constraints.,0.0,0.0,30.0,[]
30,Paya Lebar,East,2026-04-16 02:00:00+08:00,0.9814,0.9814,high,26,-1.5001937,2.4041095,normal conditions,0.0164,low,9.8148,0.0048,low,intervention,Heuristic baseline policy recommends intervention because depletion risk or imbalance is already high.,0.3509,moderate,1,3.3202,monitor,Selected monitor because it maximized deterministic net value under current constraints.,0.0,0.0,30.0,[]
30,Paya Lebar,East,2026-04-16 10:00:00+08:00,0.8652,0.8652,high,23,0.11111111,2.1267123,normal conditions,0.2038,low,9.8148,0.0616,low,intervention,Heuristic baseline policy recommends intervention because depletion risk or imbalance is already high.,0.3945,moderate,2,3.3202,monitor,Selected monitor because it maximized deterministic net value under current constraints.,0.0,0.0,30.0,[]
30,Paya Lebar,East,2026-04-17 10:00:00+08:00,0.8934,0.8934,high,17,-0.8,1.5719178,low supply,0.2038,low,9.8148,0.069,low,intervention,Heuristic baseline policy recommends intervention because depletion risk or imbalance is already high.,0.4044,moderate,1,3.3202,monitor,Selected monitor because it maximized deterministic net value under current constraints.,0.0,0.0,30.0,[]
30,Paya Lebar,East,2026-04-18 09:00:00+08:00,0.6429,0.6429,medium,12,0.13333334,1.1095891,low supply + peak hour,0.3349,low,9.8148,0.1327,low,watchlist,Heuristic baseline policy recommends watchlist monitoring because signals are elevated but not yet acute.,0.3757,moderate,1,3.3202,monitor,Selected monitor because it maximized deterministic net value under current constraints.,0.0,0.0,30.0,[]
30,Paya Lebar,East,2026-04-19 10:00:00+08:00,0.9851,0.9851,high,27,-2.0,2.7,normal conditions,0.2238,low,9.0,0.0627,low,intervention,Heuristic baseline policy recommends intervention because depletion risk or imbalance is already high.,0.4455,moderate,1,3.3202,monitor,Selected monitor because it maximized deterministic net value under current constraints.,0.0,0.0,30.0,[]
30,Paya Lebar,East,2026-04-20 10:00:00+08:00,0.5257,0.5257,medium,11,-1.0,1.1,low supply,0.2038,low,9.0,0.0808,low,watchlist,Heuristic baseline policy recommends watchlist monitoring because signals are elevated but not yet acute.,0.2757,moderate,3,3.3202,monitor,Selected monitor because it maximized deterministic net value under current constraints.,0.0,0.0,30.0,[]
30,Paya Lebar,East,2026-04-22 11:00:00+08:00,0.7895,0.7895,high,18,-1.1111112,1.5,low supply,0.1023,low,11.0,0.0355,low,intervention,Heuristic baseline policy recommends intervention because depletion risk or imbalance is already high.,0.3224,moderate,1,3.3202,monitor,Selected monitor because it maximized deterministic net value under current constraints.,0.0,0.0,30.0,[]
30,Paya Lebar,East,2026-04-24 00:00:00+08:00,0.9516,0.9516,high,18,-1.7142857,1.6363636,low supply,0.015,low,10.0,0.005,low,intervention,Heuristic baseline policy recommends intervention because depletion risk or imbalance is already high.,0.3398,moderate,1,3.3202,monitor,Selected monitor because it maximized deterministic net value under current constraints.,0.0,0.0,30.0,[]
30,Paya Lebar,East,2026-04-25 08:00:00+08:00,0.45,0.45,medium,8,0.25,1.1428572,critically low supply + peak hour,0.385,low,6.0,0.1463,low,watchlist,Heuristic baseline policy recommends watchlist monitoring because signals are elevated but not yet acute.,0.3307,moderate,1,3.3202,monitor,Selected monitor because it maximized deterministic net value under current constraints.,0.0,0.0,30.0,[]
30,Paya Lebar,East,2026-04-25 11:00:00+08:00,0.4459,0.4459,medium,12,0.1875,1.7142857,low supply,0.1223,low,6.0,0.0391,low,watchlist,Heuristic baseline policy recommends watchlist monitoring because signals are elevated but not yet acute.,0.2111,low,0,3.3202,monitor,Selected monitor because it maximized deterministic net value under current constraints.,0.0,0.0,30.0,[]
30,Paya Lebar,East,2026-04-26 11:00:00+08:00,0.4579,0.4579,medium,17,-0.6363636,1.5454545,low supply,0.1223,low,10.0,0.0417,low,watchlist,Heuristic baseline policy recommends watchlist monitoring because signals are elevated but not yet acute.,0.2153,low,0,3.3202,monitor,Selected monitor because it maximized deterministic net value under current constraints.,0.0,0.0,30.0,[]
30,Paya Lebar,East,2026-04-27 10:00:00+08:00,0.9867,0.9867,high,17,-2.0,1.8888888,low supply,0.2038,low,8.0,0.0638,low,intervention,Heuristic baseline policy recommends intervention because depletion risk or imbalance is already high.,0.4371,moderate,1,3.3202,monitor,Selected monitor because it maximized deterministic net value under current constraints.,0.0,0.0,30.0,[]
30,Paya Lebar,East,2026-04-28 03:00:00+08:00,0.6684,0.6684,medium,14,0.0625,1.5555556,low supply,0.0224,low,8.0,0.0076,low,watchlist,Heuristic baseline policy recommends watchlist monitoring because signals are elevated but not yet acute.,0.244,low,0,3.3202,monitor,Selected monitor because it maximized deterministic net value under current constraints.,0.0,0.0,30.0,[]
30,Paya Lebar,East,2026-04-28 22:00:00+08:00,0.4067,0.4067,medium,10,-0.5714286,1.6666666,low supply,0.0624,low,5.0,0.02,low,watchlist,Heuristic baseline policy recommends watchlist monitoring because signals are elevated but not yet acute.,0.1704,low,0,3.3202,monitor,Selected monitor because it maximized deterministic net value under current constraints.,0.0,0.0,30.0,[]
30,Paya Lebar,East,2026-04-29 10:00:00+08:00,0.988,0.988,high,17,-2.0,1.8888888,low supply,0.2038,low,8.0,0.0638,low,intervention,Heuristic baseline policy recommends intervention because depletion risk or imbalance is already high.,0.4375,moderate,2,3.3202,monitor,Selected monitor because it maximized deterministic net value under current constraints.,0.0,0.0,30.0,[]
30,Paya Lebar,East,2026-04-29 17:00:00+08:00,0.442,0.442,medium,12,0.2777778,1.5,low supply + peak hour,0.3239,low,7.0,0.1101,low,watchlist,Heuristic baseline policy recommends watchlist monitoring because signals are elevated but not yet acute.,0.3005,moderate,3,3.3202,monitor,Selected monitor because it maximized deterministic net value under current constraints.,0.0,0.0,30.0,[]
30,Paya Lebar,East,2026-04-30 02:00:00+08:00,0.7146,0.7146,high,18,-0.46153846,2.0,low supply,0.0164,low,8.0,0.005,low,watchlist,Heuristic baseline policy recommends watchlist monitoring because signals are elevated but not yet acute.,0.2575,moderate,1,3.3202,monitor,Selected monitor because it maximized deterministic net value under current constraints.,0.0,0.0,30.0,[]
30,Paya Lebar,East,2026-04-30 03:00:00+08:00,0.5698,0.5698,medium,15,0.15789473,1.5,low supply,0.0224,low,9.0,0.0077,low,watchlist,Heuristic baseline policy recommends watchlist monitoring because signals are elevated but not yet acute.,0.2095,low,0,3.3202,monitor,Selected monitor because it maximized deterministic net value under current constraints.,0.0,0.0,30.0,[]
30,Paya Lebar,East,2026-04-30 11:00:00+08:00,0.4466,0.4466,medium,12,0.071428575,1.3333334,low supply,0.1023,low,8.0,0.0368,low,watchlist,Heuristic baseline policy recommends watchlist monitoring because signals are elevated but not yet acute.,0.2023,low,0,3.3202,monitor,Selected monitor because it maximized deterministic net value under current constraints.,0.0,0.0,30.0,[]
30,Paya Lebar,East,2026-05-01 07:00:00+08:00,0.5036,0.5036,medium,9,-0.6666667,4.5,critically low supply + peak hour + public holiday,0.3149,low,1.0,0.0714,low,watchlist,Heuristic baseline policy recommends watchlist monitoring because signals are elevated but not yet acute.,0.318,moderate,1,3.3202,monitor,Selected monitor because it maximized deterministic net value under current constraints.,0.0,0.0,30.0,[]
30,Paya Lebar,East,2026-05-02 05:00:00+08:00,0.5447,0.5447,medium,11,-0.71428573,1.375,low supply,0.1223,low,7.0,0.0431,low,watchlist,Heuristic baseline policy recommends watchlist monitoring because signals are elevated but not yet acute.,0.2457,low,0,3.3202,monitor,Selected monitor because it maximized deterministic net value under current constraints.,0.0,0.0,30.0,[]
31,Pioneer,West,2026-04-16 10:00:00+08:00,0.5477,0.5477,medium,5,-0.2,1.4380826,critically low supply,0.2038,low,2.4769,0.065,low,watchlist,Heuristic baseline policy recommends watchlist monitoring because signals are elevated but not yet acute.,0.2834,moderate,1,0.0,monitor,Selected monitor because it maximized deterministic net value under current constraints.,0.0,0.0,30.0,[]
31,Pioneer,West,2026-04-17 09:00:00+08:00,0.4647,0.4647,medium,6,-0.16666667,1.7256991,critically low supply + peak hour,0.3149,low,2.4769,0.0942,low,watchlist,Heuristic baseline policy recommends watchlist monitoring because signals are elevated but not yet acute.,0.3044,moderate,2,0.0,monitor,Selected monitor because it maximized deterministic net value under current constraints.,0.0,0.0,30.0,[]
31,Pioneer,West,2026-04-17 11:00:00+08:00,0.7538,0.7538,high,3,0.2,0.86284953,sustained depletion + critically low supply,0.1023,low,2.4769,0.0407,low,intervention,Heuristic baseline policy recommends intervention because depletion risk or imbalance is already high.,0.3099,moderate,1,0.0,monitor,Selected monitor because it maximized deterministic net value under current constraints.,0.0,0.0,30.0,[]
31,Pioneer,West,2026-04-17 14:00:00+08:00,0.4568,0.4568,medium,2,0.0,0.57523304,critically low supply + below yesterday baseline,0.0624,low,2.4769,0.0695,low,watchlist,Heuristic baseline policy recommends watchlist monitoring because signals are elevated but not yet acute.,0.2265,low,0,0.0,monitor,Selected monitor because it maximized deterministic net value under current constraints.,0.0,0.0,30.0,[]
31,Pioneer,West,2026-04-17 15:00:00+08:00,0.4955,0.4955,medium,2,0.0,0.57523304,critically low supply + below yesterday baseline,0.1286,low,2.4769,0.1025,low,watchlist,Heuristic baseline policy recommends watchlist monitoring because signals are elevated but not yet acute.,0.2698,moderate,1,0.0,monitor,Selected monitor because it maximized deterministic net value under current constraints.,0.0,0.0,30.0,[]
31,Pioneer,West,2026-04-17 16:00:00+08:00,0.4662,0.4662,medium,2,0.0,0.57523304,critically low supply + below yesterday baseline,0.2273,low,2.4769,0.1515,low,watchlist,Heuristic baseline policy recommends watchlist monitoring because signals are elevated but not yet acute.,0.304,moderate,2,0.0,monitor,Selected monitor because it maximized deterministic net value under current constraints.,0.0,0.0,30.0,[]
31,Pioneer,West,2026-04-17 18:00:00+08:00,0.6619,0.6619,medium,2,0.0,0.57523304,critically low supply + below yesterday baseline + peak hour,0.365,low,2.4769,0.22,low,watchlist,Heuristic baseline policy recommends watchlist monitoring because signals are elevated but not yet acute.,0.4344,moderate,1,0.0,monitor,Selected monitor because it maximized deterministic net value under current constraints.,0.0,0.0,30.0,[]
31,Pioneer,West,2026-04-17 22:00:00+08:00,0.8601,0.8601,high,2,-0.5,0.57523304,critically low supply + below yesterday baseline,0.0624,low,2.4769,0.0695,low,intervention,Heuristic baseline policy recommends intervention because depletion risk or imbalance is already high.,0.3676,moderate,1,0.0,monitor,Selected monitor because it maximized deterministic net value under current constraints.,0.0,0.0,30.0,[]
31,Pioneer,West,2026-04-18 03:00:00+08:00,0.5768,0.5768,medium,1,0.0,0.28761652,critically low supply + below yesterday baseline,0.0424,low,2.4769,0.1529,low,watchlist,Heuristic baseline policy recommends watchlist monitoring because signals are elevated but not yet acute.,0.3402,moderate,1,0.0,monitor,Selected monitor because it maximized deterministic net value under current constraints.,0.0,0.0,30.0,[]
31,Pioneer,West,2026-04-18 09:00:00+08:00,0.9804,0.9804,high,10,-2.0,2.8761652,low supply + peak hour,0.3349,low,2.4769,0.0869,low,intervention,Heuristic baseline policy recommends intervention because depletion risk or imbalance is already high.,0.4938,moderate,1,0.0,monitor,Selected monitor because it maximized deterministic net value under current constraints.,0.0,0.0,30.0,[]
31,Pioneer,West,2026-04-18 11:00:00+08:00,0.7869,0.7869,high,1,0.8181818,0.28761652,rapid depletion + sustained depletion + critically low supply + below yesterday baseline,0.1223,low,2.4769,0.2164,low,intervention,Heuristic baseline policy recommends intervention because depletion risk or imbalance is already high.,0.4497,moderate,2,0.0,monitor,Selected monitor because it maximized deterministic net value under current constraints.,0.0,0.0,30.0,[]
31,Pioneer,West,2026-04-18 15:00:00+08:00,0.4388,0.4388,medium,1,0.0,0.14285715,critically low supply + below yesterday baseline,0.1486,low,6.0,0.4104,medium,watchlist,Heuristic baseline policy recommends watchlist monitoring because signals are elevated but not yet acute.,0.3871,moderate,6,0.0,monitor,Selected monitor because it maximized deterministic net value under current constraints.,0.0,0.0,30.0,[]
31,Pioneer,West,2026-04-18 16:00:00+08:00,0.6499,0.6499,medium,2,-0.5,0.4,critically low supply + below yesterday baseline,0.2473,low,4.0,0.2682,low,watchlist,Heuristic baseline policy recommends watchlist monitoring because signals are elevated but not yet acute.,0.4387,moderate,7,0.0,monitor,Selected monitor because it maximized deterministic net value under current constraints.,0.0,0.0,30.0,[]
31,Pioneer,West,2026-04-19 00:00:00+08:00,0.5705,0.5705,medium,1,-1.0,0.33333334,critically low supply + below yesterday baseline,0.035,low,2.0,0.1238,low,watchlist,Heuristic baseline policy recommends watchlist monitoring because signals are elevated but not yet acute.,0.3154,moderate,1,0.0,monitor,Selected monitor because it maximized deterministic net value under current constraints.,0.0,0.0,30.0,[]
31,Pioneer,West,2026-04-19 02:00:00+08:00,0.4126,0.4126,medium,1,0.0,0.33333334,critically low supply + below yesterday baseline,0.0364,low,2.0,0.1248,low,watchlist,Heuristic baseline policy recommends watchlist monitoring because signals are elevated but not yet acute.,0.2608,moderate,1,0.0,monitor,Selected monitor because it maximized deterministic net value under current constraints.,0.0,0.0,30.0,[]
31,Pioneer,West,2026-04-19 03:00:00+08:00,0.5203,0.5203,medium,1,0.0,0.33333334,critically low supply + below yesterday baseline,0.0424,low,2.0,0.1288,low,watchlist,Heuristic baseline policy recommends watchlist monitoring because signals are elevated but not yet acute.,0.3012,moderate,2,0.0,monitor,Selected monitor because it maximized deterministic net value under current constraints.,0.0,0.0,30.0,[]
31,Pioneer,West,2026-04-19 06:00:00+08:00,0.8071,0.8071,high,3,-1.0,1.0,critically low supply,0.2238,low,2.0,0.0806,low,intervention,Heuristic baseline policy recommends intervention because depletion risk or imbalance is already high.,0.3832,moderate,1,0.0,monitor,Selected monitor because it maximized deterministic net value under current constraints.,0.0,0.0,30.0,[]
31,Pioneer,West,2026-04-19 14:00:00+08:00,0.4482,0.4482,medium,1,0.0,0.5,critically low supply + below yesterday baseline,0.0824,low,1.0,0.0363,low,watchlist,Heuristic baseline policy recommends watchlist monitoring because signals are elevated but not yet acute.,0.194,low,0,0.0,monitor,Selected monitor because it maximized deterministic net value under current constraints.,0.0,0.0,30.0,[]
31,Pioneer,West,2026-04-19 16:00:00+08:00,0.6942,0.6942,medium,2,-0.5,1.0,critically low supply,0.2473,low,1.0,0.0791,low,watchlist,Heuristic baseline policy recommends watchlist monitoring because signals are elevated but not yet acute.,0.3543,moderate,1,0.0,monitor,Selected monitor because it maximized deterministic net value under current constraints.,0.0,0.0,30.0,[]
31,Pioneer,West,2026-04-19 17:00:00+08:00,0.4246,0.4246,medium,2,0.0,2.0,critically low supply + peak hour,0.3439,low,0.0,0.1513,low,watchlist,Heuristic baseline policy recommends watchlist monitoring because signals are elevated but not yet acute.,0.3034,moderate,2,0.0,monitor,Selected monitor because it maximized deterministic net value under current constraints.,0.0,0.0,30.0,[]
31,Pioneer,West,2026-04-19 18:00:00+08:00,0.8565,0.8565,high,2,0.0,0.18181819,critically low supply + below yesterday baseline + peak hour,0.385,low,10.0,0.699,medium,intervention,Heuristic baseline policy recommends intervention because depletion risk or imbalance is already high.,0.633,high,3,0.0,driver_comms,Selected driver_comms because it maximized deterministic net value under current constraints.,0.1,0.0127,30.0,[]
31,Pioneer,West,2026-04-19 19:00:00+08:00,0.467,0.467,medium,4,-0.6666667,2.0,critically low supply + peak hour,0.3439,low,1.0,0.0894,low,watchlist,Heuristic baseline policy recommends watchlist monitoring because signals are elevated but not yet acute.,0.3182,moderate,4,0.0,monitor,Selected monitor because it maximized deterministic net value under current constraints.,0.0,0.0,30.0,[]
31,Pioneer,West,2026-04-20 00:00:00+08:00,0.4771,0.4771,medium,2,-0.5,0.6666667,critically low supply + below yesterday baseline,0.015,low,2.0,0.0066,low,watchlist,Heuristic baseline policy recommends watchlist monitoring because signals are elevated but not yet acute.,0.1737,low,0,0.0,monitor,Selected monitor because it maximized deterministic net value under current constraints.,0.0,0.0,30.0,[]
31,Pioneer,West,2026-04-20 02:00:00+08:00,0.7221,0.7221,high,2,0.0,2.0,critically low supply,0.0164,low,0.0,0.0072,low,watchlist,Heuristic baseline policy recommends watchlist monitoring because signals are elevated but not yet acute.,0.2601,moderate,1,0.0,monitor,Selected monitor because it maximized deterministic net value under current constraints.,0.0,0.0,30.0,[]
31,Pioneer,West,2026-04-20 05:00:00+08:00,0.6424,0.6424,medium,2,-0.5,1.0,critically low supply,0.1023,low,1.0,0.0327,low,watchlist,Heuristic baseline policy recommends watchlist monitoring because signals are elevated but not yet acute.,0.2709,moderate,1,0.0,monitor,Selected monitor because it maximized deterministic net value under current constraints.,0.0,0.0,30.0,[]
31,Pioneer,West,2026-04-20 06:00:00+08:00,0.8304,0.8304,high,5,-1.0,2.5,critically low supply,0.2038,low,1.0,0.0505,low,intervention,Heuristic baseline policy recommends intervention because depletion risk or imbalance is already high.,0.3823,moderate,2,0.0,monitor,Selected monitor because it maximized deterministic net value under current constraints.,0.0,0.0,30.0,[]
31,Pioneer,West,2026-04-20 07:00:00+08:00,0.7995,0.7995,high,11,-1.0,5.0,low supply + peak hour,0.3149,low,1.0,0.0699,low,intervention,Heuristic baseline policy recommends intervention because depletion risk or imbalance is already high.,0.4215,moderate,3,0.0,monitor,Selected monitor because it maximized deterministic net value under current constraints.,0.0,0.0,30.0,[]
31,Pioneer,West,2026-04-20 08:00:00+08:00,0.9295,0.9295,high,16,-0.41666666,5.0,low supply + peak hour,0.365,low,1.0,0.0785,low,intervention,Heuristic baseline policy recommends intervention because depletion risk or imbalance is already high.,0.4896,moderate,4,0.0,monitor,Selected monitor because it maximized deterministic net value under current constraints.,0.0,0.0,30.0,[]
31,Pioneer,West,2026-04-20 09:00:00+08:00,0.6592,0.6592,medium,8,0.47058824,5.0,rapid depletion + critically low supply + peak hour,0.3149,low,0.0,0.1386,low,watchlist,Heuristic baseline policy recommends watchlist monitoring because signals are elevated but not yet acute.,0.3724,moderate,5,0.0,monitor,Selected monitor because it maximized deterministic net value under current constraints.,0.0,0.0,30.0,[]
31,Pioneer,West,2026-04-20 13:00:00+08:00,0.5063,0.5063,medium,2,-0.5,1.0,critically low supply,0.0304,low,1.0,0.0097,low,watchlist,Heuristic baseline policy recommends watchlist monitoring because signals are elevated but not yet acute.,0.1909,low,0,0.0,monitor,Selected monitor because it maximized deterministic net value under current constraints.,0.0,0.0,30.0,[]
31,Pioneer,West,2026-04-20 15:00:00+08:00,0.9314,0.9314,high,4,-1.5,2.0,critically low supply,0.1286,low,1.0,0.0334,low,intervention,Heuristic baseline policy recommends intervention because depletion risk or imbalance is already high.,0.3839,moderate,1,0.0,monitor,Selected monitor because it maximized deterministic net value under current constraints.,0.0,0.0,30.0,[]
31,Pioneer,West,2026-04-21 00:00:00+08:00,0.4772,0.4772,medium,2,-0.5,1.0,critically low supply,0.015,low,1.0,0.0048,low,watchlist,Heuristic baseline policy recommends watchlist monitoring because signals are elevated but not yet acute.,0.1738,low,0,0.0,monitor,Selected monitor because it maximized deterministic net value under current constraints.,0.0,0.0,30.0,[]
31,Pioneer,West,2026-04-21 02:00:00+08:00,0.4099,0.4099,medium,2,0.0,0.6666667,critically low supply + below yesterday baseline,0.0164,low,2.0,0.0072,low,watchlist,Heuristic baseline policy recommends watchlist monitoring because signals are elevated but not yet acute.,0.1508,low,0,0.0,monitor,Selected monitor because it maximized deterministic net value under current constraints.,0.0,0.0,30.0,[]
31,Pioneer,West,2026-04-21 03:00:00+08:00,0.5323,0.5323,medium,2,0.0,0.6666667,critically low supply + below yesterday baseline,0.0224,low,2.0,0.0099,low,watchlist,Heuristic baseline policy recommends watchlist monitoring because signals are elevated but not yet acute.,0.1964,low,0,0.0,monitor,Selected monitor because it maximized deterministic net value under current constraints.,0.0,0.0,30.0,[]
31,Pioneer,West,2026-04-21 11:00:00+08:00,0.9231,0.9231,high,4,-2.0,2.0,critically low supply,0.1023,low,1.0,0.0266,low,intervention,Heuristic baseline policy recommends intervention because depletion risk or imbalance is already high.,0.3691,moderate,2,0.0,monitor,Selected monitor because it maximized deterministic net value under current constraints.,0.0,0.0,30.0,[]
31,Pioneer,West,2026-04-22 00:00:00+08:00,0.8163,0.8163,high,2,-2.0,0.16666667,critically low supply + below yesterday baseline,0.015,low,11.0,0.1864,low,intervention,Heuristic baseline policy recommends intervention because depletion risk or imbalance is already high.,0.4561,moderate,1,0.0,monitor,Selected monitor because it maximized deterministic net value under current constraints.,0.0,0.0,30.0,[]
31,Pioneer,West,2026-04-22 08:00:00+08:00,0.9901,0.9901,high,24,-2.0,2.6666667,peak hour,0.365,low,8.0,0.1022,low,intervention,Heuristic baseline policy recommends intervention because depletion risk or imbalance is already high.,0.5108,moderate,1,0.0,monitor,Selected monitor because it maximized deterministic net value under current constraints.,0.0,0.0,30.0,[]
31,Pioneer,West,2026-04-22 10:00:00+08:00,0.7745,0.7745,high,8,0.64,1.6,rapid depletion + critically low supply,0.2038,low,4.0,0.0652,low,intervention,Heuristic baseline policy recommends intervention because depletion risk or imbalance is already high.,0.3628,moderate,2,0.0,monitor,Selected monitor because it maximized deterministic net value under current constraints.,0.0,0.0,30.0,[]
31,Pioneer,West,2026-04-22 13:00:00+08:00,0.4733,0.4733,medium,1,0.0,0.33333334,sustained depletion + critically low supply + below yesterday baseline,0.0304,low,2.0,0.1207,low,watchlist,Heuristic baseline policy recommends watchlist monitoring because signals are elevated but not yet acute.,0.2793,moderate,1,0.0,monitor,Selected monitor because it maximized deterministic net value under current constraints.,0.0,0.0,30.0,[]
31,Pioneer,West,2026-04-22 14:00:00+08:00,0.886,0.886,high,3,-1.0,1.5,critically low supply,0.0624,low,1.0,0.0175,low,intervention,Heuristic baseline policy recommends intervention because depletion risk or imbalance is already high.,0.3382,moderate,2,0.0,monitor,Selected monitor because it maximized deterministic net value under current constraints.,0.0,0.0,30.0,[]
31,Pioneer,West,2026-04-22 15:00:00+08:00,0.6714,0.6714,medium,4,-0.25,0.8,critically low supply,0.1286,low,4.0,0.0566,low,watchlist,Heuristic baseline policy recommends watchlist monitoring because signals are elevated but not yet acute.,0.2929,moderate,3,0.0,monitor,Selected monitor because it maximized deterministic net value under current constraints.,0.0,0.0,30.0,[]
31,Pioneer,West,2026-04-22 18:00:00+08:00,0.9206,0.9206,high,6,-1.3333334,1.5,critically low supply + peak hour,0.365,low,3.0,0.1168,low,intervention,Heuristic baseline policy recommends intervention because depletion risk or imbalance is already high.,0.4865,moderate,2,0.0,monitor,Selected monitor because it maximized deterministic net value under current constraints.,0.0,0.0,30.0,[]
31,Pioneer,West,2026-04-22 20:00:00+08:00,0.547,0.547,medium,2,0.4,1.0,rapid depletion + sustained depletion + critically low supply + peak hour,0.2273,low,1.0,0.0727,low,watchlist,Heuristic baseline policy recommends watchlist monitoring because signals are elevated but not yet acute.,0.2937,moderate,1,0.0,monitor,Selected monitor because it maximized deterministic net value under current constraints.,0.0,0.0,30.0,[]
31,Pioneer,West,2026-04-22 21:00:00+08:00,0.4129,0.4129,medium,2,0.0,0.6666667,sustained depletion + critically low supply + below yesterday baseline,0.1286,low,2.0,0.0566,low,watchlist,Heuristic baseline policy recommends watchlist monitoring because signals are elevated but not yet acute.,0.2024,low,0,0.0,monitor,Selected monitor because it maximized deterministic net value under current constraints.,0.0,0.0,30.0,[]
31,Pioneer,West,2026-04-23 01:00:00+08:00,0.7258,0.7258,high,4,-1.5,1.3333334,critically low supply,0.0152,low,2.0,0.0049,low,watchlist,Heuristic baseline policy recommends watchlist monitoring because signals are elevated but not yet acute.,0.2609,moderate,1,0.0,monitor,Selected monitor because it maximized deterministic net value under current constraints.,0.0,0.0,30.0,[]
31,Pioneer,West,2026-04-23 07:00:00+08:00,0.8359,0.8359,high,6,-0.4,2.0,critically low supply + peak hour,0.3149,low,2.0,0.0882,low,intervention,Heuristic baseline policy recommends intervention because depletion risk or imbalance is already high.,0.4343,moderate,2,0.0,monitor,Selected monitor because it maximized deterministic net value under current constraints.,0.0,0.0,30.0,[]
31,Pioneer,West,2026-04-23 11:00:00+08:00,0.4376,0.4376,medium,7,-0.14285715,2.3333333,critically low supply,0.1023,low,2.0,0.0275,low,watchlist,Heuristic baseline policy recommends watchlist monitoring because signals are elevated but not yet acute.,0.1992,low,0,0.0,monitor,Selected monitor because it maximized deterministic net value under current constraints.,0.0,0.0,30.0,[]
31,Pioneer,West,2026-04-23 16:00:00+08:00,0.4826,0.4826,medium,3,-1.0,0.6,sustained depletion + critically low supply + below yesterday baseline,0.2273,low,4.0,0.1682,low,watchlist,Heuristic baseline policy recommends watchlist monitoring because signals are elevated but not yet acute.,0.3212,moderate,1,0.0,monitor,Selected monitor because it maximized deterministic net value under current constraints.,0.0,0.0,30.0,[]
31,Pioneer,West,2026-04-23 23:00:00+08:00,0.4248,0.4248,medium,2,0.25,2.0,critically low supply,0.0304,low,0.0,0.0134,low,watchlist,Heuristic baseline policy recommends watchlist monitoring because signals are elevated but not yet acute.,0.1624,low,0,0.0,monitor,Selected monitor because it maximized deterministic net value under current constraints.,0.0,0.0,30.0,[]
31,Pioneer,West,2026-04-24 00:00:00+08:00,0.5249,0.5249,medium,5,-1.0,1.6666666,critically low supply,0.015,low,2.0,0.0044,low,watchlist,Heuristic baseline policy recommends watchlist monitoring because signals are elevated but not yet acute.,0.1905,low,0,0.0,monitor,Selected monitor because it maximized deterministic net value under current constraints.,0.0,0.0,30.0,[]
31,Pioneer,West,2026-04-24 14:00:00+08:00,0.6239,0.6239,medium,3,-0.33333334,1.5,critically low supply,0.0624,low,1.0,0.0175,low,watchlist,Heuristic baseline policy recommends watchlist monitoring because signals are elevated but not yet acute.,0.2464,low,0,0.0,monitor,Selected monitor because it maximized deterministic net value under current constraints.,0.0,0.0,30.0,[]
31,Pioneer,West,2026-04-24 15:00:00+08:00,0.4191,0.4191,medium,4,-0.25,1.0,critically low supply,0.1286,low,3.0,0.0489,low,watchlist,Heuristic baseline policy recommends watchlist monitoring because signals are elevated but not yet acute.,0.2046,low,0,0.0,monitor,Selected monitor because it maximized deterministic net value under current constraints.,0.0,0.0,30.0,[]
31,Pioneer,West,2026-04-24 20:00:00+08:00,0.4857,0.4857,medium,1,0.0,0.2,sustained depletion + critically low supply + below yesterday baseline + peak hour,0.2273,low,4.0,0.4137,medium,watchlist,Heuristic baseline policy recommends watchlist monitoring because signals are elevated but not yet acute.,0.4223,moderate,2,0.0,monitor,Selected monitor because it maximized deterministic net value under current constraints.,0.0,0.0,30.0,[]
31,Pioneer,West,2026-04-24 21:00:00+08:00,0.5485,0.5485,medium,1,0.0,0.33333334,sustained depletion + critically low supply + below yesterday baseline,0.1286,low,2.0,0.1874,low,watchlist,Heuristic baseline policy recommends watchlist monitoring because signals are elevated but not yet acute.,0.3498,moderate,3,0.0,monitor,Selected monitor because it maximized deterministic net value under current constraints.,0.0,0.0,30.0,[]
31,Pioneer,West,2026-04-24 22:00:00+08:00,0.7353,0.7353,high,2,-0.5,0.6666667,critically low supply + below yesterday baseline,0.0624,low,2.0,0.0275,low,watchlist,Heuristic baseline policy recommends watchlist monitoring because signals are elevated but not yet acute.,0.2854,moderate,4,0.0,monitor,Selected monitor because it maximized deterministic net value under current constraints.,0.0,0.0,30.0,[]
31,Pioneer,West,2026-04-25 00:00:00+08:00,0.5679,0.5679,medium,2,-0.5,1.0,critically low supply,0.035,low,1.0,0.0112,low,watchlist,Heuristic baseline policy recommends watchlist monitoring because signals are elevated but not yet acute.,0.2145,low,0,0.0,monitor,Selected monitor because it maximized deterministic net value under current constraints.,0.0,0.0,30.0,[]
31,Pioneer,West,2026-04-25 03:00:00+08:00,0.5983,0.5983,medium,2,0.0,0.4,critically low supply + below yesterday baseline,0.0424,low,4.0,0.1288,low,watchlist,Heuristic baseline policy recommends watchlist monitoring because signals are elevated but not yet acute.,0.3285,moderate,1,0.0,monitor,Selected monitor because it maximized deterministic net value under current constraints.,0.0,0.0,30.0,[]
31,Pioneer,West,2026-04-25 09:00:00+08:00,0.7222,0.7222,high,3,-2.0,0.375,critically low supply + below yesterday baseline + peak hour,0.3349,low,7.0,0.3688,low,watchlist,Heuristic baseline policy recommends watchlist monitoring because signals are elevated but not yet acute.,0.5178,moderate,3,0.0,monitor,Selected monitor because it maximized deterministic net value under current constraints.,0.0,0.0,30.0,[]
31,Pioneer,West,2026-04-25 15:00:00+08:00,0.4446,0.4446,medium,1,-1.0,0.33333334,critically low supply + below yesterday baseline,0.1486,low,2.0,0.201,low,watchlist,Heuristic baseline policy recommends watchlist monitoring because signals are elevated but not yet acute.,0.3225,moderate,2,0.0,monitor,Selected monitor because it maximized deterministic net value under current constraints.,0.0,0.0,30.0,[]
31,Pioneer,West,2026-04-25 16:00:00+08:00,0.8184,0.8184,high,2,-0.5,0.15384616,critically low supply + below yesterday baseline,0.2473,low,12.0,0.5722,medium,intervention,Heuristic baseline policy recommends intervention because depletion risk or imbalance is already high.,0.5644,high,3,0.0,driver_comms,Selected driver_comms because it maximized deterministic net value under current constraints.,0.1,0.0113,30.0,[]
31,Pioneer,West,2026-04-25 17:00:00+08:00,0.479,0.479,medium,2,0.0,0.6666667,critically low supply + below yesterday baseline + peak hour,0.3439,low,2.0,0.1513,low,watchlist,Heuristic baseline policy recommends watchlist monitoring because signals are elevated but not yet acute.,0.3224,moderate,4,0.0,monitor,Selected monitor because it maximized deterministic net value under current constraints.,0.0,0.0,30.0,[]
31,Pioneer,West,2026-04-25 21:00:00+08:00,0.6331,0.6331,medium,3,-0.33333334,1.0,critically low supply,0.1486,low,2.0,0.0535,low,watchlist,Heuristic baseline policy recommends watchlist monitoring because signals are elevated but not yet acute.,0.2885,moderate,5,0.0,monitor,Selected monitor because it maximized deterministic net value under current constraints.,0.0,0.0,30.0,[]
31,Pioneer,West,2026-04-26 00:00:00+08:00,0.5894,0.5894,medium,3,-0.33333334,0.6,critically low supply + below yesterday baseline,0.035,low,4.0,0.0682,low,watchlist,Heuristic baseline policy recommends watchlist monitoring because signals are elevated but not yet acute.,0.272,moderate,1,0.0,monitor,Selected monitor because it maximized deterministic net value under current constraints.,0.0,0.0,30.0,[]
31,Pioneer,West,2026-04-26 17:00:00+08:00,0.6244,0.6244,medium,2,-0.5,2.0,critically low supply + peak hour,0.3439,low,0.0,0.1513,low,watchlist,Heuristic baseline policy recommends watchlist monitoring because signals are elevated but not yet acute.,0.3733,moderate,3,0.0,monitor,Selected monitor because it maximized deterministic net value under current constraints.,0.0,0.0,30.0,[]
31,Pioneer,West,2026-04-26 19:00:00+08:00,0.5195,0.5195,medium,2,-0.5,1.0,critically low supply + peak hour,0.3439,low,1.0,0.11,low,watchlist,Heuristic baseline policy recommends watchlist monitoring because signals are elevated but not yet acute.,0.3366,moderate,5,0.0,monitor,Selected monitor because it maximized deterministic net value under current constraints.,0.0,0.0,30.0,[]
31,Pioneer,West,2026-04-27 06:00:00+08:00,0.8927,0.8927,high,4,-1.5,1.3333334,critically low supply,0.2038,low,2.0,0.0652,low,intervention,Heuristic baseline policy recommends intervention because depletion risk or imbalance is already high.,0.4042,moderate,1,0.0,monitor,Selected monitor because it maximized deterministic net value under current constraints.,0.0,0.0,30.0,[]
31,Pioneer,West,2026-04-27 10:00:00+08:00,0.7329,0.7329,high,2,0.4,0.6666667,rapid depletion + critically low supply + below yesterday baseline,0.2038,low,2.0,0.0897,low,watchlist,Heuristic baseline policy recommends watchlist monitoring because signals are elevated but not yet acute.,0.3482,moderate,2,0.0,monitor,Selected monitor because it maximized deterministic net value under current constraints.,0.0,0.0,30.0,[]
31,Pioneer,West,2026-04-27 15:00:00+08:00,0.7085,0.7085,high,2,0.0,0.5,critically low supply + below yesterday baseline,0.1286,low,3.0,0.1387,low,watchlist,Heuristic baseline policy recommends watchlist monitoring because signals are elevated but not yet acute.,0.3725,moderate,3,0.0,monitor,Selected monitor because it maximized deterministic net value under current constraints.,0.0,0.0,30.0,[]
31,Pioneer,West,2026-04-27 17:00:00+08:00,0.6039,0.6039,medium,4,-1.5,1.3333334,critically low supply + peak hour,0.3239,low,2.0,0.1036,low,watchlist,Heuristic baseline policy recommends watchlist monitoring because signals are elevated but not yet acute.,0.3571,moderate,1,0.0,monitor,Selected monitor because it maximized deterministic net value under current constraints.,0.0,0.0,30.0,[]
31,Pioneer,West,2026-04-27 19:00:00+08:00,0.9244,0.9244,high,3,-2.0,1.5,critically low supply + peak hour,0.3239,low,1.0,0.0907,low,intervention,Heuristic baseline policy recommends intervention because depletion risk or imbalance is already high.,0.4693,moderate,3,0.0,monitor,Selected monitor because it maximized deterministic net value under current constraints.,0.0,0.0,30.0,[]
31,Pioneer,West,2026-04-27 21:00:00+08:00,0.43,0.43,medium,2,0.0,2.0,critically low supply,0.1286,low,0.0,0.0566,low,watchlist,Heuristic baseline policy recommends watchlist monitoring because signals are elevated but not yet acute.,0.2084,low,0,0.0,monitor,Selected monitor because it maximized deterministic net value under current constraints.,0.0,0.0,30.0,[]
31,Pioneer,West,2026-04-28 00:00:00+08:00,0.4359,0.4359,medium,2,0.0,2.0,critically low supply,0.015,low,0.0,0.0066,low,watchlist,Heuristic baseline policy recommends watchlist monitoring because signals are elevated but not yet acute.,0.1593,low,0,0.0,monitor,Selected monitor because it maximized deterministic net value under current constraints.,0.0,0.0,30.0,[]
31,Pioneer,West,2026-04-28 03:00:00+08:00,0.497,0.497,medium,2,0.0,1.0,critically low supply,0.0224,low,1.0,0.0072,low,watchlist,Heuristic baseline policy recommends watchlist monitoring because signals are elevated but not yet acute.,0.184,low,0,0.0,monitor,Selected monitor because it maximized deterministic net value under current constraints.,0.0,0.0,30.0,[]
31,Pioneer,West,2026-04-28 05:00:00+08:00,0.584,0.584,medium,3,-1.0,1.0,critically low supply,0.1023,low,2.0,0.0368,low,watchlist,Heuristic baseline policy recommends watchlist monitoring because signals are elevated but not yet acute.,0.2504,moderate,1,0.0,monitor,Selected monitor because it maximized deterministic net value under current constraints.,0.0,0.0,30.0,[]
31,Pioneer,West,2026-04-28 06:00:00+08:00,0.8525,0.8525,high,5,-0.5,2.5,critically low supply,0.2038,low,1.0,0.0505,low,intervention,Heuristic baseline policy recommends intervention because depletion risk or imbalance is already high.,0.3901,moderate,2,0.0,monitor,Selected monitor because it maximized deterministic net value under current constraints.,0.0,0.0,30.0,[]
31,Pioneer,West,2026-04-28 07:00:00+08:00,0.6448,0.6448,medium,8,-0.5,2.6666667,critically low supply + peak hour,0.3149,low,2.0,0.0819,low,watchlist,Heuristic baseline policy recommends watchlist monitoring because signals are elevated but not yet acute.,0.3674,moderate,3,0.0,monitor,Selected monitor because it maximized deterministic net value under current constraints.,0.0,0.0,30.0,[]
31,Pioneer,West,2026-04-28 08:00:00+08:00,0.9557,0.9557,high,15,-0.7777778,5.0,low supply + peak hour,0.365,low,1.0,0.0788,low,intervention,Heuristic baseline policy recommends intervention because depletion risk or imbalance is already high.,0.4987,moderate,4,0.0,monitor,Selected monitor because it maximized deterministic net value under current constraints.,0.0,0.0,30.0,[]
31,Pioneer,West,2026-04-28 09:00:00+08:00,0.7402,0.7402,high,14,0.0625,5.0,low supply + peak hour,0.3149,low,1.0,0.0684,low,watchlist,Heuristic baseline policy recommends watchlist monitoring because signals are elevated but not yet acute.,0.4008,moderate,5,0.0,monitor,Selected monitor because it maximized deterministic net value under current constraints.,0.0,0.0,30.0,[]
31,Pioneer,West,2026-04-28 10:00:00+08:00,0.5203,0.5203,medium,10,0.26666668,5.0,low supply,0.2038,low,1.0,0.0457,low,watchlist,Heuristic baseline policy recommends watchlist monitoring because signals are elevated but not yet acute.,0.2738,moderate,6,0.0,monitor,Selected monitor because it maximized deterministic net value under current constraints.,0.0,0.0,30.0,[]
31,Pioneer,West,2026-04-28 22:00:00+08:00,0.6525,0.6525,medium,1,-1.0,0.2,sustained depletion + critically low supply + below yesterday baseline,0.0624,low,4.0,0.2224,low,watchlist,Heuristic baseline policy recommends watchlist monitoring because signals are elevated but not yet acute.,0.4065,moderate,2,0.0,monitor,Selected monitor because it maximized deterministic net value under current constraints.,0.0,0.0,30.0,[]
31,Pioneer,West,2026-04-28 23:00:00+08:00,0.7747,0.7747,high,3,-1.0,1.0,critically low supply,0.0304,low,2.0,0.0109,low,intervention,Heuristic baseline policy recommends intervention because depletion risk or imbalance is already high.,0.2848,moderate,3,0.0,monitor,Selected monitor because it maximized deterministic net value under current constraints.,0.0,0.0,30.0,[]
31,Pioneer,West,2026-04-29 08:00:00+08:00,0.9901,0.9901,high,25,-2.0,5.0,peak hour,0.365,low,1.0,0.0765,low,intervention,Heuristic baseline policy recommends intervention because depletion risk or imbalance is already high.,0.5108,moderate,1,0.0,monitor,Selected monitor because it maximized deterministic net value under current constraints.,0.0,0.0,30.0,[]
31,Pioneer,West,2026-04-29 17:00:00+08:00,0.4744,0.4744,medium,3,-1.0,3.0,sustained depletion + critically low supply + peak hour,0.3239,low,0.0,0.1425,low,watchlist,Heuristic baseline policy recommends watchlist monitoring because signals are elevated but not yet acute.,0.3118,moderate,3,0.0,monitor,Selected monitor because it maximized deterministic net value under current constraints.,0.0,0.0,30.0,[]
31,Pioneer,West,2026-04-29 19:00:00+08:00,0.4416,0.4416,medium,2,0.0,0.6666667,critically low supply + below yesterday baseline + peak hour,0.3239,low,2.0,0.1425,low,watchlist,Heuristic baseline policy recommends watchlist monitoring because signals are elevated but not yet acute.,0.3003,moderate,5,0.0,monitor,Selected monitor because it maximized deterministic net value under current constraints.,0.0,0.0,30.0,[]
31,Pioneer,West,2026-04-29 20:00:00+08:00,0.5221,0.5221,medium,2,0.0,0.6666667,critically low supply + below yesterday baseline + peak hour,0.2273,low,2.0,0.1,low,watchlist,Heuristic baseline policy recommends watchlist monitoring because signals are elevated but not yet acute.,0.285,moderate,6,0.0,monitor,Selected monitor because it maximized deterministic net value under current constraints.,0.0,0.0,30.0,[]
31,Pioneer,West,2026-04-30 01:00:00+08:00,0.7266,0.7266,high,3,-0.33333334,1.5,critically low supply,0.0152,low,1.0,0.0043,low,watchlist,Heuristic baseline policy recommends watchlist monitoring because signals are elevated but not yet acute.,0.2612,moderate,7,0.0,monitor,Selected monitor because it maximized deterministic net value under current constraints.,0.0,0.0,30.0,[]
31,Pioneer,West,2026-04-30 06:00:00+08:00,0.6756,0.6756,medium,3,-0.33333334,1.0,critically low supply,0.2038,low,2.0,0.0734,low,watchlist,Heuristic baseline policy recommends watchlist monitoring because signals are elevated but not yet acute.,0.3282,moderate,1,0.0,monitor,Selected monitor because it maximized deterministic net value under current constraints.,0.0,0.0,30.0,[]
31,Pioneer,West,2026-04-30 10:00:00+08:00,0.5791,0.5791,medium,2,0.25,1.0,critically low supply,0.2038,low,1.0,0.0652,low,watchlist,Heuristic baseline policy recommends watchlist monitoring because signals are elevated but not yet acute.,0.2944,moderate,2,0.0,monitor,Selected monitor because it maximized deterministic net value under current constraints.,0.0,0.0,30.0,[]
31,Pioneer,West,2026-04-30 23:00:00+08:00,0.912,0.912,high,2,-2.0,0.13333334,critically low supply + below yesterday baseline,0.0304,low,14.0,0.2286,low,intervention,Heuristic baseline policy recommends intervention because depletion risk or imbalance is already high.,0.5043,moderate,3,0.0,monitor,Selected monitor because it maximized deterministic net value under current constraints.,0.0,0.0,30.0,[]
31,Pioneer,West,2026-05-01 03:00:00+08:00,0.815,0.815,high,2,-2.0,1.0,critically low supply + public holiday,0.0224,low,1.0,0.0072,low,intervention,Heuristic baseline policy recommends intervention because depletion risk or imbalance is already high.,0.2953,moderate,1,0.0,monitor,Selected monitor because it maximized deterministic net value under current constraints.,0.0,0.0,30.0,[]
31,Pioneer,West,2026-05-01 04:00:00+08:00,0.8653,0.8653,high,2,0.0,0.5,critically low supply + below yesterday baseline + public holiday,0.0446,low,3.0,0.0916,low,intervention,Heuristic baseline policy recommends intervention because depletion risk or imbalance is already high.,0.3896,moderate,2,0.0,monitor,Selected monitor because it maximized deterministic net value under current constraints.,0.0,0.0,30.0,[]
31,Pioneer,West,2026-05-01 07:00:00+08:00,0.5166,0.5166,medium,7,-2.0,0.26923078,critically low supply + below yesterday baseline + peak hour + public holiday,0.3149,low,25.0,0.4769,medium,watchlist,Heuristic baseline policy recommends watchlist monitoring because signals are elevated but not yet acute.,0.4665,moderate,4,0.0,monitor,Selected monitor because it maximized deterministic net value under current constraints.,0.0,0.0,30.0,[]
31,Pioneer,West,2026-05-01 12:00:00+08:00,0.5549,0.5549,medium,2,-2.0,0.6666667,critically low supply + below yesterday baseline + public holiday,0.0446,low,2.0,0.0196,low,watchlist,Heuristic baseline policy recommends watchlist monitoring because signals are elevated but not yet acute.,0.2143,low,0,0.0,monitor,Selected monitor because it maximized deterministic net value under current constraints.,0.0,0.0,30.0,[]
31,Pioneer,West,2026-05-01 14:00:00+08:00,0.5304,0.5304,medium,1,0.0,0.33333334,critically low supply + below yesterday baseline + public holiday,0.0624,low,2.0,0.1424,low,watchlist,Heuristic baseline policy recommends watchlist monitoring because signals are elevated but not yet acute.,0.3137,moderate,1,0.0,monitor,Selected monitor because it maximized deterministic net value under current constraints.,0.0,0.0,30.0,[]
31,Pioneer,West,2026-05-01 18:00:00+08:00,0.8345,0.8345,high,2,-2.0,0.6666667,critically low supply + below yesterday baseline + peak hour + public holiday,0.365,low,2.0,0.1606,low,intervention,Heuristic baseline policy recommends intervention because depletion risk or imbalance is already high.,0.4563,moderate,5,0.0,monitor,Selected monitor because it maximized deterministic net value under current constraints.,0.0,0.0,30.0,[]
31,Pioneer,West,2026-05-01 19:00:00+08:00,0.747,0.747,high,3,-0.33333334,1.0,critically low supply + peak hour + public holiday,0.3239,low,2.0,0.1166,low,watchlist,Heuristic baseline policy recommends watchlist monitoring because signals are elevated but not yet acute.,0.4072,moderate,6,0.0,monitor,Selected monitor because it maximized deterministic net value under current constraints.,0.0,0.0,30.0,[]
31,Pioneer,West,2026-05-02 01:00:00+08:00,0.7592,0.7592,high,2,-0.5,2.0,critically low supply,0.0352,low,0.0,0.0155,low,intervention,Heuristic baseline policy recommends intervention because depletion risk or imbalance is already high.,0.2816,moderate,1,0.0,monitor,Selected monitor because it maximized deterministic net value under current constraints.,0.0,0.0,30.0,[]
31,Pioneer,West,2026-05-02 03:00:00+08:00,0.8192,0.8192,high,2,-2.0,1.0,critically low supply,0.0424,low,1.0,0.0136,low,intervention,Heuristic baseline policy recommends intervention because depletion risk or imbalance is already high.,0.3058,moderate,1,0.0,monitor,Selected monitor because it maximized deterministic net value under current constraints.,0.0,0.0,30.0,[]
31,Pioneer,West,2026-05-02 05:00:00+08:00,0.5007,0.5007,medium,1,0.0,1.0,critically low supply,0.1223,low,0.0,0.0538,low,watchlist,Heuristic baseline policy recommends watchlist monitoring because signals are elevated but not yet acute.,0.2303,low,0,0.0,monitor,Selected monitor because it maximized deterministic net value under current constraints.,0.0,0.0,30.0,[]
31,Pioneer,West,2026-05-02 06:00:00+08:00,0.6947,0.6947,medium,3,-1.0,1.0,critically low supply,0.2238,low,2.0,0.0806,low,watchlist,Heuristic baseline policy recommends watchlist monitoring because signals are elevated but not yet acute.,0.3439,moderate,1,0.0,monitor,Selected monitor because it maximized deterministic net value under current constraints.,0.0,0.0,30.0,[]
31,Pioneer,West,2026-05-02 08:00:00+08:00,0.8538,0.8538,high,7,-1.0,2.3333333,critically low supply + peak hour,0.385,low,2.0,0.1034,low,intervention,Heuristic baseline policy recommends intervention because depletion risk or imbalance is already high.,0.4721,moderate,2,0.0,monitor,Selected monitor because it maximized deterministic net value under current constraints.,0.0,0.0,30.0,[]
31,Pioneer,West,2026-05-02 11:00:00+08:00,0.5171,0.5171,medium,2,0.625,2.0,rapid depletion + sustained depletion + critically low supply,0.1223,low,0.0,0.0538,low,watchlist,Heuristic baseline policy recommends watchlist monitoring because signals are elevated but not yet acute.,0.236,low,0,0.0,monitor,Selected monitor because it maximized deterministic net value under current constraints.,0.0,0.0,30.0,[]
31,Pioneer,West,2026-05-02 14:00:00+08:00,0.5535,0.5535,medium,1,0.0,1.0,critically low supply,0.0824,low,0.0,0.0363,low,watchlist,Heuristic baseline policy recommends watchlist monitoring because signals are elevated but not yet acute.,0.2308,low,0,0.0,monitor,Selected monitor because it maximized deterministic net value under current constraints.,0.0,0.0,30.0,[]
31,Pioneer,West,2026-05-02 15:00:00+08:00,0.583,0.583,medium,1,0.0,0.33333334,critically low supply + below yesterday baseline,0.1486,low,2.0,0.201,low,watchlist,Heuristic baseline policy recommends watchlist monitoring because signals are elevated but not yet acute.,0.3709,moderate,1,0.0,monitor,Selected monitor because it maximized deterministic net value under current constraints.,0.0,0.0,30.0,[]
31,Pioneer,West,2026-05-02 19:00:00+08:00,0.9369,0.9369,high,4,-1.5,2.0,critically low supply + peak hour,0.3439,low,1.0,0.0894,low,intervention,Heuristic baseline policy recommends intervention because depletion risk or imbalance is already high.,0.4827,moderate,1,0.0,monitor,Selected monitor because it maximized deterministic net value under current constraints.,0.0,0.0,30.0,[]
31,Pioneer,West,2026-05-02 22:00:00+08:00,0.4246,0.4246,medium,2,-0.5,1.0,critically low supply,0.0824,low,1.0,0.0264,low,watchlist,Heuristic baseline policy recommends watchlist monitoring because signals are elevated but not yet acute.,0.1857,low,0,0.0,monitor,Selected monitor because it maximized deterministic net value under current constraints.,0.0,0.0,30.0,[]
31,Pioneer,West,2026-05-11 11:00:00+08:00,0.4531,0.4531,medium,5,-1.0,5.0,critically low supply + rain,0.1689,low,0.0,0.0743,low,watchlist,Heuristic baseline policy recommends watchlist monitoring because signals are elevated but not yet acute.,0.2346,low,0,0.0,monitor,Selected monitor because it maximized deterministic net value under current constraints.,0.0,0.0,30.0,[]
32,Punggol,North-East,2026-04-16 10:00:00+08:00,0.9777,0.9777,high,18,-0.9,1.5241082,low supply,0.2038,low,10.8102,0.0701,low,intervention,Heuristic baseline policy recommends intervention because depletion risk or imbalance is already high.,0.4339,moderate,1,0.2833,monitor,Selected monitor because it maximized deterministic net value under current constraints.,0.0,0.0,30.0,[]
32,Punggol,North-East,2026-04-17 16:00:00+08:00,0.8691,0.8691,high,16,0.0,1.3547628,low supply,0.2273,low,10.8102,0.0823,low,intervention,Heuristic baseline policy recommends intervention because depletion risk or imbalance is already high.,0.4065,moderate,1,0.2833,monitor,Selected monitor because it maximized deterministic net value under current constraints.,0.0,0.0,30.0,[]
32,Punggol,North-East,2026-04-18 04:00:00+08:00,0.8672,0.8672,high,13,0.0,1.1007448,low supply,0.0646,low,10.8102,0.0258,low,intervention,Heuristic baseline policy recommends intervention because depletion risk or imbalance is already high.,0.3326,moderate,1,0.2833,monitor,Selected monitor because it maximized deterministic net value under current constraints.,0.0,0.0,30.0,[]
32,Punggol,North-East,2026-04-20 04:00:00+08:00,0.4186,0.4186,medium,14,0.0,0.93333334,low supply,0.0446,low,14.0,0.0196,low,watchlist,Heuristic baseline policy recommends watchlist monitoring because signals are elevated but not yet acute.,0.1666,low,0,0.2833,monitor,Selected monitor because it maximized deterministic net value under current constraints.,0.0,0.0,30.0,[]
32,Punggol,North-East,2026-04-21 11:00:00+08:00,0.5632,0.5632,medium,10,-1.75,0.6666667,low supply + below yesterday baseline,0.1023,low,14.0,0.112,low,watchlist,Heuristic baseline policy recommends watchlist monitoring because signals are elevated but not yet acute.,0.3003,moderate,1,0.2833,monitor,Selected monitor because it maximized deterministic net value under current constraints.,0.0,0.0,30.0,[]
32,Punggol,North-East,2026-04-21 17:00:00+08:00,0.4402,0.4402,medium,20,-0.90909094,1.3333334,peak hour,0.3239,low,14.0,0.1192,low,no_action,Heuristic baseline policy recommends no action because depletion risk and imbalance remain low.,0.2998,moderate,2,0.2833,monitor,Selected monitor because it maximized deterministic net value under current constraints.,0.0,0.0,30.0,[]
32,Punggol,North-East,2026-04-22 18:00:00+08:00,0.5921,0.5921,medium,14,0.0,1.0769231,low supply + peak hour,0.365,low,12.0,0.1481,low,watchlist,Heuristic baseline policy recommends watchlist monitoring because signals are elevated but not yet acute.,0.3715,moderate,1,0.2833,monitor,Selected monitor because it maximized deterministic net value under current constraints.,0.0,0.0,30.0,[]
32,Punggol,North-East,2026-04-23 07:00:00+08:00,0.9868,0.9868,high,22,-1.5555556,2.4444444,peak hour,0.3149,low,8.0,0.0905,low,intervention,Heuristic baseline policy recommends intervention because depletion risk or imbalance is already high.,0.4871,moderate,1,0.2833,monitor,Selected monitor because it maximized deterministic net value under current constraints.,0.0,0.0,30.0,[]
32,Punggol,North-East,2026-04-24 07:00:00+08:00,0.7902,0.7902,high,13,-0.07692308,1.625,low supply + peak hour,0.3149,low,7.0,0.1037,low,intervention,Heuristic baseline policy recommends intervention because depletion risk or imbalance is already high.,0.4183,moderate,1,0.2833,monitor,Selected monitor because it maximized deterministic net value under current constraints.,0.0,0.0,30.0,[]
32,Punggol,North-East,2026-04-24 15:00:00+08:00,0.7215,0.7215,high,11,0.0,0.84615386,low supply,0.1286,low,12.0,0.0761,low,watchlist,Heuristic baseline policy recommends watchlist monitoring because signals are elevated but not yet acute.,0.3271,moderate,1,0.2833,monitor,Selected monitor because it maximized deterministic net value under current constraints.,0.0,0.0,30.0,[]
32,Punggol,North-East,2026-04-24 23:00:00+08:00,0.4397,0.4397,medium,15,-0.06666667,1.0714285,low supply,0.0304,low,13.0,0.0124,low,no_action,Heuristic baseline policy recommends no action because depletion risk and imbalance remain low.,0.1676,low,0,0.2833,monitor,Selected monitor because it maximized deterministic net value under current constraints.,0.0,0.0,30.0,[]
32,Punggol,North-East,2026-04-25 03:00:00+08:00,0.5293,0.5293,medium,11,-2.0,1.2222222,low supply,0.0424,low,8.0,0.0159,low,watchlist,Heuristic baseline policy recommends watchlist monitoring because signals are elevated but not yet acute.,0.2043,low,0,0.2833,monitor,Selected monitor because it maximized deterministic net value under current constraints.,0.0,0.0,30.0,[]
32,Punggol,North-East,2026-04-25 09:00:00+08:00,0.6166,0.6166,medium,12,0.0,1.5,low supply + peak hour,0.3349,low,7.0,0.1139,low,watchlist,Heuristic baseline policy recommends watchlist monitoring because signals are elevated but not yet acute.,0.3665,moderate,2,0.2833,monitor,Selected monitor because it maximized deterministic net value under current constraints.,0.0,0.0,30.0,[]
32,Punggol,North-East,2026-04-26 03:00:00+08:00,0.5108,0.5108,medium,14,0.0,1.4,low supply,0.0424,low,9.0,0.015,low,watchlist,Heuristic baseline policy recommends watchlist monitoring because signals are elevated but not yet acute.,0.1979,low,0,0.2833,monitor,Selected monitor because it maximized deterministic net value under current constraints.,0.0,0.0,30.0,[]
32,Punggol,North-East,2026-04-27 16:00:00+08:00,0.6009,0.6009,medium,13,0.0,0.7647059,low supply,0.2273,low,16.0,0.1501,low,watchlist,Heuristic baseline policy recommends watchlist monitoring because signals are elevated but not yet acute.,0.3501,moderate,1,0.2833,monitor,Selected monitor because it maximized deterministic net value under current constraints.,0.0,0.0,30.0,[]
32,Punggol,North-East,2026-04-27 18:00:00+08:00,0.4053,0.4053,medium,17,-0.2,1.5454545,low supply + peak hour,0.365,low,10.0,0.1245,low,no_action,Heuristic baseline policy recommends no action because depletion risk and imbalance remain low.,0.3061,moderate,1,0.2833,monitor,Selected monitor because it maximized deterministic net value under current constraints.,0.0,0.0,30.0,[]
32,Punggol,North-East,2026-04-27 22:00:00+08:00,0.4647,0.4647,medium,12,0.0,0.75,low supply,0.0624,low,15.0,0.0712,low,watchlist,Heuristic baseline policy recommends watchlist monitoring because signals are elevated but not yet acute.,0.2307,low,0,0.2833,monitor,Selected monitor because it maximized deterministic net value under current constraints.,0.0,0.0,30.0,[]
32,Punggol,North-East,2026-04-28 04:00:00+08:00,0.4093,0.4093,medium,16,-0.13333334,1.2307693,low supply,0.0446,low,12.0,0.0169,low,no_action,Heuristic baseline policy recommends no action because depletion risk and imbalance remain low.,0.1633,low,0,0.2833,monitor,Selected monitor because it maximized deterministic net value under current constraints.,0.0,0.0,30.0,[]
32,Punggol,North-East,2026-04-28 17:00:00+08:00,0.6829,0.6829,medium,6,-2.0,0.42857143,critically low supply + below yesterday baseline + peak hour,0.3239,low,13.0,0.3409,low,watchlist,Heuristic baseline policy recommends watchlist monitoring because signals are elevated but not yet acute.,0.4925,moderate,4,0.2833,monitor,Selected monitor because it maximized deterministic net value under current constraints.,0.0,0.0,30.0,[]
32,Punggol,North-East,2026-04-28 21:00:00+08:00,0.5786,0.5786,medium,13,-1.0,1.3,low supply,0.1286,low,9.0,0.0471,low,watchlist,Heuristic baseline policy recommends watchlist monitoring because signals are elevated but not yet acute.,0.2604,moderate,5,0.2833,monitor,Selected monitor because it maximized deterministic net value under current constraints.,0.0,0.0,30.0,[]
32,Punggol,North-East,2026-04-28 22:00:00+08:00,0.628,0.628,medium,14,-0.071428575,2.3333333,low supply,0.0624,low,5.0,0.0178,low,watchlist,Heuristic baseline policy recommends watchlist monitoring because signals are elevated but not yet acute.,0.2479,low,0,0.2833,monitor,Selected monitor because it maximized deterministic net value under current constraints.,0.0,0.0,30.0,[]
32,Punggol,North-East,2026-04-29 02:00:00+08:00,0.9405,0.9405,high,21,-1.2,1.5,normal conditions,0.0164,low,13.0,0.0057,low,intervention,Heuristic baseline policy recommends intervention because depletion risk or imbalance is already high.,0.3366,moderate,1,0.2833,monitor,Selected monitor because it maximized deterministic net value under current constraints.,0.0,0.0,30.0,[]
32,Punggol,North-East,2026-04-29 18:00:00+08:00,0.5001,0.5001,medium,13,-0.75,1.3,low supply + peak hour,0.365,low,9.0,0.1336,low,watchlist,Heuristic baseline policy recommends watchlist monitoring because signals are elevated but not yet acute.,0.3393,moderate,2,0.2833,monitor,Selected monitor because it maximized deterministic net value under current constraints.,0.0,0.0,30.0,[]
32,Punggol,North-East,2026-04-29 19:00:00+08:00,0.5478,0.5478,medium,12,0.071428575,1.2,low supply + peak hour,0.3239,low,9.0,0.1231,low,watchlist,Heuristic baseline policy recommends watchlist monitoring because signals are elevated but not yet acute.,0.3375,moderate,3,0.2833,monitor,Selected monitor because it maximized deterministic net value under current constraints.,0.0,0.0,30.0,[]
32,Punggol,North-East,2026-04-30 14:00:00+08:00,0.7106,0.7106,high,12,-1.6,1.0,low supply,0.0624,low,11.0,0.0262,low,watchlist,Heuristic baseline policy recommends watchlist monitoring because signals are elevated but not yet acute.,0.2768,moderate,1,0.2833,monitor,Selected monitor because it maximized deterministic net value under current constraints.,0.0,0.0,30.0,[]
32,Punggol,North-East,2026-04-30 20:00:00+08:00,0.9232,0.9232,high,19,-0.8181818,2.375,low supply + peak hour,0.2273,low,7.0,0.0656,low,intervention,Heuristic baseline policy recommends intervention because depletion risk or imbalance is already high.,0.4254,moderate,3,0.2833,monitor,Selected monitor because it maximized deterministic net value under current constraints.,0.0,0.0,30.0,[]
32,Punggol,North-East,2026-05-01 07:00:00+08:00,0.8019,0.8019,high,10,-1.75,1.4285715,low supply + peak hour + public holiday,0.3149,low,6.0,0.1083,low,intervention,Heuristic baseline policy recommends intervention because depletion risk or imbalance is already high.,0.4224,moderate,1,0.2833,monitor,Selected monitor because it maximized deterministic net value under current constraints.,0.0,0.0,30.0,[]
32,Punggol,North-East,2026-05-01 10:00:00+08:00,0.522,0.522,medium,13,-0.27272728,2.1666667,low supply + public holiday,0.2038,low,5.0,0.0596,low,watchlist,Heuristic baseline policy recommends watchlist monitoring because signals are elevated but not yet acute.,0.2744,moderate,2,0.2833,monitor,Selected monitor because it maximized deterministic net value under current constraints.,0.0,0.0,30.0,[]
32,Punggol,North-East,2026-05-02 08:00:00+08:00,0.707,0.707,high,13,0.06666667,0.9285714,low supply + peak hour,0.385,low,13.0,0.1694,low,watchlist,Heuristic baseline policy recommends watchlist monitoring because signals are elevated but not yet acute.,0.4207,moderate,1,0.2833,monitor,Selected monitor because it maximized deterministic net value under current constraints.,0.0,0.0,30.0,[]
32,Punggol,North-East,2026-05-02 12:00:00+08:00,0.4978,0.4978,medium,9,-2.0,0.8181818,critically low supply,0.0646,low,10.0,0.0501,low,watchlist,Heuristic baseline policy recommends watchlist monitoring because signals are elevated but not yet acute.,0.2233,low,0,0.2833,monitor,Selected monitor because it maximized deterministic net value under current constraints.,0.0,0.0,30.0,[]
33,Queenstown,Central,2026-04-16 10:00:00+08:00,0.9901,0.9901,high,22,-2.0,3.050064,normal conditions,0.2038,low,6.213,0.0546,low,intervention,Heuristic baseline policy recommends intervention because depletion risk or imbalance is already high.,0.4382,moderate,1,4.0048,monitor,Selected monitor because it maximized deterministic net value under current constraints.,0.0,0.0,30.0,[]
33,Queenstown,Central,2026-04-17 10:00:00+08:00,0.7047,0.7047,high,14,-1.1428572,1.9409499,low supply,0.2038,low,6.213,0.0625,low,watchlist,Heuristic baseline policy recommends watchlist monitoring because signals are elevated but not yet acute.,0.3384,moderate,1,4.0048,monitor,Selected monitor because it maximized deterministic net value under current constraints.,0.0,0.0,30.0,[]
33,Queenstown,Central,2026-04-17 11:00:00+08:00,0.7854,0.7854,high,13,0.06666667,1.8023107,low supply,0.1023,low,6.213,0.0322,low,intervention,Heuristic baseline policy recommends intervention because depletion risk or imbalance is already high.,0.3209,moderate,2,4.0048,monitor,Selected monitor because it maximized deterministic net value under current constraints.,0.0,0.0,30.0,[]
33,Queenstown,Central,2026-04-17 18:00:00+08:00,0.5183,0.5183,medium,8,-0.2857143,1.1091143,critically low supply + peak hour,0.365,low,6.213,0.141,low,watchlist,Heuristic baseline policy recommends watchlist monitoring because signals are elevated but not yet acute.,0.3457,moderate,1,4.0048,monitor,Selected monitor because it maximized deterministic net value under current constraints.,0.0,0.0,30.0,[]
33,Queenstown,Central,2026-04-18 23:00:00+08:00,0.6671,0.6671,medium,7,-0.33333334,0.875,critically low supply,0.0504,low,7.0,0.0222,low,watchlist,Heuristic baseline policy recommends watchlist monitoring because signals are elevated but not yet acute.,0.2562,moderate,1,4.0048,monitor,Selected monitor because it maximized deterministic net value under current constraints.,0.0,0.0,30.0,[]
33,Queenstown,Central,2026-04-19 06:00:00+08:00,0.4348,0.4348,medium,6,-0.4,0.85714287,critically low supply,0.2238,low,6.0,0.0985,low,watchlist,Heuristic baseline policy recommends watchlist monitoring because signals are elevated but not yet acute.,0.2529,moderate,1,4.0048,monitor,Selected monitor because it maximized deterministic net value under current constraints.,0.0,0.0,30.0,[]
33,Queenstown,Central,2026-04-19 22:00:00+08:00,0.7398,0.7398,high,7,-0.33333334,0.875,critically low supply,0.0824,low,7.0,0.0363,low,watchlist,Heuristic baseline policy recommends watchlist monitoring because signals are elevated but not yet acute.,0.296,moderate,1,4.0048,monitor,Selected monitor because it maximized deterministic net value under current constraints.,0.0,0.0,30.0,[]
33,Queenstown,Central,2026-04-20 06:00:00+08:00,0.5603,0.5603,medium,5,-0.2,1.0,critically low supply,0.2038,low,4.0,0.0799,low,watchlist,Heuristic baseline policy recommends watchlist monitoring because signals are elevated but not yet acute.,0.2878,moderate,1,4.0048,monitor,Selected monitor because it maximized deterministic net value under current constraints.,0.0,0.0,30.0,[]
33,Queenstown,Central,2026-04-20 08:00:00+08:00,0.9104,0.9104,high,11,-0.71428573,1.8333334,low supply + peak hour,0.365,low,5.0,0.1128,low,intervention,Heuristic baseline policy recommends intervention because depletion risk or imbalance is already high.,0.4829,moderate,3,4.0048,monitor,Selected monitor because it maximized deterministic net value under current constraints.,0.0,0.0,30.0,[]
33,Queenstown,Central,2026-04-20 09:00:00+08:00,0.8533,0.8533,high,12,-0.083333336,2.0,low supply + peak hour,0.3149,low,5.0,0.0945,low,intervention,Heuristic baseline policy recommends intervention because depletion risk or imbalance is already high.,0.4404,moderate,4,4.0048,monitor,Selected monitor because it maximized deterministic net value under current constraints.,0.0,0.0,30.0,[]
33,Queenstown,Central,2026-04-20 10:00:00+08:00,0.5435,0.5435,medium,12,0.0,2.4,low supply,0.2038,low,4.0,0.0571,low,watchlist,Heuristic baseline policy recommends watchlist monitoring because signals are elevated but not yet acute.,0.2819,moderate,5,4.0048,monitor,Selected monitor because it maximized deterministic net value under current constraints.,0.0,0.0,30.0,[]
33,Queenstown,Central,2026-04-20 14:00:00+08:00,0.9238,0.9238,high,15,-1.2857143,2.5,low supply,0.0624,low,5.0,0.0175,low,intervention,Heuristic baseline policy recommends intervention because depletion risk or imbalance is already high.,0.3514,moderate,1,4.0048,monitor,Selected monitor because it maximized deterministic net value under current constraints.,0.0,0.0,30.0,[]
33,Queenstown,Central,2026-04-21 11:00:00+08:00,0.9453,0.9453,high,15,-1.6666666,3.0,low supply,0.1023,low,4.0,0.027,low,intervention,Heuristic baseline policy recommends intervention because depletion risk or imbalance is already high.,0.3769,moderate,1,4.0048,monitor,Selected monitor because it maximized deterministic net value under current constraints.,0.0,0.0,30.0,[]
33,Queenstown,Central,2026-04-22 10:00:00+08:00,0.4846,0.4846,medium,14,-0.6666667,1.0769231,low supply,0.2038,low,12.0,0.0827,low,watchlist,Heuristic baseline policy recommends watchlist monitoring because signals are elevated but not yet acute.,0.2613,moderate,2,4.0048,monitor,Selected monitor because it maximized deterministic net value under current constraints.,0.0,0.0,30.0,[]
33,Queenstown,Central,2026-04-23 16:00:00+08:00,0.7712,0.7712,high,7,-1.6666666,0.4375,critically low supply + below yesterday baseline,0.2273,low,15.0,0.269,low,intervention,Heuristic baseline policy recommends intervention because depletion risk or imbalance is already high.,0.4789,moderate,1,4.0048,monitor,Selected monitor because it maximized deterministic net value under current constraints.,0.0,0.0,30.0,[]
33,Queenstown,Central,2026-04-24 15:00:00+08:00,0.533,0.533,medium,6,0.0,0.42857143,critically low supply + below yesterday baseline,0.1286,low,13.0,0.2003,low,watchlist,Heuristic baseline policy recommends watchlist monitoring because signals are elevated but not yet acute.,0.3521,moderate,1,4.0048,monitor,Selected monitor because it maximized deterministic net value under current constraints.,0.0,0.0,30.0,[]
33,Queenstown,Central,2026-04-25 15:00:00+08:00,0.4105,0.4105,medium,6,-0.75,1.2,critically low supply,0.1486,low,4.0,0.0535,low,watchlist,Heuristic baseline policy recommends watchlist monitoring because signals are elevated but not yet acute.,0.2105,low,0,4.0048,monitor,Selected monitor because it maximized deterministic net value under current constraints.,0.0,0.0,30.0,[]
33,Queenstown,Central,2026-04-26 13:00:00+08:00,0.4402,0.4402,medium,7,-1.0,1.0,critically low supply,0.0504,low,6.0,0.0204,low,watchlist,Heuristic baseline policy recommends watchlist monitoring because signals are elevated but not yet acute.,0.1768,low,0,4.0048,monitor,Selected monitor because it maximized deterministic net value under current constraints.,0.0,0.0,30.0,[]
33,Queenstown,Central,2026-04-27 10:00:00+08:00,0.9569,0.9569,high,12,-1.1666666,1.7142857,low supply,0.2038,low,6.0,0.0652,low,intervention,Heuristic baseline policy recommends intervention because depletion risk or imbalance is already high.,0.4266,moderate,1,4.0048,monitor,Selected monitor because it maximized deterministic net value under current constraints.,0.0,0.0,30.0,[]
33,Queenstown,Central,2026-04-27 19:00:00+08:00,0.5928,0.5928,medium,8,-0.8,1.1428572,critically low supply + peak hour,0.3239,low,6.0,0.1231,low,watchlist,Heuristic baseline policy recommends watchlist monitoring because signals are elevated but not yet acute.,0.3532,moderate,2,4.0048,monitor,Selected monitor because it maximized deterministic net value under current constraints.,0.0,0.0,30.0,[]
33,Queenstown,Central,2026-04-28 06:00:00+08:00,0.7338,0.7338,high,7,-0.33333334,1.75,critically low supply,0.2038,low,3.0,0.0617,low,watchlist,Heuristic baseline policy recommends watchlist monitoring because signals are elevated but not yet acute.,0.3485,moderate,1,4.0048,monitor,Selected monitor because it maximized deterministic net value under current constraints.,0.0,0.0,30.0,[]
33,Queenstown,Central,2026-04-28 08:00:00+08:00,0.9129,0.9129,high,11,-0.71428573,2.2,low supply + peak hour,0.365,low,4.0,0.1049,low,intervention,Heuristic baseline policy recommends intervention because depletion risk or imbalance is already high.,0.4838,moderate,1,4.0048,monitor,Selected monitor because it maximized deterministic net value under current constraints.,0.0,0.0,30.0,[]
33,Queenstown,Central,2026-04-28 09:00:00+08:00,0.9581,0.9581,high,18,-0.5833333,2.5714285,low supply + peak hour,0.3149,low,6.0,0.0882,low,intervention,Heuristic baseline policy recommends intervention because depletion risk or imbalance is already high.,0.477,moderate,2,4.0048,monitor,Selected monitor because it maximized deterministic net value under current constraints.,0.0,0.0,30.0,[]
33,Queenstown,Central,2026-04-28 10:00:00+08:00,0.9023,0.9023,high,21,-0.15789473,2.625,normal conditions,0.2038,low,7.0,0.0571,low,intervention,Heuristic baseline policy recommends intervention because depletion risk or imbalance is already high.,0.4075,moderate,3,4.0048,monitor,Selected monitor because it maximized deterministic net value under current constraints.,0.0,0.0,30.0,[]
33,Queenstown,Central,2026-04-29 08:00:00+08:00,0.9878,0.9878,high,15,-2.0,3.0,low supply + peak hour,0.365,low,4.0,0.0964,low,intervention,Heuristic baseline policy recommends intervention because depletion risk or imbalance is already high.,0.51,moderate,1,4.0048,monitor,Selected monitor because it maximized deterministic net value under current constraints.,0.0,0.0,30.0,[]
33,Queenstown,Central,2026-04-29 10:00:00+08:00,0.7735,0.7735,high,9,0.375,1.5,rapid depletion + critically low supply,0.2038,low,5.0,0.0679,low,intervention,Heuristic baseline policy recommends intervention because depletion risk or imbalance is already high.,0.3624,moderate,2,4.0048,monitor,Selected monitor because it maximized deterministic net value under current constraints.,0.0,0.0,30.0,[]
33,Queenstown,Central,2026-04-30 01:00:00+08:00,0.6173,0.6173,medium,8,-2.0,1.1428572,critically low supply,0.0152,low,6.0,0.0058,low,watchlist,Heuristic baseline policy recommends watchlist monitoring because signals are elevated but not yet acute.,0.2229,low,0,4.0048,monitor,Selected monitor because it maximized deterministic net value under current constraints.,0.0,0.0,30.0,[]
33,Queenstown,Central,2026-04-30 10:00:00+08:00,0.9183,0.9183,high,9,-1.0,1.5,critically low supply,0.2038,low,5.0,0.0679,low,intervention,Heuristic baseline policy recommends intervention because depletion risk or imbalance is already high.,0.4131,moderate,1,4.0048,monitor,Selected monitor because it maximized deterministic net value under current constraints.,0.0,0.0,30.0,[]
33,Queenstown,Central,2026-05-01 05:00:00+08:00,0.4754,0.4754,medium,3,-1.0,0.6,critically low supply + below yesterday baseline + public holiday,0.1023,low,4.0,0.1032,low,watchlist,Heuristic baseline policy recommends watchlist monitoring because signals are elevated but not yet acute.,0.2624,moderate,1,4.0048,monitor,Selected monitor because it maximized deterministic net value under current constraints.,0.0,0.0,30.0,[]
33,Queenstown,Central,2026-05-01 19:00:00+08:00,0.5681,0.5681,medium,7,-0.33333334,1.75,critically low supply + peak hour + public holiday,0.3239,low,3.0,0.0981,low,watchlist,Heuristic baseline policy recommends watchlist monitoring because signals are elevated but not yet acute.,0.3446,moderate,2,4.0048,monitor,Selected monitor because it maximized deterministic net value under current constraints.,0.0,0.0,30.0,[]
33,Queenstown,Central,2026-05-02 00:00:00+08:00,0.4572,0.4572,medium,7,-0.33333334,0.875,critically low supply,0.035,low,7.0,0.0154,low,watchlist,Heuristic baseline policy recommends watchlist monitoring because signals are elevated but not yet acute.,0.1758,low,0,4.0048,monitor,Selected monitor because it maximized deterministic net value under current constraints.,0.0,0.0,30.0,[]
33,Queenstown,Central,2026-05-02 08:00:00+08:00,0.7659,0.7659,high,6,-0.75,3.0,critically low supply + peak hour,0.385,low,1.0,0.0924,low,intervention,Heuristic baseline policy recommends intervention because depletion risk or imbalance is already high.,0.4413,moderate,1,4.0048,monitor,Selected monitor because it maximized deterministic net value under current constraints.,0.0,0.0,30.0,[]
33,Queenstown,Central,2026-05-02 22:00:00+08:00,0.4679,0.4679,medium,7,-0.6,1.4,critically low supply,0.0824,low,4.0,0.0278,low,watchlist,Heuristic baseline policy recommends watchlist monitoring because signals are elevated but not yet acute.,0.2008,low,0,4.0048,monitor,Selected monitor because it maximized deterministic net value under current constraints.,0.0,0.0,30.0,[]
34,River Valley,Central,2026-04-16 10:00:00+08:00,0.9901,0.9901,high,48,-2.0,5.0,normal conditions,0.2038,low,4.3426,0.0452,low,intervention,Heuristic baseline policy recommends intervention because depletion risk or imbalance is already high.,0.4382,moderate,1,8.523,monitor,Selected monitor because it maximized deterministic net value under current constraints.,0.0,0.0,30.0,[]
34,River Valley,Central,2026-04-17 16:00:00+08:00,0.7642,0.7642,high,4,0.0,0.7487002,critically low supply,0.2273,low,4.3426,0.1205,low,intervention,Heuristic baseline policy recommends intervention because depletion risk or imbalance is already high.,0.3855,moderate,1,8.523,monitor,Selected monitor because it maximized deterministic net value under current constraints.,0.0,0.0,30.0,[]
34,River Valley,Central,2026-04-17 20:00:00+08:00,0.4309,0.4309,medium,4,0.0,0.7487002,critically low supply + peak hour,0.2273,low,4.3426,0.1205,low,watchlist,Heuristic baseline policy recommends watchlist monitoring because signals are elevated but not yet acute.,0.2689,moderate,4,8.523,monitor,Selected monitor because it maximized deterministic net value under current constraints.,0.0,0.0,30.0,[]
34,River Valley,Central,2026-04-17 21:00:00+08:00,0.6679,0.6679,medium,4,0.0,0.7487002,critically low supply,0.1286,low,4.3426,0.075,low,watchlist,Heuristic baseline policy recommends watchlist monitoring because signals are elevated but not yet acute.,0.3074,moderate,5,8.523,monitor,Selected monitor because it maximized deterministic net value under current constraints.,0.0,0.0,30.0,[]
34,River Valley,Central,2026-04-17 23:00:00+08:00,0.6963,0.6963,medium,2,0.25,0.3743501,sustained depletion + critically low supply + below yesterday baseline,0.0304,low,4.3426,0.1298,low,watchlist,Heuristic baseline policy recommends watchlist monitoring because signals are elevated but not yet acute.,0.3653,moderate,1,8.523,monitor,Selected monitor because it maximized deterministic net value under current constraints.,0.0,0.0,30.0,[]
34,River Valley,Central,2026-04-18 01:00:00+08:00,0.7591,0.7591,high,2,-0.5,0.3743501,critically low supply + below yesterday baseline,0.0352,low,4.3426,0.1333,low,intervention,Heuristic baseline policy recommends intervention because depletion risk or imbalance is already high.,0.3894,moderate,3,8.523,monitor,Selected monitor because it maximized deterministic net value under current constraints.,0.0,0.0,30.0,[]
34,River Valley,Central,2026-04-18 09:00:00+08:00,0.6992,0.6992,medium,7,-1.6666666,1.3102252,critically low supply + peak hour,0.3349,low,4.3426,0.1168,low,watchlist,Heuristic baseline policy recommends watchlist monitoring because signals are elevated but not yet acute.,0.3954,moderate,3,8.523,monitor,Selected monitor because it maximized deterministic net value under current constraints.,0.0,0.0,30.0,[]
34,River Valley,Central,2026-04-18 14:00:00+08:00,0.719,0.719,high,10,-0.1,0.20408164,low supply + below yesterday baseline,0.0824,low,48.0,0.2697,low,watchlist,Heuristic baseline policy recommends watchlist monitoring because signals are elevated but not yet acute.,0.4471,moderate,1,8.523,monitor,Selected monitor because it maximized deterministic net value under current constraints.,0.0,0.0,30.0,[]
34,River Valley,Central,2026-04-18 23:00:00+08:00,0.4867,0.4867,medium,2,0.0,0.4,critically low supply + below yesterday baseline,0.0504,low,4.0,0.1343,low,watchlist,Heuristic baseline policy recommends watchlist monitoring because signals are elevated but not yet acute.,0.293,moderate,1,8.523,monitor,Selected monitor because it maximized deterministic net value under current constraints.,0.0,0.0,30.0,[]
34,River Valley,Central,2026-04-19 00:00:00+08:00,0.4569,0.4569,medium,2,0.0,0.4,critically low supply + below yesterday baseline,0.035,low,4.0,0.1238,low,watchlist,Heuristic baseline policy recommends watchlist monitoring because signals are elevated but not yet acute.,0.2757,moderate,2,8.523,monitor,Selected monitor because it maximized deterministic net value under current constraints.,0.0,0.0,30.0,[]
34,River Valley,Central,2026-04-19 01:00:00+08:00,0.7465,0.7465,high,3,-0.33333334,0.6,critically low supply + below yesterday baseline,0.0352,low,4.0,0.0683,low,watchlist,Heuristic baseline policy recommends watchlist monitoring because signals are elevated but not yet acute.,0.3271,moderate,3,8.523,monitor,Selected monitor because it maximized deterministic net value under current constraints.,0.0,0.0,30.0,[]
34,River Valley,Central,2026-04-19 05:00:00+08:00,0.802,0.802,high,3,-0.33333334,0.6,critically low supply + below yesterday baseline,0.1223,low,4.0,0.1136,low,intervention,Heuristic baseline policy recommends intervention because depletion risk or imbalance is already high.,0.3857,moderate,1,8.523,monitor,Selected monitor because it maximized deterministic net value under current constraints.,0.0,0.0,30.0,[]
34,River Valley,Central,2026-04-19 06:00:00+08:00,0.4899,0.4899,medium,3,0.0,0.75,critically low supply,0.2238,low,3.0,0.0985,low,watchlist,Heuristic baseline policy recommends watchlist monitoring because signals are elevated but not yet acute.,0.2722,moderate,2,8.523,monitor,Selected monitor because it maximized deterministic net value under current constraints.,0.0,0.0,30.0,[]
34,River Valley,Central,2026-04-19 10:00:00+08:00,0.8201,0.8201,high,7,-1.0,2.3333333,critically low supply,0.2238,low,2.0,0.0601,low,intervention,Heuristic baseline policy recommends intervention because depletion risk or imbalance is already high.,0.3877,moderate,3,8.523,monitor,Selected monitor because it maximized deterministic net value under current constraints.,0.0,0.0,30.0,[]
34,River Valley,Central,2026-04-19 20:00:00+08:00,0.5357,0.5357,medium,6,-0.4,0.6,critically low supply + below yesterday baseline + peak hour,0.2473,low,9.0,0.2052,low,watchlist,Heuristic baseline policy recommends watchlist monitoring because signals are elevated but not yet acute.,0.3654,moderate,3,8.523,monitor,Selected monitor because it maximized deterministic net value under current constraints.,0.0,0.0,30.0,[]
34,River Valley,Central,2026-04-20 01:00:00+08:00,0.5552,0.5552,medium,4,-0.6666667,0.8,critically low supply,0.0152,low,4.0,0.0067,low,watchlist,Heuristic baseline policy recommends watchlist monitoring because signals are elevated but not yet acute.,0.2012,low,0,8.523,monitor,Selected monitor because it maximized deterministic net value under current constraints.,0.0,0.0,30.0,[]
34,River Valley,Central,2026-04-20 05:00:00+08:00,0.6995,0.6995,medium,4,-0.25,1.3333334,critically low supply,0.1023,low,2.0,0.0327,low,watchlist,Heuristic baseline policy recommends watchlist monitoring because signals are elevated but not yet acute.,0.2909,moderate,1,8.523,monitor,Selected monitor because it maximized deterministic net value under current constraints.,0.0,0.0,30.0,[]
34,River Valley,Central,2026-04-20 08:00:00+08:00,0.4466,0.4466,medium,3,0.2,1.0,critically low supply + peak hour,0.365,low,2.0,0.1314,low,watchlist,Heuristic baseline policy recommends watchlist monitoring because signals are elevated but not yet acute.,0.3206,moderate,2,8.523,monitor,Selected monitor because it maximized deterministic net value under current constraints.,0.0,0.0,30.0,[]
34,River Valley,Central,2026-04-20 09:00:00+08:00,0.6617,0.6617,medium,5,-0.5,1.6666666,critically low supply + peak hour,0.3149,low,2.0,0.0932,low,watchlist,Heuristic baseline policy recommends watchlist monitoring because signals are elevated but not yet acute.,0.3733,moderate,3,8.523,monitor,Selected monitor because it maximized deterministic net value under current constraints.,0.0,0.0,30.0,[]
34,River Valley,Central,2026-04-20 10:00:00+08:00,0.812,0.812,high,8,-0.5,2.0,critically low supply,0.2038,low,3.0,0.0591,low,intervention,Heuristic baseline policy recommends intervention because depletion risk or imbalance is already high.,0.3759,moderate,4,8.523,monitor,Selected monitor because it maximized deterministic net value under current constraints.,0.0,0.0,30.0,[]
34,River Valley,Central,2026-04-21 05:00:00+08:00,0.8895,0.8895,high,7,-1.0,1.75,critically low supply,0.1023,low,3.0,0.031,low,intervention,Heuristic baseline policy recommends intervention because depletion risk or imbalance is already high.,0.3574,moderate,1,8.523,monitor,Selected monitor because it maximized deterministic net value under current constraints.,0.0,0.0,30.0,[]
34,River Valley,Central,2026-04-21 11:00:00+08:00,0.4362,0.4362,medium,8,-0.125,2.0,critically low supply,0.1023,low,3.0,0.0297,low,watchlist,Heuristic baseline policy recommends watchlist monitoring because signals are elevated but not yet acute.,0.1987,low,0,8.523,monitor,Selected monitor because it maximized deterministic net value under current constraints.,0.0,0.0,30.0,[]
34,River Valley,Central,2026-04-22 03:00:00+08:00,0.7665,0.7665,high,4,-1.5,1.0,critically low supply,0.0224,low,3.0,0.0085,low,intervention,Heuristic baseline policy recommends intervention because depletion risk or imbalance is already high.,0.2784,moderate,1,8.523,monitor,Selected monitor because it maximized deterministic net value under current constraints.,0.0,0.0,30.0,[]
34,River Valley,Central,2026-04-22 10:00:00+08:00,0.7974,0.7974,high,6,-2.0,0.6666667,critically low supply + below yesterday baseline,0.2038,low,8.0,0.156,low,intervention,Heuristic baseline policy recommends intervention because depletion risk or imbalance is already high.,0.4208,moderate,3,8.523,monitor,Selected monitor because it maximized deterministic net value under current constraints.,0.0,0.0,30.0,[]
34,River Valley,Central,2026-04-22 15:00:00+08:00,0.7051,0.7051,high,4,0.0,0.8,critically low supply,0.1286,low,4.0,0.0566,low,watchlist,Heuristic baseline policy recommends watchlist monitoring because signals are elevated but not yet acute.,0.3047,moderate,1,8.523,monitor,Selected monitor because it maximized deterministic net value under current constraints.,0.0,0.0,30.0,[]
34,River Valley,Central,2026-04-22 16:00:00+08:00,0.4441,0.4441,medium,5,-0.2,1.25,critically low supply,0.2273,low,3.0,0.0782,low,watchlist,Heuristic baseline policy recommends watchlist monitoring because signals are elevated but not yet acute.,0.2577,moderate,2,8.523,monitor,Selected monitor because it maximized deterministic net value under current constraints.,0.0,0.0,30.0,[]
34,River Valley,Central,2026-04-22 23:00:00+08:00,0.642,0.642,medium,2,-0.5,0.5,critically low supply + below yesterday baseline,0.0304,low,3.0,0.0837,low,watchlist,Heuristic baseline policy recommends watchlist monitoring because signals are elevated but not yet acute.,0.305,moderate,1,8.523,monitor,Selected monitor because it maximized deterministic net value under current constraints.,0.0,0.0,30.0,[]
34,River Valley,Central,2026-04-23 07:00:00+08:00,0.9643,0.9643,high,6,-1.3333334,1.5,critically low supply + peak hour,0.3149,low,3.0,0.1008,low,intervention,Heuristic baseline policy recommends intervention because depletion risk or imbalance is already high.,0.4792,moderate,1,8.523,monitor,Selected monitor because it maximized deterministic net value under current constraints.,0.0,0.0,30.0,[]
34,River Valley,Central,2026-04-23 11:00:00+08:00,0.5266,0.5266,medium,12,-0.85714287,3.0,low supply,0.1023,low,3.0,0.0266,low,watchlist,Heuristic baseline policy recommends watchlist monitoring because signals are elevated but not yet acute.,0.2303,low,0,8.523,monitor,Selected monitor because it maximized deterministic net value under current constraints.,0.0,0.0,30.0,[]
34,River Valley,Central,2026-04-24 10:00:00+08:00,0.7627,0.7627,high,4,-1.5,0.5714286,critically low supply + below yesterday baseline,0.2038,low,6.0,0.1808,low,intervention,Heuristic baseline policy recommends intervention because depletion risk or imbalance is already high.,0.4253,moderate,1,8.523,monitor,Selected monitor because it maximized deterministic net value under current constraints.,0.0,0.0,30.0,[]
34,River Valley,Central,2026-04-24 16:00:00+08:00,0.4388,0.4388,medium,7,-0.33333334,1.4,critically low supply,0.2273,low,4.0,0.0766,low,watchlist,Heuristic baseline policy recommends watchlist monitoring because signals are elevated but not yet acute.,0.2559,moderate,1,8.523,monitor,Selected monitor because it maximized deterministic net value under current constraints.,0.0,0.0,30.0,[]
34,River Valley,Central,2026-04-25 00:00:00+08:00,0.4436,0.4436,medium,4,-0.25,1.3333334,critically low supply,0.035,low,2.0,0.0112,low,watchlist,Heuristic baseline policy recommends watchlist monitoring because signals are elevated but not yet acute.,0.171,low,0,8.523,monitor,Selected monitor because it maximized deterministic net value under current constraints.,0.0,0.0,30.0,[]
34,River Valley,Central,2026-04-25 08:00:00+08:00,0.7013,0.7013,high,6,-1.3333334,0.85714287,critically low supply + peak hour,0.385,low,6.0,0.1694,low,watchlist,Heuristic baseline policy recommends watchlist monitoring because signals are elevated but not yet acute.,0.4187,moderate,1,8.523,monitor,Selected monitor because it maximized deterministic net value under current constraints.,0.0,0.0,30.0,[]
34,River Valley,Central,2026-04-25 09:00:00+08:00,0.5651,0.5651,medium,6,0.0,0.46153846,critically low supply + below yesterday baseline + peak hour,0.3349,low,12.0,0.3277,low,watchlist,Heuristic baseline policy recommends watchlist monitoring because signals are elevated but not yet acute.,0.4485,moderate,2,8.523,monitor,Selected monitor because it maximized deterministic net value under current constraints.,0.0,0.0,30.0,[]
34,River Valley,Central,2026-04-25 23:00:00+08:00,0.5561,0.5561,medium,2,0.0,0.33333334,sustained depletion + critically low supply + below yesterday baseline,0.0504,low,5.0,0.1603,low,watchlist,Heuristic baseline policy recommends watchlist monitoring because signals are elevated but not yet acute.,0.3373,moderate,1,8.523,monitor,Selected monitor because it maximized deterministic net value under current constraints.,0.0,0.0,30.0,[]
34,River Valley,Central,2026-04-26 00:00:00+08:00,0.5515,0.5515,medium,2,0.0,0.33333334,critically low supply + below yesterday baseline,0.035,low,5.0,0.148,low,watchlist,Heuristic baseline policy recommends watchlist monitoring because signals are elevated but not yet acute.,0.3288,moderate,2,8.523,monitor,Selected monitor because it maximized deterministic net value under current constraints.,0.0,0.0,30.0,[]
34,River Valley,Central,2026-04-26 01:00:00+08:00,0.7834,0.7834,high,3,-0.33333334,0.375,critically low supply + below yesterday baseline,0.0352,low,7.0,0.141,low,intervention,Heuristic baseline policy recommends intervention because depletion risk or imbalance is already high.,0.4043,moderate,3,8.523,monitor,Selected monitor because it maximized deterministic net value under current constraints.,0.0,0.0,30.0,[]
34,River Valley,Central,2026-04-26 23:00:00+08:00,0.6551,0.6551,medium,4,-0.25,0.6666667,critically low supply + below yesterday baseline,0.0504,low,5.0,0.0652,low,watchlist,Heuristic baseline policy recommends watchlist monitoring because signals are elevated but not yet acute.,0.292,moderate,1,8.523,monitor,Selected monitor because it maximized deterministic net value under current constraints.,0.0,0.0,30.0,[]
34,River Valley,Central,2026-04-27 06:00:00+08:00,0.42,0.42,medium,5,-0.5,1.0,critically low supply,0.2038,low,4.0,0.0799,low,watchlist,Heuristic baseline policy recommends watchlist monitoring because signals are elevated but not yet acute.,0.2387,low,0,8.523,monitor,Selected monitor because it maximized deterministic net value under current constraints.,0.0,0.0,30.0,[]
34,River Valley,Central,2026-04-27 10:00:00+08:00,0.5577,0.5577,medium,7,-0.33333334,1.1666666,critically low supply,0.2038,low,5.0,0.0757,low,watchlist,Heuristic baseline policy recommends watchlist monitoring because signals are elevated but not yet acute.,0.2869,moderate,1,8.523,monitor,Selected monitor because it maximized deterministic net value under current constraints.,0.0,0.0,30.0,[]
34,River Valley,Central,2026-04-27 18:00:00+08:00,0.5145,0.5145,medium,6,-0.4,2.0,critically low supply + peak hour,0.365,low,2.0,0.1022,low,watchlist,Heuristic baseline policy recommends watchlist monitoring because signals are elevated but not yet acute.,0.3443,moderate,1,8.523,monitor,Selected monitor because it maximized deterministic net value under current constraints.,0.0,0.0,30.0,[]
34,River Valley,Central,2026-04-28 00:00:00+08:00,0.7337,0.7337,high,2,0.0,0.33333334,critically low supply + below yesterday baseline,0.015,low,5.0,0.132,low,watchlist,Heuristic baseline policy recommends watchlist monitoring because signals are elevated but not yet acute.,0.3835,moderate,1,8.523,monitor,Selected monitor because it maximized deterministic net value under current constraints.,0.0,0.0,30.0,[]
34,River Valley,Central,2026-04-28 01:00:00+08:00,0.6627,0.6627,medium,2,0.0,0.18181819,critically low supply + below yesterday baseline,0.0152,low,10.0,0.1813,low,watchlist,Heuristic baseline policy recommends watchlist monitoring because signals are elevated but not yet acute.,0.3988,moderate,2,8.523,monitor,Selected monitor because it maximized deterministic net value under current constraints.,0.0,0.0,30.0,[]
34,River Valley,Central,2026-04-28 03:00:00+08:00,0.6677,0.6677,medium,3,-0.33333334,0.5,critically low supply + below yesterday baseline,0.0224,low,5.0,0.0934,low,watchlist,Heuristic baseline policy recommends watchlist monitoring because signals are elevated but not yet acute.,0.3238,moderate,1,8.523,monitor,Selected monitor because it maximized deterministic net value under current constraints.,0.0,0.0,30.0,[]
34,River Valley,Central,2026-04-28 05:00:00+08:00,0.527,0.527,medium,4,-0.6666667,0.8,critically low supply,0.1023,low,4.0,0.045,low,watchlist,Heuristic baseline policy recommends watchlist monitoring because signals are elevated but not yet acute.,0.2305,low,0,8.523,monitor,Selected monitor because it maximized deterministic net value under current constraints.,0.0,0.0,30.0,[]
34,River Valley,Central,2026-04-28 06:00:00+08:00,0.5011,0.5011,medium,6,-0.4,1.0,critically low supply,0.2038,low,5.0,0.0815,low,watchlist,Heuristic baseline policy recommends watchlist monitoring because signals are elevated but not yet acute.,0.2671,moderate,1,8.523,monitor,Selected monitor because it maximized deterministic net value under current constraints.,0.0,0.0,30.0,[]
34,River Valley,Central,2026-04-28 07:00:00+08:00,0.5013,0.5013,medium,6,0.0,1.2,critically low supply + peak hour,0.3149,low,4.0,0.1134,low,watchlist,Heuristic baseline policy recommends watchlist monitoring because signals are elevated but not yet acute.,0.3172,moderate,2,8.523,monitor,Selected monitor because it maximized deterministic net value under current constraints.,0.0,0.0,30.0,[]
34,River Valley,Central,2026-04-28 10:00:00+08:00,0.5447,0.5447,medium,4,-0.25,1.0,critically low supply,0.2038,low,3.0,0.0774,low,watchlist,Heuristic baseline policy recommends watchlist monitoring because signals are elevated but not yet acute.,0.2824,moderate,1,8.523,monitor,Selected monitor because it maximized deterministic net value under current constraints.,0.0,0.0,30.0,[]
34,River Valley,Central,2026-04-29 02:00:00+08:00,0.7951,0.7951,high,7,-2.0,1.1666666,critically low supply,0.0164,low,5.0,0.0061,low,intervention,Heuristic baseline policy recommends intervention because depletion risk or imbalance is already high.,0.2857,moderate,1,8.523,monitor,Selected monitor because it maximized deterministic net value under current constraints.,0.0,0.0,30.0,[]
34,River Valley,Central,2026-04-29 08:00:00+08:00,0.483,0.483,medium,1,0.75,0.2,rapid depletion + sustained depletion + critically low supply + below yesterday baseline + peak hour,0.365,low,4.0,0.5734,medium,watchlist,Heuristic baseline policy recommends watchlist monitoring because signals are elevated but not yet acute.,0.4833,moderate,2,8.523,monitor,Selected monitor because it maximized deterministic net value under current constraints.,0.0,0.0,30.0,[]
34,River Valley,Central,2026-04-29 10:00:00+08:00,0.9862,0.9862,high,13,-2.0,2.6,low supply,0.2038,low,4.0,0.0558,low,intervention,Heuristic baseline policy recommends intervention because depletion risk or imbalance is already high.,0.4369,moderate,3,8.523,monitor,Selected monitor because it maximized deterministic net value under current constraints.,0.0,0.0,30.0,[]
34,River Valley,Central,2026-04-29 20:00:00+08:00,0.7551,0.7551,high,6,-0.4,2.0,critically low supply + peak hour,0.2273,low,2.0,0.0636,low,intervention,Heuristic baseline policy recommends intervention because depletion risk or imbalance is already high.,0.3666,moderate,1,8.523,monitor,Selected monitor because it maximized deterministic net value under current constraints.,0.0,0.0,30.0,[]
34,River Valley,Central,2026-04-30 04:00:00+08:00,0.6268,0.6268,medium,2,-0.5,0.6666667,critically low supply + below yesterday baseline,0.0446,low,2.0,0.0196,low,watchlist,Heuristic baseline policy recommends watchlist monitoring because signals are elevated but not yet acute.,0.2394,low,0,8.523,monitor,Selected monitor because it maximized deterministic net value under current constraints.,0.0,0.0,30.0,[]
34,River Valley,Central,2026-04-30 06:00:00+08:00,0.6197,0.6197,medium,4,-0.6666667,1.0,critically low supply,0.2038,low,3.0,0.0774,low,watchlist,Heuristic baseline policy recommends watchlist monitoring because signals are elevated but not yet acute.,0.3086,moderate,1,8.523,monitor,Selected monitor because it maximized deterministic net value under current constraints.,0.0,0.0,30.0,[]
34,River Valley,Central,2026-04-30 11:00:00+08:00,0.9453,0.9453,high,11,-2.0,2.2,low supply,0.1023,low,4.0,0.0294,low,intervention,Heuristic baseline policy recommends intervention because depletion risk or imbalance is already high.,0.3769,moderate,1,8.523,monitor,Selected monitor because it maximized deterministic net value under current constraints.,0.0,0.0,30.0,[]
34,River Valley,Central,2026-04-30 23:00:00+08:00,0.4615,0.4615,medium,3,-0.33333334,0.75,critically low supply,0.0304,low,3.0,0.0134,low,watchlist,Heuristic baseline policy recommends watchlist monitoring because signals are elevated but not yet acute.,0.1752,low,0,8.523,monitor,Selected monitor because it maximized deterministic net value under current constraints.,0.0,0.0,30.0,[]
34,River Valley,Central,2026-05-01 01:00:00+08:00,0.7107,0.7107,high,2,-2.0,0.33333334,critically low supply + below yesterday baseline + public holiday,0.0152,low,5.0,0.1322,low,watchlist,Heuristic baseline policy recommends watchlist monitoring because signals are elevated but not yet acute.,0.3756,moderate,1,8.523,monitor,Selected monitor because it maximized deterministic net value under current constraints.,0.0,0.0,30.0,[]
34,River Valley,Central,2026-05-01 05:00:00+08:00,0.773,0.773,high,3,-2.0,0.375,critically low supply + below yesterday baseline + public holiday,0.1023,low,7.0,0.192,low,intervention,Heuristic baseline policy recommends intervention because depletion risk or imbalance is already high.,0.4309,moderate,1,8.523,monitor,Selected monitor because it maximized deterministic net value under current constraints.,0.0,0.0,30.0,[]
34,River Valley,Central,2026-05-01 10:00:00+08:00,0.763,0.763,high,5,-2.0,0.35714287,critically low supply + below yesterday baseline + public holiday,0.2038,low,13.0,0.291,low,intervention,Heuristic baseline policy recommends intervention because depletion risk or imbalance is already high.,0.4818,moderate,1,8.523,monitor,Selected monitor because it maximized deterministic net value under current constraints.,0.0,0.0,30.0,[]
34,River Valley,Central,2026-05-01 11:00:00+08:00,0.4589,0.4589,medium,7,-0.33333334,1.75,critically low supply + public holiday,0.1023,low,3.0,0.031,low,watchlist,Heuristic baseline policy recommends watchlist monitoring because signals are elevated but not yet acute.,0.2067,low,0,8.523,monitor,Selected monitor because it maximized deterministic net value under current constraints.,0.0,0.0,30.0,[]
34,River Valley,Central,2026-05-01 16:00:00+08:00,0.4252,0.4252,medium,6,-0.75,2.0,critically low supply + public holiday,0.2273,low,2.0,0.0636,low,watchlist,Heuristic baseline policy recommends watchlist monitoring because signals are elevated but not yet acute.,0.2511,moderate,1,8.523,monitor,Selected monitor because it maximized deterministic net value under current constraints.,0.0,0.0,30.0,[]
34,River Valley,Central,2026-05-01 22:00:00+08:00,0.5179,0.5179,medium,5,-0.5,0.41666666,critically low supply + below yesterday baseline + public holiday,0.0624,low,11.0,0.1545,low,watchlist,Heuristic baseline policy recommends watchlist monitoring because signals are elevated but not yet acute.,0.3184,moderate,1,8.523,monitor,Selected monitor because it maximized deterministic net value under current constraints.,0.0,0.0,30.0,[]
34,River Valley,Central,2026-05-02 00:00:00+08:00,0.4166,0.4166,medium,2,0.25,0.6666667,sustained depletion + critically low supply + below yesterday baseline,0.035,low,2.0,0.0154,low,watchlist,Heuristic baseline policy recommends watchlist monitoring because signals are elevated but not yet acute.,0.1616,low,0,8.523,monitor,Selected monitor because it maximized deterministic net value under current constraints.,0.0,0.0,30.0,[]
34,River Valley,Central,2026-05-02 03:00:00+08:00,0.7446,0.7446,high,4,0.0,4.0,critically low supply,0.0424,low,0.0,0.0187,low,watchlist,Heuristic baseline policy recommends watchlist monitoring because signals are elevated but not yet acute.,0.2797,moderate,1,8.523,monitor,Selected monitor because it maximized deterministic net value under current constraints.,0.0,0.0,30.0,[]
34,River Valley,Central,2026-05-02 05:00:00+08:00,0.7406,0.7406,high,4,-0.6666667,1.3333334,critically low supply,0.1223,low,2.0,0.0391,low,watchlist,Heuristic baseline policy recommends watchlist monitoring because signals are elevated but not yet acute.,0.3142,moderate,1,8.523,monitor,Selected monitor because it maximized deterministic net value under current constraints.,0.0,0.0,30.0,[]
34,River Valley,Central,2026-05-02 08:00:00+08:00,0.7104,0.7104,high,4,-0.6666667,4.0,critically low supply + peak hour,0.385,low,0.0,0.1694,low,watchlist,Heuristic baseline policy recommends watchlist monitoring because signals are elevated but not yet acute.,0.4219,moderate,1,8.523,monitor,Selected monitor because it maximized deterministic net value under current constraints.,0.0,0.0,30.0,[]
34,River Valley,Central,2026-05-11 11:00:00+08:00,0.6752,0.6752,medium,2,0.0,0.33333334,critically low supply + below yesterday baseline + rain,0.1689,low,5.0,0.2551,low,watchlist,Heuristic baseline policy recommends watchlist monitoring because signals are elevated but not yet acute.,0.4323,moderate,1,8.523,monitor,Selected monitor because it maximized deterministic net value under current constraints.,0.0,0.0,30.0,[]
35,Rochor,Central,2026-04-16 02:00:00+08:00,0.8913,0.8913,high,18,-0.8565004,1.779405,low supply,0.0164,low,9.1157,0.0053,low,intervention,Heuristic baseline policy recommends intervention because depletion risk or imbalance is already high.,0.3193,moderate,1,9.5508,monitor,Selected monitor because it maximized deterministic net value under current constraints.,0.0,0.0,30.0,[]
35,Rochor,Central,2026-04-16 10:00:00+08:00,0.9895,0.9895,high,50,-1.6842105,4.942792,normal conditions,0.2038,low,9.1157,0.0497,low,intervention,Heuristic baseline policy recommends intervention because depletion risk or imbalance is already high.,0.438,moderate,2,9.5508,monitor,Selected monitor because it maximized deterministic net value under current constraints.,0.0,0.0,30.0,[]
35,Rochor,Central,2026-04-17 13:00:00+08:00,0.5672,0.5672,medium,12,0.13333334,1.18627,low supply,0.0304,low,9.1157,0.0116,low,watchlist,Heuristic baseline policy recommends watchlist monitoring because signals are elevated but not yet acute.,0.2122,low,0,9.5508,monitor,Selected monitor because it maximized deterministic net value under current constraints.,0.0,0.0,30.0,[]
35,Rochor,Central,2026-04-19 10:00:00+08:00,0.9823,0.9823,high,20,-1.3333334,2.5,normal conditions,0.2238,low,7.0,0.0636,low,intervention,Heuristic baseline policy recommends intervention because depletion risk or imbalance is already high.,0.4445,moderate,1,9.5508,monitor,Selected monitor because it maximized deterministic net value under current constraints.,0.0,0.0,30.0,[]
35,Rochor,Central,2026-04-20 09:00:00+08:00,0.9435,0.9435,high,12,-1.1666666,1.7142857,low supply + peak hour,0.3149,low,6.0,0.1008,low,intervention,Heuristic baseline policy recommends intervention because depletion risk or imbalance is already high.,0.4719,moderate,2,9.5508,monitor,Selected monitor because it maximized deterministic net value under current constraints.,0.0,0.0,30.0,[]
35,Rochor,Central,2026-04-20 10:00:00+08:00,0.7914,0.7914,high,14,-0.15384616,1.5555556,low supply,0.2038,low,8.0,0.0687,low,intervention,Heuristic baseline policy recommends intervention because depletion risk or imbalance is already high.,0.3687,moderate,3,9.5508,monitor,Selected monitor because it maximized deterministic net value under current constraints.,0.0,0.0,30.0,[]
35,Rochor,Central,2026-04-20 11:00:00+08:00,0.4797,0.4797,medium,12,0.13333334,1.3333334,low supply,0.1023,low,8.0,0.0368,low,watchlist,Heuristic baseline policy recommends watchlist monitoring because signals are elevated but not yet acute.,0.2139,low,0,9.5508,monitor,Selected monitor because it maximized deterministic net value under current constraints.,0.0,0.0,30.0,[]
35,Rochor,Central,2026-04-21 23:00:00+08:00,0.4551,0.4551,medium,10,-0.375,1.1111112,low supply,0.0304,low,8.0,0.0119,low,watchlist,Heuristic baseline policy recommends watchlist monitoring because signals are elevated but not yet acute.,0.173,low,0,9.5508,monitor,Selected monitor because it maximized deterministic net value under current constraints.,0.0,0.0,30.0,[]
35,Rochor,Central,2026-04-23 11:00:00+08:00,0.5463,0.5463,medium,12,-2.0,0.85714287,low supply,0.1023,low,13.0,0.0624,low,watchlist,Heuristic baseline policy recommends watchlist monitoring because signals are elevated but not yet acute.,0.2526,moderate,2,9.5508,monitor,Selected monitor because it maximized deterministic net value under current constraints.,0.0,0.0,30.0,[]
35,Rochor,Central,2026-04-23 18:00:00+08:00,0.9611,0.9611,high,13,-2.0,1.625,low supply + peak hour,0.365,low,7.0,0.1202,low,intervention,Heuristic baseline policy recommends intervention because depletion risk or imbalance is already high.,0.5006,moderate,1,9.5508,monitor,Selected monitor because it maximized deterministic net value under current constraints.,0.0,0.0,30.0,[]
35,Rochor,Central,2026-04-24 10:00:00+08:00,0.5617,0.5617,medium,11,-1.4,1.0,low supply,0.2038,low,10.0,0.0852,low,watchlist,Heuristic baseline policy recommends watchlist monitoring because signals are elevated but not yet acute.,0.2883,moderate,1,9.5508,monitor,Selected monitor because it maximized deterministic net value under current constraints.,0.0,0.0,30.0,[]
35,Rochor,Central,2026-04-24 19:00:00+08:00,0.8412,0.8412,high,18,-0.72727275,2.25,low supply + peak hour,0.3239,low,7.0,0.095,low,intervention,Heuristic baseline policy recommends intervention because depletion risk or imbalance is already high.,0.4402,moderate,1,9.5508,monitor,Selected monitor because it maximized deterministic net value under current constraints.,0.0,0.0,30.0,[]
35,Rochor,Central,2026-04-25 08:00:00+08:00,0.7503,0.7503,high,10,-0.1,2.5,low supply + peak hour,0.385,low,3.0,0.1047,low,intervention,Heuristic baseline policy recommends intervention because depletion risk or imbalance is already high.,0.4359,moderate,1,9.5508,monitor,Selected monitor because it maximized deterministic net value under current constraints.,0.0,0.0,30.0,[]
35,Rochor,Central,2026-04-28 10:00:00+08:00,0.9142,0.9142,high,16,-0.7,1.6,low supply,0.2038,low,9.0,0.0683,low,intervention,Heuristic baseline policy recommends intervention because depletion risk or imbalance is already high.,0.4117,moderate,1,9.5508,monitor,Selected monitor because it maximized deterministic net value under current constraints.,0.0,0.0,30.0,[]
35,Rochor,Central,2026-04-29 10:00:00+08:00,0.9847,0.9847,high,14,-2.0,1.75,low supply,0.2038,low,7.0,0.0652,low,intervention,Heuristic baseline policy recommends intervention because depletion risk or imbalance is already high.,0.4364,moderate,2,9.5508,monitor,Selected monitor because it maximized deterministic net value under current constraints.,0.0,0.0,30.0,[]
35,Rochor,Central,2026-04-30 10:00:00+08:00,0.7658,0.7658,high,13,-2.0,1.3,low supply,0.2038,low,9.0,0.0746,low,intervention,Heuristic baseline policy recommends intervention because depletion risk or imbalance is already high.,0.3597,moderate,1,9.5508,monitor,Selected monitor because it maximized deterministic net value under current constraints.,0.0,0.0,30.0,[]
35,Rochor,Central,2026-04-30 11:00:00+08:00,0.4835,0.4835,medium,12,0.071428575,1.5,low supply,0.1023,low,7.0,0.0348,low,watchlist,Heuristic baseline policy recommends watchlist monitoring because signals are elevated but not yet acute.,0.2153,low,0,9.5508,monitor,Selected monitor because it maximized deterministic net value under current constraints.,0.0,0.0,30.0,[]
35,Rochor,Central,2026-04-30 20:00:00+08:00,0.8353,0.8353,high,12,-1.6,1.7142857,low supply + peak hour,0.2273,low,6.0,0.0727,low,intervention,Heuristic baseline policy recommends intervention because depletion risk or imbalance is already high.,0.3946,moderate,1,9.5508,monitor,Selected monitor because it maximized deterministic net value under current constraints.,0.0,0.0,30.0,[]
35,Rochor,Central,2026-05-02 04:00:00+08:00,0.5248,0.5248,medium,10,-0.5714286,2.0,low supply,0.0646,low,4.0,0.0191,low,watchlist,Heuristic baseline policy recommends watchlist monitoring because signals are elevated but not yet acute.,0.2127,low,0,9.5508,monitor,Selected monitor because it maximized deterministic net value under current constraints.,0.0,0.0,30.0,[]
36,Seletar,North-East,2026-04-16 10:00:00+08:00,0.9891,0.9891,high,18,-1.375,2.379437,low supply,0.2038,low,6.5648,0.0586,low,intervention,Heuristic baseline policy recommends intervention because depletion risk or imbalance is already high.,0.4379,moderate,1,1.0167,monitor,Selected monitor because it maximized deterministic net value under current constraints.,0.0,0.0,30.0,[]
36,Seletar,North-East,2026-04-17 14:00:00+08:00,0.7661,0.7661,high,7,-0.33333334,0.9253366,critically low supply,0.0624,low,6.5648,0.0265,low,intervention,Heuristic baseline policy recommends intervention because depletion risk or imbalance is already high.,0.2962,moderate,1,1.0167,monitor,Selected monitor because it maximized deterministic net value under current constraints.,0.0,0.0,30.0,[]
36,Seletar,North-East,2026-04-18 14:00:00+08:00,0.6219,0.6219,medium,6,-0.4,0.31578946,critically low supply + below yesterday baseline,0.0824,low,18.0,0.2091,low,watchlist,Heuristic baseline policy recommends watchlist monitoring because signals are elevated but not yet acute.,0.3881,moderate,1,1.0167,monitor,Selected monitor because it maximized deterministic net value under current constraints.,0.0,0.0,30.0,[]
36,Seletar,North-East,2026-04-21 23:00:00+08:00,0.9103,0.9103,high,7,-1.6666666,0.875,critically low supply,0.0304,low,7.0,0.0134,low,intervention,Heuristic baseline policy recommends intervention because depletion risk or imbalance is already high.,0.3323,moderate,2,1.0167,monitor,Selected monitor because it maximized deterministic net value under current constraints.,0.0,0.0,30.0,[]
36,Seletar,North-East,2026-04-22 08:00:00+08:00,0.7524,0.7524,high,7,-0.33333334,1.1666666,critically low supply + peak hour,0.365,low,5.0,0.1356,low,intervention,Heuristic baseline policy recommends intervention because depletion risk or imbalance is already high.,0.4276,moderate,1,1.0167,monitor,Selected monitor because it maximized deterministic net value under current constraints.,0.0,0.0,30.0,[]
36,Seletar,North-East,2026-04-22 13:00:00+08:00,0.5013,0.5013,medium,6,0.0,0.6666667,critically low supply + below yesterday baseline,0.0304,low,8.0,0.0658,low,watchlist,Heuristic baseline policy recommends watchlist monitoring because signals are elevated but not yet acute.,0.2391,low,0,1.0167,monitor,Selected monitor because it maximized deterministic net value under current constraints.,0.0,0.0,30.0,[]
36,Seletar,North-East,2026-04-22 16:00:00+08:00,0.5302,0.5302,medium,7,-0.33333334,1.1666666,critically low supply,0.2273,low,5.0,0.0844,low,watchlist,Heuristic baseline policy recommends watchlist monitoring because signals are elevated but not yet acute.,0.2879,moderate,1,1.0167,monitor,Selected monitor because it maximized deterministic net value under current constraints.,0.0,0.0,30.0,[]
36,Seletar,North-East,2026-04-22 18:00:00+08:00,0.4865,0.4865,medium,10,-0.375,1.6666666,low supply + peak hour,0.365,low,5.0,0.1168,low,watchlist,Heuristic baseline policy recommends watchlist monitoring because signals are elevated but not yet acute.,0.3345,moderate,1,1.0167,monitor,Selected monitor because it maximized deterministic net value under current constraints.,0.0,0.0,30.0,[]
36,Seletar,North-East,2026-04-23 16:00:00+08:00,0.5423,0.5423,medium,10,-0.8333333,5.0,low supply,0.2273,low,1.0,0.0509,low,watchlist,Heuristic baseline policy recommends watchlist monitoring because signals are elevated but not yet acute.,0.2921,moderate,1,1.0167,monitor,Selected monitor because it maximized deterministic net value under current constraints.,0.0,0.0,30.0,[]
36,Seletar,North-East,2026-04-24 15:00:00+08:00,0.4251,0.4251,medium,6,-0.16666667,1.0,critically low supply,0.1286,low,5.0,0.0514,low,watchlist,Heuristic baseline policy recommends watchlist monitoring because signals are elevated but not yet acute.,0.2067,low,0,1.0167,monitor,Selected monitor because it maximized deterministic net value under current constraints.,0.0,0.0,30.0,[]
36,Seletar,North-East,2026-04-24 21:00:00+08:00,0.573,0.573,medium,6,-0.4,0.85714287,critically low supply,0.1286,low,6.0,0.0566,low,watchlist,Heuristic baseline policy recommends watchlist monitoring because signals are elevated but not yet acute.,0.2584,moderate,1,1.0167,monitor,Selected monitor because it maximized deterministic net value under current constraints.,0.0,0.0,30.0,[]
36,Seletar,North-East,2026-04-24 22:00:00+08:00,0.4869,0.4869,medium,7,-0.14285715,0.7,critically low supply + below yesterday baseline,0.0624,low,9.0,0.0762,low,watchlist,Heuristic baseline policy recommends watchlist monitoring because signals are elevated but not yet acute.,0.2429,low,0,1.0167,monitor,Selected monitor because it maximized deterministic net value under current constraints.,0.0,0.0,30.0,[]
36,Seletar,North-East,2026-04-25 15:00:00+08:00,0.7603,0.7603,high,7,-0.33333334,0.6363636,critically low supply + below yesterday baseline,0.1486,low,10.0,0.1407,low,intervention,Heuristic baseline policy recommends intervention because depletion risk or imbalance is already high.,0.393,moderate,1,1.0167,monitor,Selected monitor because it maximized deterministic net value under current constraints.,0.0,0.0,30.0,[]
36,Seletar,North-East,2026-04-26 04:00:00+08:00,0.4897,0.4897,medium,9,-0.11111111,1.8,critically low supply,0.0646,low,4.0,0.0198,low,watchlist,Heuristic baseline policy recommends watchlist monitoring because signals are elevated but not yet acute.,0.2005,low,0,1.0167,monitor,Selected monitor because it maximized deterministic net value under current constraints.,0.0,0.0,30.0,[]
36,Seletar,North-East,2026-04-28 17:00:00+08:00,0.4321,0.4321,medium,12,-2.0,1.3333334,low supply + peak hour,0.3239,low,8.0,0.1166,low,watchlist,Heuristic baseline policy recommends watchlist monitoring because signals are elevated but not yet acute.,0.297,moderate,1,1.0167,monitor,Selected monitor because it maximized deterministic net value under current constraints.,0.0,0.0,30.0,[]
36,Seletar,North-East,2026-04-28 22:00:00+08:00,0.6246,0.6246,medium,8,-1.25,0.6666667,critically low supply + below yesterday baseline,0.0624,low,11.0,0.0876,low,watchlist,Heuristic baseline policy recommends watchlist monitoring because signals are elevated but not yet acute.,0.3012,moderate,1,1.0167,monitor,Selected monitor because it maximized deterministic net value under current constraints.,0.0,0.0,30.0,[]
36,Seletar,North-East,2026-04-29 18:00:00+08:00,0.6798,0.6798,medium,7,-1.0,0.7777778,critically low supply + peak hour,0.365,low,8.0,0.1981,low,watchlist,Heuristic baseline policy recommends watchlist monitoring because signals are elevated but not yet acute.,0.4272,moderate,2,1.0167,monitor,Selected monitor because it maximized deterministic net value under current constraints.,0.0,0.0,30.0,[]
36,Seletar,North-East,2026-04-30 20:00:00+08:00,0.4653,0.4653,medium,9,-0.42857143,1.5,critically low supply + peak hour,0.2273,low,5.0,0.0758,low,watchlist,Heuristic baseline policy recommends watchlist monitoring because signals are elevated but not yet acute.,0.2651,moderate,2,1.0167,monitor,Selected monitor because it maximized deterministic net value under current constraints.,0.0,0.0,30.0,[]
36,Seletar,North-East,2026-05-01 00:00:00+08:00,0.7866,0.7866,high,17,-1.0,5.0,low supply + public holiday,0.015,low,2.0,0.0034,low,intervention,Heuristic baseline policy recommends intervention because depletion risk or imbalance is already high.,0.2821,moderate,1,1.0167,monitor,Selected monitor because it maximized deterministic net value under current constraints.,0.0,0.0,30.0,[]
36,Seletar,North-East,2026-05-01 10:00:00+08:00,0.7745,0.7745,high,10,-0.8333333,2.0,low supply + public holiday,0.2038,low,4.0,0.0603,low,intervention,Heuristic baseline policy recommends intervention because depletion risk or imbalance is already high.,0.3628,moderate,1,1.0167,monitor,Selected monitor because it maximized deterministic net value under current constraints.,0.0,0.0,30.0,[]
36,Seletar,North-East,2026-05-01 23:00:00+08:00,0.6408,0.6408,medium,7,-0.33333334,1.0,critically low supply + public holiday,0.0304,low,6.0,0.0123,low,watchlist,Heuristic baseline policy recommends watchlist monitoring because signals are elevated but not yet acute.,0.238,low,0,1.0167,monitor,Selected monitor because it maximized deterministic net value under current constraints.,0.0,0.0,30.0,[]
36,Seletar,North-East,2026-05-02 12:00:00+08:00,0.468,0.468,medium,6,-2.0,1.0,critically low supply,0.0646,low,5.0,0.0258,low,watchlist,Heuristic baseline policy recommends watchlist monitoring because signals are elevated but not yet acute.,0.1929,low,0,1.0167,monitor,Selected monitor because it maximized deterministic net value under current constraints.,0.0,0.0,30.0,[]
36,Seletar,North-East,2026-05-02 14:00:00+08:00,0.6286,0.6286,medium,6,-0.16666667,1.2,critically low supply,0.0824,low,4.0,0.0297,low,watchlist,Heuristic baseline policy recommends watchlist monitoring because signals are elevated but not yet acute.,0.2571,moderate,1,1.0167,monitor,Selected monitor because it maximized deterministic net value under current constraints.,0.0,0.0,30.0,[]
37,Sembawang,North,2026-04-16 10:00:00+08:00,0.9901,0.9901,high,20,-2.0,2.8272252,normal conditions,0.2038,low,6.0741,0.0556,low,intervention,Heuristic baseline policy recommends intervention because depletion risk or imbalance is already high.,0.4382,moderate,1,0.0,monitor,Selected monitor because it maximized deterministic net value under current constraints.,0.0,0.0,30.0,[]
37,Sembawang,North,2026-04-17 15:00:00+08:00,0.8854,0.8854,high,7,-0.33333334,0.9895288,critically low supply,0.1286,low,6.0741,0.0525,low,intervention,Heuristic baseline policy recommends intervention because depletion risk or imbalance is already high.,0.3678,moderate,1,0.0,monitor,Selected monitor because it maximized deterministic net value under current constraints.,0.0,0.0,30.0,[]
37,Sembawang,North,2026-04-17 18:00:00+08:00,0.7511,0.7511,high,8,0.0,1.13089,critically low supply + peak hour,0.365,low,6.0741,0.1395,low,intervention,Heuristic baseline policy recommends intervention because depletion risk or imbalance is already high.,0.4271,moderate,1,0.0,monitor,Selected monitor because it maximized deterministic net value under current constraints.,0.0,0.0,30.0,[]
37,Sembawang,North,2026-04-18 01:00:00+08:00,0.7903,0.7903,high,7,-0.33333334,0.9895288,critically low supply,0.0352,low,6.0741,0.0144,low,intervention,Heuristic baseline policy recommends intervention because depletion risk or imbalance is already high.,0.2924,moderate,1,0.0,monitor,Selected monitor because it maximized deterministic net value under current constraints.,0.0,0.0,30.0,[]
37,Sembawang,North,2026-04-19 04:00:00+08:00,0.4543,0.4543,medium,8,-0.125,1.6,critically low supply,0.0646,low,4.0,0.0207,low,watchlist,Heuristic baseline policy recommends watchlist monitoring because signals are elevated but not yet acute.,0.1881,low,0,0.0,monitor,Selected monitor because it maximized deterministic net value under current constraints.,0.0,0.0,30.0,[]
37,Sembawang,North,2026-04-19 16:00:00+08:00,0.5199,0.5199,medium,8,-1.25,0.8888889,critically low supply,0.2473,low,8.0,0.1088,low,watchlist,Heuristic baseline policy recommends watchlist monitoring because signals are elevated but not yet acute.,0.2932,moderate,1,0.0,monitor,Selected monitor because it maximized deterministic net value under current constraints.,0.0,0.0,30.0,[]
37,Sembawang,North,2026-04-20 03:00:00+08:00,0.7297,0.7297,high,7,-0.33333334,1.4,critically low supply,0.0224,low,4.0,0.0076,low,watchlist,Heuristic baseline policy recommends watchlist monitoring because signals are elevated but not yet acute.,0.2655,moderate,1,0.0,monitor,Selected monitor because it maximized deterministic net value under current constraints.,0.0,0.0,30.0,[]
37,Sembawang,North,2026-04-20 04:00:00+08:00,0.5868,0.5868,medium,6,0.125,1.5,critically low supply,0.0446,low,3.0,0.0143,low,watchlist,Heuristic baseline policy recommends watchlist monitoring because signals are elevated but not yet acute.,0.2254,low,0,0.0,monitor,Selected monitor because it maximized deterministic net value under current constraints.,0.0,0.0,30.0,[]
37,Sembawang,North,2026-04-20 05:00:00+08:00,0.466,0.466,medium,8,-0.2857143,1.3333334,critically low supply,0.1023,low,5.0,0.0358,low,watchlist,Heuristic baseline policy recommends watchlist monitoring because signals are elevated but not yet acute.,0.2091,low,0,0.0,monitor,Selected monitor because it maximized deterministic net value under current constraints.,0.0,0.0,30.0,[]
37,Sembawang,North,2026-04-20 08:00:00+08:00,0.4812,0.4812,medium,10,-0.375,1.25,low supply + peak hour,0.365,low,7.0,0.1343,low,watchlist,Heuristic baseline policy recommends watchlist monitoring because signals are elevated but not yet acute.,0.3327,moderate,1,0.0,monitor,Selected monitor because it maximized deterministic net value under current constraints.,0.0,0.0,30.0,[]
37,Sembawang,North,2026-04-20 14:00:00+08:00,0.4001,0.4001,medium,4,-0.25,1.0,critically low supply,0.0624,low,3.0,0.0237,low,watchlist,Heuristic baseline policy recommends watchlist monitoring because signals are elevated but not yet acute.,0.1681,low,0,0.0,monitor,Selected monitor because it maximized deterministic net value under current constraints.,0.0,0.0,30.0,[]
37,Sembawang,North,2026-04-20 15:00:00+08:00,0.755,0.755,high,6,-0.4,1.5,critically low supply,0.1286,low,3.0,0.0412,low,intervention,Heuristic baseline policy recommends intervention because depletion risk or imbalance is already high.,0.3221,moderate,1,0.0,monitor,Selected monitor because it maximized deterministic net value under current constraints.,0.0,0.0,30.0,[]
37,Sembawang,North,2026-04-21 17:00:00+08:00,0.4253,0.4253,medium,7,-0.6,0.7777778,critically low supply + peak hour,0.3239,low,8.0,0.1786,low,watchlist,Heuristic baseline policy recommends watchlist monitoring because signals are elevated but not yet acute.,0.3196,moderate,1,0.0,monitor,Selected monitor because it maximized deterministic net value under current constraints.,0.0,0.0,30.0,[]
37,Sembawang,North,2026-04-22 08:00:00+08:00,0.5775,0.5775,medium,8,-0.5,0.72727275,critically low supply + peak hour,0.365,low,10.0,0.2225,low,watchlist,Heuristic baseline policy recommends watchlist monitoring because signals are elevated but not yet acute.,0.4064,moderate,1,0.0,monitor,Selected monitor because it maximized deterministic net value under current constraints.,0.0,0.0,30.0,[]
37,Sembawang,North,2026-04-22 12:00:00+08:00,0.8108,0.8108,high,6,-1.3333334,1.5,critically low supply,0.0446,low,3.0,0.0143,low,intervention,Heuristic baseline policy recommends intervention because depletion risk or imbalance is already high.,0.3038,moderate,1,0.0,monitor,Selected monitor because it maximized deterministic net value under current constraints.,0.0,0.0,30.0,[]
37,Sembawang,North,2026-04-22 16:00:00+08:00,0.4066,0.4066,medium,6,-0.16666667,0.6666667,critically low supply + below yesterday baseline,0.2273,low,8.0,0.1682,low,watchlist,Heuristic baseline policy recommends watchlist monitoring because signals are elevated but not yet acute.,0.2946,moderate,1,0.0,monitor,Selected monitor because it maximized deterministic net value under current constraints.,0.0,0.0,30.0,[]
37,Sembawang,North,2026-04-22 18:00:00+08:00,0.575,0.575,medium,8,-0.2857143,0.8888889,critically low supply + peak hour,0.365,low,8.0,0.1606,low,watchlist,Heuristic baseline policy recommends watchlist monitoring because signals are elevated but not yet acute.,0.3655,moderate,1,0.0,monitor,Selected monitor because it maximized deterministic net value under current constraints.,0.0,0.0,30.0,[]
37,Sembawang,North,2026-04-23 07:00:00+08:00,0.9764,0.9764,high,16,-1.8333334,2.6666667,low supply + peak hour,0.3149,low,5.0,0.0866,low,intervention,Heuristic baseline policy recommends intervention because depletion risk or imbalance is already high.,0.4834,moderate,1,0.0,monitor,Selected monitor because it maximized deterministic net value under current constraints.,0.0,0.0,30.0,[]
37,Sembawang,North,2026-04-24 07:00:00+08:00,0.6242,0.6242,medium,7,-1.6666666,0.7777778,critically low supply + peak hour,0.3149,low,8.0,0.1744,low,watchlist,Heuristic baseline policy recommends watchlist monitoring because signals are elevated but not yet acute.,0.3852,moderate,1,0.0,monitor,Selected monitor because it maximized deterministic net value under current constraints.,0.0,0.0,30.0,[]
37,Sembawang,North,2026-04-24 10:00:00+08:00,0.8818,0.8818,high,7,0.0,1.4,critically low supply,0.2038,low,4.0,0.0687,low,intervention,Heuristic baseline policy recommends intervention because depletion risk or imbalance is already high.,0.4003,moderate,2,0.0,monitor,Selected monitor because it maximized deterministic net value under current constraints.,0.0,0.0,30.0,[]
37,Sembawang,North,2026-04-24 14:00:00+08:00,0.4521,0.4521,medium,6,-0.4,1.2,critically low supply,0.0624,low,4.0,0.0225,low,watchlist,Heuristic baseline policy recommends watchlist monitoring because signals are elevated but not yet acute.,0.1863,low,0,0.0,monitor,Selected monitor because it maximized deterministic net value under current constraints.,0.0,0.0,30.0,[]
37,Sembawang,North,2026-04-25 10:00:00+08:00,0.516,0.516,medium,9,-0.6666667,1.5,critically low supply,0.2238,low,5.0,0.0746,low,watchlist,Heuristic baseline policy recommends watchlist monitoring because signals are elevated but not yet acute.,0.2813,moderate,1,0.0,monitor,Selected monitor because it maximized deterministic net value under current constraints.,0.0,0.0,30.0,[]
37,Sembawang,North,2026-04-26 04:00:00+08:00,0.4279,0.4279,medium,7,0.11111111,1.4,critically low supply,0.0646,low,4.0,0.0218,low,watchlist,Heuristic baseline policy recommends watchlist monitoring because signals are elevated but not yet acute.,0.1788,low,0,0.0,monitor,Selected monitor because it maximized deterministic net value under current constraints.,0.0,0.0,30.0,[]
37,Sembawang,North,2026-04-26 15:00:00+08:00,0.6695,0.6695,medium,8,-2.0,0.8888889,critically low supply,0.1486,low,8.0,0.0654,low,watchlist,Heuristic baseline policy recommends watchlist monitoring because signals are elevated but not yet acute.,0.3012,moderate,1,0.0,monitor,Selected monitor because it maximized deterministic net value under current constraints.,0.0,0.0,30.0,[]
37,Sembawang,North,2026-04-26 16:00:00+08:00,0.5525,0.5525,medium,8,0.0,1.0,critically low supply,0.2473,low,7.0,0.1014,low,watchlist,Heuristic baseline policy recommends watchlist monitoring because signals are elevated but not yet acute.,0.3047,moderate,2,0.0,monitor,Selected monitor because it maximized deterministic net value under current constraints.,0.0,0.0,30.0,[]
37,Sembawang,North,2026-04-28 08:00:00+08:00,0.7498,0.7498,high,11,-0.33333334,1.8333334,low supply + peak hour,0.365,low,5.0,0.1128,low,watchlist,Heuristic baseline policy recommends watchlist monitoring because signals are elevated but not yet acute.,0.4267,moderate,1,0.0,monitor,Selected monitor because it maximized deterministic net value under current constraints.,0.0,0.0,30.0,[]
37,Sembawang,North,2026-04-28 22:00:00+08:00,0.7061,0.7061,high,8,-0.8,1.6,critically low supply,0.0624,low,4.0,0.02,low,watchlist,Heuristic baseline policy recommends watchlist monitoring because signals are elevated but not yet acute.,0.2752,moderate,1,0.0,monitor,Selected monitor because it maximized deterministic net value under current constraints.,0.0,0.0,30.0,[]
37,Sembawang,North,2026-04-30 10:00:00+08:00,0.4737,0.4737,medium,7,-0.6,1.0,critically low supply,0.2038,low,6.0,0.0827,low,watchlist,Heuristic baseline policy recommends watchlist monitoring because signals are elevated but not yet acute.,0.2575,moderate,1,0.0,monitor,Selected monitor because it maximized deterministic net value under current constraints.,0.0,0.0,30.0,[]
37,Sembawang,North,2026-05-01 01:00:00+08:00,0.9031,0.9031,high,12,-1.6,3.0,low supply + public holiday,0.0152,low,3.0,0.004,low,intervention,Heuristic baseline policy recommends intervention because depletion risk or imbalance is already high.,0.3229,moderate,1,0.0,monitor,Selected monitor because it maximized deterministic net value under current constraints.,0.0,0.0,30.0,[]
37,Sembawang,North,2026-05-01 07:00:00+08:00,0.6043,0.6043,medium,8,-0.8,1.6,critically low supply + peak hour + public holiday,0.3149,low,4.0,0.1008,low,watchlist,Heuristic baseline policy recommends watchlist monitoring because signals are elevated but not yet acute.,0.3532,moderate,1,0.0,monitor,Selected monitor because it maximized deterministic net value under current constraints.,0.0,0.0,30.0,[]
37,Sembawang,North,2026-05-01 10:00:00+08:00,0.7628,0.7628,high,12,-0.44444445,1.5,low supply + public holiday,0.2038,low,7.0,0.0693,low,intervention,Heuristic baseline policy recommends intervention because depletion risk or imbalance is already high.,0.3587,moderate,2,0.0,monitor,Selected monitor because it maximized deterministic net value under current constraints.,0.0,0.0,30.0,[]
38,Sengkang,North-East,2026-04-16 10:00:00+08:00,0.7942,0.7942,high,20,-0.23529412,1.1171451,normal conditions,0.2038,low,16.9028,0.0821,low,intervention,Heuristic baseline policy recommends intervention because depletion risk or imbalance is already high.,0.3697,moderate,1,0.2,monitor,Selected monitor because it maximized deterministic net value under current constraints.,0.0,0.0,30.0,[]
38,Sengkang,North-East,2026-04-18 13:00:00+08:00,0.5859,0.5859,medium,17,-1.0,1.0,low supply,0.0504,low,16.0,0.0215,low,watchlist,Heuristic baseline policy recommends watchlist monitoring because signals are elevated but not yet acute.,0.2277,low,0,0.2,monitor,Selected monitor because it maximized deterministic net value under current constraints.,0.0,0.0,30.0,[]
38,Sengkang,North-East,2026-04-18 22:00:00+08:00,0.7185,0.7185,high,23,-0.33333334,1.6428572,normal conditions,0.0824,low,13.0,0.0277,low,watchlist,Heuristic baseline policy recommends watchlist monitoring because signals are elevated but not yet acute.,0.2886,moderate,1,0.2,monitor,Selected monitor because it maximized deterministic net value under current constraints.,0.0,0.0,30.0,[]
38,Sengkang,North-East,2026-04-19 12:00:00+08:00,0.6858,0.6858,medium,16,-2.0,0.9411765,low supply,0.0646,low,16.0,0.0284,low,watchlist,Heuristic baseline policy recommends watchlist monitoring because signals are elevated but not yet acute.,0.2691,moderate,2,0.2,monitor,Selected monitor because it maximized deterministic net value under current constraints.,0.0,0.0,30.0,[]
38,Sengkang,North-East,2026-04-19 13:00:00+08:00,0.4467,0.4467,medium,20,-0.23529412,1.0,normal conditions,0.0504,low,19.0,0.0216,low,no_action,Heuristic baseline policy recommends no action because depletion risk and imbalance remain low.,0.179,low,0,0.2,monitor,Selected monitor because it maximized deterministic net value under current constraints.,0.0,0.0,30.0,[]
38,Sengkang,North-East,2026-04-20 12:00:00+08:00,0.8384,0.8384,high,21,-0.46666667,4.2,normal conditions,0.0446,low,4.0,0.011,low,intervention,Heuristic baseline policy recommends intervention because depletion risk or imbalance is already high.,0.3135,moderate,1,0.2,monitor,Selected monitor because it maximized deterministic net value under current constraints.,0.0,0.0,30.0,[]
38,Sengkang,North-East,2026-04-22 11:00:00+08:00,0.7477,0.7477,high,16,-1.4285715,1.0666667,low supply,0.1023,low,14.0,0.0419,low,watchlist,Heuristic baseline policy recommends watchlist monitoring because signals are elevated but not yet acute.,0.3077,moderate,1,0.2,monitor,Selected monitor because it maximized deterministic net value under current constraints.,0.0,0.0,30.0,[]
38,Sengkang,North-East,2026-04-22 12:00:00+08:00,0.4397,0.4397,medium,18,-0.11764706,0.8181818,low supply,0.0446,low,21.0,0.05,low,no_action,Heuristic baseline policy recommends no action because depletion risk and imbalance remain low.,0.2025,low,0,0.2,monitor,Selected monitor because it maximized deterministic net value under current constraints.,0.0,0.0,30.0,[]
38,Sengkang,North-East,2026-04-23 07:00:00+08:00,0.9419,0.9419,high,28,-0.8125,1.6470588,peak hour,0.3149,low,16.0,0.1062,low,intervention,Heuristic baseline policy recommends intervention because depletion risk or imbalance is already high.,0.4714,moderate,1,0.2,monitor,Selected monitor because it maximized deterministic net value under current constraints.,0.0,0.0,30.0,[]
38,Sengkang,North-East,2026-04-23 16:00:00+08:00,0.7902,0.7902,high,23,-0.71428573,1.7692307,normal conditions,0.2273,low,12.0,0.0739,low,intervention,Heuristic baseline policy recommends intervention because depletion risk or imbalance is already high.,0.3789,moderate,1,0.2,monitor,Selected monitor because it maximized deterministic net value under current constraints.,0.0,0.0,30.0,[]
38,Sengkang,North-East,2026-04-24 10:00:00+08:00,0.6607,0.6607,medium,15,-0.33333334,2.142857,low supply,0.2038,low,6.0,0.0603,low,watchlist,Heuristic baseline policy recommends watchlist monitoring because signals are elevated but not yet acute.,0.323,moderate,1,0.2,monitor,Selected monitor because it maximized deterministic net value under current constraints.,0.0,0.0,30.0,[]
38,Sengkang,North-East,2026-04-24 15:00:00+08:00,0.4459,0.4459,medium,16,0.0,0.9411765,low supply,0.1286,low,16.0,0.0566,low,no_action,Heuristic baseline policy recommends no action because depletion risk and imbalance remain low.,0.2139,low,0,0.2,monitor,Selected monitor because it maximized deterministic net value under current constraints.,0.0,0.0,30.0,[]
38,Sengkang,North-East,2026-04-27 15:00:00+08:00,0.5182,0.5182,medium,20,-0.61538464,0.90909094,normal conditions,0.1286,low,21.0,0.0677,low,watchlist,Heuristic baseline policy recommends watchlist monitoring because signals are elevated but not yet acute.,0.2488,low,0,0.2,monitor,Selected monitor because it maximized deterministic net value under current constraints.,0.0,0.0,30.0,[]
38,Sengkang,North-East,2026-04-28 17:00:00+08:00,0.6954,0.6954,medium,25,-1.8888888,1.1904762,peak hour,0.3239,low,20.0,0.127,low,watchlist,Heuristic baseline policy recommends watchlist monitoring because signals are elevated but not yet acute.,0.3891,moderate,1,0.2,monitor,Selected monitor because it maximized deterministic net value under current constraints.,0.0,0.0,30.0,[]
38,Sengkang,North-East,2026-04-28 21:00:00+08:00,0.6712,0.6712,medium,24,0.03846154,1.2631578,normal conditions,0.1286,low,18.0,0.0489,low,watchlist,Heuristic baseline policy recommends watchlist monitoring because signals are elevated but not yet acute.,0.2928,moderate,2,0.2,monitor,Selected monitor because it maximized deterministic net value under current constraints.,0.0,0.0,30.0,[]
38,Sengkang,North-East,2026-04-29 18:00:00+08:00,0.869,0.869,high,26,-0.6875,1.7333333,peak hour,0.365,low,14.0,0.1202,low,intervention,Heuristic baseline policy recommends intervention because depletion risk or imbalance is already high.,0.4684,moderate,1,0.2,monitor,Selected monitor because it maximized deterministic net value under current constraints.,0.0,0.0,30.0,[]
38,Sengkang,North-East,2026-04-30 20:00:00+08:00,0.8372,0.8372,high,33,-0.54545456,2.2,peak hour,0.2273,low,14.0,0.0686,low,intervention,Heuristic baseline policy recommends intervention because depletion risk or imbalance is already high.,0.3953,moderate,1,0.2,monitor,Selected monitor because it maximized deterministic net value under current constraints.,0.0,0.0,30.0,[]
38,Sengkang,North-East,2026-05-01 07:00:00+08:00,0.9455,0.9455,high,17,-2.0,3.4,low supply + peak hour + public holiday,0.3149,low,4.0,0.0808,low,intervention,Heuristic baseline policy recommends intervention because depletion risk or imbalance is already high.,0.4726,moderate,1,0.2,monitor,Selected monitor because it maximized deterministic net value under current constraints.,0.0,0.0,30.0,[]
38,Sengkang,North-East,2026-05-01 10:00:00+08:00,0.8339,0.8339,high,17,0.0,1.5454545,low supply + public holiday,0.2038,low,10.0,0.0695,low,intervention,Heuristic baseline policy recommends intervention because depletion risk or imbalance is already high.,0.3836,moderate,2,0.2,monitor,Selected monitor because it maximized deterministic net value under current constraints.,0.0,0.0,30.0,[]
38,Sengkang,North-East,2026-05-02 19:00:00+08:00,0.6357,0.6357,medium,21,-0.375,1.3125,peak hour,0.3439,low,15.0,0.1277,low,watchlist,Heuristic baseline policy recommends watchlist monitoring because signals are elevated but not yet acute.,0.3772,moderate,1,0.2,monitor,Selected monitor because it maximized deterministic net value under current constraints.,0.0,0.0,30.0,[]
39,Serangoon,North-East,2026-04-16 10:00:00+08:00,0.9901,0.9901,high,23,-1.6666666,1.9543667,normal conditions,0.2038,low,10.7685,0.0637,low,intervention,Heuristic baseline policy recommends intervention because depletion risk or imbalance is already high.,0.4382,moderate,1,5.7944,monitor,Selected monitor because it maximized deterministic net value under current constraints.,0.0,0.0,30.0,[]
39,Serangoon,North-East,2026-04-18 04:00:00+08:00,0.88,0.88,high,12,0.23529412,1.0196695,low supply,0.0646,low,10.7685,0.0268,low,intervention,Heuristic baseline policy recommends intervention because depletion risk or imbalance is already high.,0.3371,moderate,1,5.7944,monitor,Selected monitor because it maximized deterministic net value under current constraints.,0.0,0.0,30.0,[]
39,Serangoon,North-East,2026-04-19 10:00:00+08:00,0.7776,0.7776,high,16,-0.7,1.4545455,low supply,0.2238,low,10.0,0.0783,low,intervention,Heuristic baseline policy recommends intervention because depletion risk or imbalance is already high.,0.3729,moderate,1,5.7944,monitor,Selected monitor because it maximized deterministic net value under current constraints.,0.0,0.0,30.0,[]
39,Serangoon,North-East,2026-04-20 01:00:00+08:00,0.6647,0.6647,medium,16,-0.8888889,1.6,low supply,0.0152,low,9.0,0.0051,low,watchlist,Heuristic baseline policy recommends watchlist monitoring because signals are elevated but not yet acute.,0.2395,low,0,5.7944,monitor,Selected monitor because it maximized deterministic net value under current constraints.,0.0,0.0,30.0,[]
39,Serangoon,North-East,2026-04-21 00:00:00+08:00,0.4682,0.4682,medium,17,-0.5,1.7,low supply,0.015,low,9.0,0.0049,low,watchlist,Heuristic baseline policy recommends watchlist monitoring because signals are elevated but not yet acute.,0.1706,low,0,5.7944,monitor,Selected monitor because it maximized deterministic net value under current constraints.,0.0,0.0,30.0,[]
39,Serangoon,North-East,2026-04-22 00:00:00+08:00,0.5097,0.5097,medium,15,-0.33333334,1.5,low supply,0.015,low,9.0,0.0052,low,watchlist,Heuristic baseline policy recommends watchlist monitoring because signals are elevated but not yet acute.,0.1851,low,0,5.7944,monitor,Selected monitor because it maximized deterministic net value under current constraints.,0.0,0.0,30.0,[]
39,Serangoon,North-East,2026-04-22 03:00:00+08:00,0.6738,0.6738,medium,16,-0.0625,2.0,low supply,0.0224,low,7.0,0.0068,low,watchlist,Heuristic baseline policy recommends watchlist monitoring because signals are elevated but not yet acute.,0.2459,low,0,5.7944,monitor,Selected monitor because it maximized deterministic net value under current constraints.,0.0,0.0,30.0,[]
39,Serangoon,North-East,2026-04-22 11:00:00+08:00,0.6597,0.6597,medium,12,-2.0,0.9230769,low supply,0.1023,low,12.0,0.045,low,watchlist,Heuristic baseline policy recommends watchlist monitoring because signals are elevated but not yet acute.,0.2769,moderate,1,5.7944,monitor,Selected monitor because it maximized deterministic net value under current constraints.,0.0,0.0,30.0,[]
39,Serangoon,North-East,2026-04-23 15:00:00+08:00,0.6405,0.6405,medium,12,-1.6,1.0909091,low supply,0.1286,low,10.0,0.0514,low,watchlist,Heuristic baseline policy recommends watchlist monitoring because signals are elevated but not yet acute.,0.282,moderate,1,5.7944,monitor,Selected monitor because it maximized deterministic net value under current constraints.,0.0,0.0,30.0,[]
39,Serangoon,North-East,2026-04-25 08:00:00+08:00,0.5874,0.5874,medium,10,0.21428572,1.4285715,low supply + peak hour,0.385,low,6.0,0.1324,low,watchlist,Heuristic baseline policy recommends watchlist monitoring because signals are elevated but not yet acute.,0.3788,moderate,1,5.7944,monitor,Selected monitor because it maximized deterministic net value under current constraints.,0.0,0.0,30.0,[]
39,Serangoon,North-East,2026-04-26 16:00:00+08:00,0.4293,0.4293,medium,12,0.13333334,0.85714287,low supply,0.2473,low,13.0,0.1291,low,watchlist,Heuristic baseline policy recommends watchlist monitoring because signals are elevated but not yet acute.,0.2769,moderate,1,5.7944,monitor,Selected monitor because it maximized deterministic net value under current constraints.,0.0,0.0,30.0,[]
39,Serangoon,North-East,2026-04-28 17:00:00+08:00,0.9539,0.9539,high,18,-2.0,1.6363636,low supply + peak hour,0.3239,low,10.0,0.108,low,intervention,Heuristic baseline policy recommends intervention because depletion risk or imbalance is already high.,0.4796,moderate,3,5.7944,monitor,Selected monitor because it maximized deterministic net value under current constraints.,0.0,0.0,30.0,[]
39,Serangoon,North-East,2026-04-29 02:00:00+08:00,0.9713,0.9713,high,19,-2.0,1.4615384,low supply,0.0164,low,12.0,0.0058,low,intervention,Heuristic baseline policy recommends intervention because depletion risk or imbalance is already high.,0.3473,moderate,1,5.7944,monitor,Selected monitor because it maximized deterministic net value under current constraints.,0.0,0.0,30.0,[]
39,Serangoon,North-East,2026-04-29 17:00:00+08:00,0.6224,0.6224,medium,15,-1.0,1.6666666,low supply + peak hour,0.3239,low,8.0,0.1062,low,watchlist,Heuristic baseline policy recommends watchlist monitoring because signals are elevated but not yet acute.,0.3636,moderate,1,5.7944,monitor,Selected monitor because it maximized deterministic net value under current constraints.,0.0,0.0,30.0,[]
39,Serangoon,North-East,2026-04-29 18:00:00+08:00,0.8016,0.8016,high,12,0.1875,1.0,low supply + peak hour,0.365,low,11.0,0.1533,low,intervention,Heuristic baseline policy recommends intervention because depletion risk or imbalance is already high.,0.4448,moderate,2,5.7944,monitor,Selected monitor because it maximized deterministic net value under current constraints.,0.0,0.0,30.0,[]
39,Serangoon,North-East,2026-04-30 20:00:00+08:00,0.5961,0.5961,medium,17,-0.5,1.7,low supply + peak hour,0.2273,low,9.0,0.0743,low,watchlist,Heuristic baseline policy recommends watchlist monitoring because signals are elevated but not yet acute.,0.3109,moderate,1,5.7944,monitor,Selected monitor because it maximized deterministic net value under current constraints.,0.0,0.0,30.0,[]
39,Serangoon,North-East,2026-05-01 04:00:00+08:00,0.4486,0.4486,medium,14,-0.6666667,2.3333333,low supply + public holiday,0.0446,low,5.0,0.0127,low,watchlist,Heuristic baseline policy recommends watchlist monitoring because signals are elevated but not yet acute.,0.1771,low,0,5.7944,monitor,Selected monitor because it maximized deterministic net value under current constraints.,0.0,0.0,30.0,[]
39,Serangoon,North-East,2026-05-02 04:00:00+08:00,0.6921,0.6921,medium,18,-0.11764706,1.6363636,low supply,0.0646,low,10.0,0.0215,low,watchlist,Heuristic baseline policy recommends watchlist monitoring because signals are elevated but not yet acute.,0.2713,moderate,1,5.7944,monitor,Selected monitor because it maximized deterministic net value under current constraints.,0.0,0.0,30.0,[]
40,Simpang,North,2026-04-16 10:00:00+08:00,0.5654,0.5654,medium,7,-1.6666666,0.77498716,critically low supply,0.2038,low,8.0324,0.1226,low,watchlist,Heuristic baseline policy recommends watchlist monitoring because signals are elevated but not yet acute.,0.3153,moderate,1,0.7,monitor,Selected monitor because it maximized deterministic net value under current constraints.,0.0,0.0,30.0,[]
40,Simpang,North,2026-04-18 09:00:00+08:00,0.9767,0.9767,high,16,-1.4285715,1.7713993,low supply + peak hour,0.3349,low,8.0324,0.1073,low,intervention,Heuristic baseline policy recommends intervention because depletion risk or imbalance is already high.,0.4925,moderate,1,0.7,monitor,Selected monitor because it maximized deterministic net value under current constraints.,0.0,0.0,30.0,[]
40,Simpang,North,2026-04-20 08:00:00+08:00,0.6474,0.6474,medium,14,-0.6666667,1.1666666,low supply + peak hour,0.365,low,11.0,0.1418,low,watchlist,Heuristic baseline policy recommends watchlist monitoring because signals are elevated but not yet acute.,0.3908,moderate,1,0.7,monitor,Selected monitor because it maximized deterministic net value under current constraints.,0.0,0.0,30.0,[]
40,Simpang,North,2026-04-22 08:00:00+08:00,0.7077,0.7077,high,9,-1.0,1.0,critically low supply + peak hour,0.365,low,8.0,0.1509,low,watchlist,Heuristic baseline policy recommends watchlist monitoring because signals are elevated but not yet acute.,0.4119,moderate,1,0.7,monitor,Selected monitor because it maximized deterministic net value under current constraints.,0.0,0.0,30.0,[]
40,Simpang,North,2026-04-23 07:00:00+08:00,0.979,0.979,high,19,-2.0,1.9,low supply + peak hour,0.3149,low,9.0,0.0988,low,intervention,Heuristic baseline policy recommends intervention because depletion risk or imbalance is already high.,0.4844,moderate,1,0.7,monitor,Selected monitor because it maximized deterministic net value under current constraints.,0.0,0.0,30.0,[]
40,Simpang,North,2026-04-23 15:00:00+08:00,0.4058,0.4058,medium,6,-2.0,0.6,critically low supply + below yesterday baseline,0.1286,low,9.0,0.1387,low,watchlist,Heuristic baseline policy recommends watchlist monitoring because signals are elevated but not yet acute.,0.2666,moderate,3,0.7,monitor,Selected monitor because it maximized deterministic net value under current constraints.,0.0,0.0,30.0,[]
40,Simpang,North,2026-04-24 10:00:00+08:00,0.4206,0.4206,medium,7,-0.14285715,1.4,critically low supply,0.2038,low,4.0,0.0687,low,watchlist,Heuristic baseline policy recommends watchlist monitoring because signals are elevated but not yet acute.,0.2389,low,0,0.7,monitor,Selected monitor because it maximized deterministic net value under current constraints.,0.0,0.0,30.0,[]
40,Simpang,North,2026-04-25 08:00:00+08:00,0.8013,0.8013,high,18,-1.375,0.9,low supply + peak hour,0.385,low,19.0,0.1851,low,intervention,Heuristic baseline policy recommends intervention because depletion risk or imbalance is already high.,0.4642,moderate,1,0.7,monitor,Selected monitor because it maximized deterministic net value under current constraints.,0.0,0.0,30.0,[]
40,Simpang,North,2026-04-25 10:00:00+08:00,0.4885,0.4885,medium,14,-0.36363637,2.0,low supply,0.2238,low,6.0,0.0678,low,watchlist,Heuristic baseline policy recommends watchlist monitoring because signals are elevated but not yet acute.,0.2717,moderate,3,0.7,monitor,Selected monitor because it maximized deterministic net value under current constraints.,0.0,0.0,30.0,[]
40,Simpang,North,2026-04-26 15:00:00+08:00,0.8206,0.8206,high,10,-2.0,1.1111112,low supply,0.1486,low,8.0,0.0583,low,intervention,Heuristic baseline policy recommends intervention because depletion risk or imbalance is already high.,0.3541,moderate,1,0.7,monitor,Selected monitor because it maximized deterministic net value under current constraints.,0.0,0.0,30.0,[]
40,Simpang,North,2026-04-26 16:00:00+08:00,0.5977,0.5977,medium,7,0.27272728,0.875,critically low supply,0.2473,low,7.0,0.1088,low,watchlist,Heuristic baseline policy recommends watchlist monitoring because signals are elevated but not yet acute.,0.3205,moderate,2,0.7,monitor,Selected monitor because it maximized deterministic net value under current constraints.,0.0,0.0,30.0,[]
40,Simpang,North,2026-04-27 18:00:00+08:00,0.5366,0.5366,medium,12,-0.85714287,1.3333334,low supply + peak hour,0.365,low,8.0,0.1314,low,watchlist,Heuristic baseline policy recommends watchlist monitoring because signals are elevated but not yet acute.,0.3521,moderate,1,0.7,monitor,Selected monitor because it maximized deterministic net value under current constraints.,0.0,0.0,30.0,[]
40,Simpang,North,2026-04-28 05:00:00+08:00,0.4655,0.4655,medium,12,-0.083333336,2.0,low supply,0.1023,low,5.0,0.0307,low,watchlist,Heuristic baseline policy recommends watchlist monitoring because signals are elevated but not yet acute.,0.209,low,0,0.7,monitor,Selected monitor because it maximized deterministic net value under current constraints.,0.0,0.0,30.0,[]
40,Simpang,North,2026-04-28 08:00:00+08:00,0.5685,0.5685,medium,13,-0.16666667,1.8571428,low supply + peak hour,0.365,low,6.0,0.1134,low,watchlist,Heuristic baseline policy recommends watchlist monitoring because signals are elevated but not yet acute.,0.3632,moderate,1,0.7,monitor,Selected monitor because it maximized deterministic net value under current constraints.,0.0,0.0,30.0,[]
40,Simpang,North,2026-04-29 02:00:00+08:00,0.9776,0.9776,high,15,-2.0,2.142857,low supply,0.0164,low,6.0,0.0049,low,intervention,Heuristic baseline policy recommends intervention because depletion risk or imbalance is already high.,0.3495,moderate,1,0.7,monitor,Selected monitor because it maximized deterministic net value under current constraints.,0.0,0.0,30.0,[]
40,Simpang,North,2026-04-29 20:00:00+08:00,0.7876,0.7876,high,14,-1.1428572,1.5555556,low supply + peak hour,0.2273,low,8.0,0.0766,low,intervention,Heuristic baseline policy recommends intervention because depletion risk or imbalance is already high.,0.3779,moderate,1,0.7,monitor,Selected monitor because it maximized deterministic net value under current constraints.,0.0,0.0,30.0,[]
40,Simpang,North,2026-05-01 01:00:00+08:00,0.4967,0.4967,medium,14,-0.875,2.3333333,low supply + public holiday,0.0152,low,5.0,0.0043,low,watchlist,Heuristic baseline policy recommends watchlist monitoring because signals are elevated but not yet acute.,0.1807,low,0,0.7,monitor,Selected monitor because it maximized deterministic net value under current constraints.,0.0,0.0,30.0,[]
40,Simpang,North,2026-05-01 07:00:00+08:00,0.9591,0.9591,high,15,-1.6666666,1.875,low supply + peak hour + public holiday,0.3149,low,7.0,0.0982,low,intervention,Heuristic baseline policy recommends intervention because depletion risk or imbalance is already high.,0.4774,moderate,1,0.7,monitor,Selected monitor because it maximized deterministic net value under current constraints.,0.0,0.0,30.0,[]
40,Simpang,North,2026-05-01 10:00:00+08:00,0.9311,0.9311,high,18,-0.1875,3.0,low supply + public holiday,0.2038,low,5.0,0.0543,low,intervention,Heuristic baseline policy recommends intervention because depletion risk or imbalance is already high.,0.4176,moderate,2,0.7,monitor,Selected monitor because it maximized deterministic net value under current constraints.,0.0,0.0,30.0,[]
40,Simpang,North,2026-05-02 20:00:00+08:00,0.4601,0.4601,medium,8,-0.8,0.8,critically low supply + peak hour,0.2473,low,9.0,0.1385,low,watchlist,Heuristic baseline policy recommends watchlist monitoring because signals are elevated but not yet acute.,0.2945,moderate,2,0.7,monitor,Selected monitor because it maximized deterministic net value under current constraints.,0.0,0.0,30.0,[]
41,Singapore River,Central,2026-04-16 02:00:00+08:00,0.8397,0.8397,high,17,-1.0216166,1.9689008,low supply,0.0164,low,7.6343,0.005,low,intervention,Heuristic baseline policy recommends intervention because depletion risk or imbalance is already high.,0.3013,moderate,1,8.4897,monitor,Selected monitor because it maximized deterministic net value under current constraints.,0.0,0.0,30.0,[]
41,Singapore River,Central,2026-04-16 10:00:00+08:00,0.9864,0.9864,high,39,-1.2222222,4.51689,normal conditions,0.2038,low,7.6343,0.0503,low,intervention,Heuristic baseline policy recommends intervention because depletion risk or imbalance is already high.,0.4369,moderate,2,8.4897,monitor,Selected monitor because it maximized deterministic net value under current constraints.,0.0,0.0,30.0,[]
41,Singapore River,Central,2026-04-17 10:00:00+08:00,0.8675,0.8675,high,14,-0.15384616,1.6214477,sustained depletion + low supply,0.2038,low,7.6343,0.0674,low,intervention,Heuristic baseline policy recommends intervention because depletion risk or imbalance is already high.,0.3953,moderate,1,8.4897,monitor,Selected monitor because it maximized deterministic net value under current constraints.,0.0,0.0,30.0,[]
41,Singapore River,Central,2026-04-17 13:00:00+08:00,0.4468,0.4468,medium,9,0.23076923,1.0423592,critically low supply,0.0304,low,7.6343,0.0123,low,watchlist,Heuristic baseline policy recommends watchlist monitoring because signals are elevated but not yet acute.,0.1701,low,0,8.4897,monitor,Selected monitor because it maximized deterministic net value under current constraints.,0.0,0.0,30.0,[]
41,Singapore River,Central,2026-04-17 17:00:00+08:00,0.605,0.605,medium,6,-1.3333334,0.6949062,critically low supply + below yesterday baseline + peak hour,0.3239,low,7.6343,0.2065,low,watchlist,Heuristic baseline policy recommends watchlist monitoring because signals are elevated but not yet acute.,0.4003,moderate,2,8.4897,monitor,Selected monitor because it maximized deterministic net value under current constraints.,0.0,0.0,30.0,[]
41,Singapore River,Central,2026-04-20 06:00:00+08:00,0.6181,0.6181,medium,10,-0.5714286,2.0,low supply,0.2038,low,4.0,0.0603,low,watchlist,Heuristic baseline policy recommends watchlist monitoring because signals are elevated but not yet acute.,0.308,moderate,1,8.4897,monitor,Selected monitor because it maximized deterministic net value under current constraints.,0.0,0.0,30.0,[]
41,Singapore River,Central,2026-04-20 09:00:00+08:00,0.929,0.929,high,14,-0.875,2.0,low supply + peak hour,0.3149,low,6.0,0.0954,low,intervention,Heuristic baseline policy recommends intervention because depletion risk or imbalance is already high.,0.4669,moderate,1,8.4897,monitor,Selected monitor because it maximized deterministic net value under current constraints.,0.0,0.0,30.0,[]
41,Singapore River,Central,2026-04-20 10:00:00+08:00,0.4774,0.4774,medium,13,0.06666667,1.4444444,low supply,0.2038,low,8.0,0.0709,low,watchlist,Heuristic baseline policy recommends watchlist monitoring because signals are elevated but not yet acute.,0.2588,moderate,2,8.4897,monitor,Selected monitor because it maximized deterministic net value under current constraints.,0.0,0.0,30.0,[]
41,Singapore River,Central,2026-04-20 17:00:00+08:00,0.6152,0.6152,medium,9,-1.0,1.5,critically low supply + peak hour,0.3239,low,5.0,0.108,low,watchlist,Heuristic baseline policy recommends watchlist monitoring because signals are elevated but not yet acute.,0.3611,moderate,1,8.4897,monitor,Selected monitor because it maximized deterministic net value under current constraints.,0.0,0.0,30.0,[]
41,Singapore River,Central,2026-04-20 18:00:00+08:00,0.5377,0.5377,medium,12,-0.3,1.5,low supply + peak hour,0.365,low,7.0,0.1241,low,watchlist,Heuristic baseline policy recommends watchlist monitoring because signals are elevated but not yet acute.,0.3524,moderate,2,8.4897,monitor,Selected monitor because it maximized deterministic net value under current constraints.,0.0,0.0,30.0,[]
41,Singapore River,Central,2026-04-20 22:00:00+08:00,0.7984,0.7984,high,11,-1.4,1.1,low supply,0.0624,low,9.0,0.0247,low,intervention,Heuristic baseline policy recommends intervention because depletion risk or imbalance is already high.,0.3075,moderate,1,8.4897,monitor,Selected monitor because it maximized deterministic net value under current constraints.,0.0,0.0,30.0,[]
41,Singapore River,Central,2026-04-20 23:00:00+08:00,0.5685,0.5685,medium,13,-0.16666667,1.4444444,low supply,0.0304,low,8.0,0.0106,low,watchlist,Heuristic baseline policy recommends watchlist monitoring because signals are elevated but not yet acute.,0.2127,low,0,8.4897,monitor,Selected monitor because it maximized deterministic net value under current constraints.,0.0,0.0,30.0,[]
41,Singapore River,Central,2026-04-21 23:00:00+08:00,0.4056,0.4056,medium,8,-0.2857143,0.72727275,critically low supply,0.0304,low,10.0,0.0552,low,watchlist,Heuristic baseline policy recommends watchlist monitoring because signals are elevated but not yet acute.,0.1956,low,0,8.4897,monitor,Selected monitor because it maximized deterministic net value under current constraints.,0.0,0.0,30.0,[]
41,Singapore River,Central,2026-04-22 18:00:00+08:00,0.5937,0.5937,medium,12,-0.625,2.4,low supply + peak hour,0.365,low,4.0,0.1022,low,watchlist,Heuristic baseline policy recommends watchlist monitoring because signals are elevated but not yet acute.,0.372,moderate,1,8.4897,monitor,Selected monitor because it maximized deterministic net value under current constraints.,0.0,0.0,30.0,[]
41,Singapore River,Central,2026-04-22 19:00:00+08:00,0.5284,0.5284,medium,14,-0.15384616,2.0,low supply + peak hour,0.3239,low,6.0,0.0981,low,watchlist,Heuristic baseline policy recommends watchlist monitoring because signals are elevated but not yet acute.,0.3307,moderate,2,8.4897,monitor,Selected monitor because it maximized deterministic net value under current constraints.,0.0,0.0,30.0,[]
41,Singapore River,Central,2026-04-23 11:00:00+08:00,0.7551,0.7551,high,8,-2.0,1.3333334,critically low supply,0.1023,low,5.0,0.0358,low,intervention,Heuristic baseline policy recommends intervention because depletion risk or imbalance is already high.,0.3103,moderate,2,8.4897,monitor,Selected monitor because it maximized deterministic net value under current constraints.,0.0,0.0,30.0,[]
41,Singapore River,Central,2026-04-23 23:00:00+08:00,0.8342,0.8342,high,7,-0.6,0.7777778,critically low supply,0.0304,low,8.0,0.0394,low,intervention,Heuristic baseline policy recommends intervention because depletion risk or imbalance is already high.,0.3307,moderate,1,8.4897,monitor,Selected monitor because it maximized deterministic net value under current constraints.,0.0,0.0,30.0,[]
41,Singapore River,Central,2026-04-24 00:00:00+08:00,0.5492,0.5492,medium,7,0.0,0.7,critically low supply + below yesterday baseline,0.015,low,9.0,0.0521,low,watchlist,Heuristic baseline policy recommends watchlist monitoring because signals are elevated but not yet acute.,0.2434,low,0,8.4897,monitor,Selected monitor because it maximized deterministic net value under current constraints.,0.0,0.0,30.0,[]
41,Singapore River,Central,2026-04-24 10:00:00+08:00,0.5795,0.5795,medium,8,-2.0,0.5714286,critically low supply + below yesterday baseline,0.2038,low,13.0,0.1972,low,watchlist,Heuristic baseline policy recommends watchlist monitoring because signals are elevated but not yet acute.,0.3715,moderate,2,8.4897,monitor,Selected monitor because it maximized deterministic net value under current constraints.,0.0,0.0,30.0,[]
41,Singapore River,Central,2026-04-24 18:00:00+08:00,0.4738,0.4738,medium,13,-0.16666667,1.625,low supply + peak hour,0.365,low,7.0,0.1202,low,watchlist,Heuristic baseline policy recommends watchlist monitoring because signals are elevated but not yet acute.,0.3301,moderate,1,8.4897,monitor,Selected monitor because it maximized deterministic net value under current constraints.,0.0,0.0,30.0,[]
41,Singapore River,Central,2026-04-25 14:00:00+08:00,0.4091,0.4091,medium,2,0.0,0.25,sustained depletion + critically low supply + below yesterday baseline,0.0824,low,7.0,0.2286,low,watchlist,Heuristic baseline policy recommends watchlist monitoring because signals are elevated but not yet acute.,0.3231,moderate,1,8.4897,monitor,Selected monitor because it maximized deterministic net value under current constraints.,0.0,0.0,30.0,[]
41,Singapore River,Central,2026-04-25 15:00:00+08:00,0.8752,0.8752,high,6,-1.3333334,0.85714287,critically low supply,0.1486,low,6.0,0.0654,low,intervention,Heuristic baseline policy recommends intervention because depletion risk or imbalance is already high.,0.3732,moderate,2,8.4897,monitor,Selected monitor because it maximized deterministic net value under current constraints.,0.0,0.0,30.0,[]
41,Singapore River,Central,2026-04-26 17:00:00+08:00,0.468,0.468,medium,9,-1.0,1.5,critically low supply + peak hour,0.3439,low,5.0,0.1146,low,watchlist,Heuristic baseline policy recommends watchlist monitoring because signals are elevated but not yet acute.,0.3186,moderate,1,8.4897,monitor,Selected monitor because it maximized deterministic net value under current constraints.,0.0,0.0,30.0,[]
41,Singapore River,Central,2026-04-27 23:00:00+08:00,0.4254,0.4254,medium,14,-0.36363637,1.5555556,low supply,0.0304,low,8.0,0.0102,low,watchlist,Heuristic baseline policy recommends watchlist monitoring because signals are elevated but not yet acute.,0.1626,low,0,8.4897,monitor,Selected monitor because it maximized deterministic net value under current constraints.,0.0,0.0,30.0,[]
41,Singapore River,Central,2026-04-28 09:00:00+08:00,0.8796,0.8796,high,12,-0.85714287,1.7142857,low supply + peak hour,0.3149,low,6.0,0.1008,low,intervention,Heuristic baseline policy recommends intervention because depletion risk or imbalance is already high.,0.4496,moderate,1,8.4897,monitor,Selected monitor because it maximized deterministic net value under current constraints.,0.0,0.0,30.0,[]
41,Singapore River,Central,2026-04-29 08:00:00+08:00,0.9828,0.9828,high,11,-2.0,1.5714285,low supply + peak hour,0.365,low,6.0,0.1208,low,intervention,Heuristic baseline policy recommends intervention because depletion risk or imbalance is already high.,0.5082,moderate,1,8.4897,monitor,Selected monitor because it maximized deterministic net value under current constraints.,0.0,0.0,30.0,[]
41,Singapore River,Central,2026-04-30 06:00:00+08:00,0.5118,0.5118,medium,7,-1.0,1.0,critically low supply,0.2038,low,6.0,0.0827,low,watchlist,Heuristic baseline policy recommends watchlist monitoring because signals are elevated but not yet acute.,0.2708,moderate,1,8.4897,monitor,Selected monitor because it maximized deterministic net value under current constraints.,0.0,0.0,30.0,[]
41,Singapore River,Central,2026-04-30 11:00:00+08:00,0.9577,0.9577,high,18,-1.375,2.5714285,low supply,0.1023,low,6.0,0.0286,low,intervention,Heuristic baseline policy recommends intervention because depletion risk or imbalance is already high.,0.3812,moderate,1,8.4897,monitor,Selected monitor because it maximized deterministic net value under current constraints.,0.0,0.0,30.0,[]
41,Singapore River,Central,2026-04-30 20:00:00+08:00,0.5159,0.5159,medium,8,-2.0,1.1428572,critically low supply + peak hour,0.2273,low,6.0,0.0864,low,watchlist,Heuristic baseline policy recommends watchlist monitoring because signals are elevated but not yet acute.,0.2829,moderate,2,8.4897,monitor,Selected monitor because it maximized deterministic net value under current constraints.,0.0,0.0,30.0,[]
41,Singapore River,Central,2026-05-01 10:00:00+08:00,0.6669,0.6669,medium,7,-0.33333334,0.5833333,critically low supply + below yesterday baseline + public holiday,0.2038,low,11.0,0.1903,low,watchlist,Heuristic baseline policy recommends watchlist monitoring because signals are elevated but not yet acute.,0.3979,moderate,2,8.4897,monitor,Selected monitor because it maximized deterministic net value under current constraints.,0.0,0.0,30.0,[]
41,Singapore River,Central,2026-05-01 12:00:00+08:00,0.5615,0.5615,medium,13,-1.0,1.8571428,low supply + public holiday,0.0446,low,6.0,0.0139,low,watchlist,Heuristic baseline policy recommends watchlist monitoring because signals are elevated but not yet acute.,0.2166,low,0,8.4897,monitor,Selected monitor because it maximized deterministic net value under current constraints.,0.0,0.0,30.0,[]
41,Singapore River,Central,2026-05-01 18:00:00+08:00,0.4656,0.4656,medium,15,-0.14285715,2.142857,low supply + peak hour + public holiday,0.365,low,6.0,0.108,low,watchlist,Heuristic baseline policy recommends watchlist monitoring because signals are elevated but not yet acute.,0.3272,moderate,2,8.4897,monitor,Selected monitor because it maximized deterministic net value under current constraints.,0.0,0.0,30.0,[]
41,Singapore River,Central,2026-05-01 23:00:00+08:00,0.7944,0.7944,high,19,-0.53846157,1.7272727,low supply + public holiday,0.0304,low,10.0,0.0099,low,intervention,Heuristic baseline policy recommends intervention because depletion risk or imbalance is already high.,0.2917,moderate,1,8.4897,monitor,Selected monitor because it maximized deterministic net value under current constraints.,0.0,0.0,30.0,[]
41,Singapore River,Central,2026-05-02 04:00:00+08:00,0.5345,0.5345,medium,11,-0.5,1.5714285,low supply,0.0646,low,6.0,0.0214,low,watchlist,Heuristic baseline policy recommends watchlist monitoring because signals are elevated but not yet acute.,0.2161,low,0,8.4897,monitor,Selected monitor because it maximized deterministic net value under current constraints.,0.0,0.0,30.0,[]
41,Singapore River,Central,2026-05-02 11:00:00+08:00,0.8128,0.8128,high,8,-2.0,2.6666667,critically low supply,0.1223,low,2.0,0.0318,low,intervention,Heuristic baseline policy recommends intervention because depletion risk or imbalance is already high.,0.3395,moderate,1,8.4897,monitor,Selected monitor because it maximized deterministic net value under current constraints.,0.0,0.0,30.0,[]
41,Singapore River,Central,2026-05-02 19:00:00+08:00,0.9569,0.9569,high,18,-1.375,2.5714285,low supply + peak hour,0.3439,low,6.0,0.0963,low,intervention,Heuristic baseline policy recommends intervention because depletion risk or imbalance is already high.,0.4897,moderate,1,8.4897,monitor,Selected monitor because it maximized deterministic net value under current constraints.,0.0,0.0,30.0,[]
42,Southern Islands,Central,2026-04-16 10:00:00+08:00,0.9867,0.9867,high,15,-2.0,3.1984205,low supply,0.2038,low,3.6898,0.0528,low,intervention,Heuristic baseline policy recommends intervention because depletion risk or imbalance is already high.,0.4371,moderate,1,3.0444,monitor,Selected monitor because it maximized deterministic net value under current constraints.,0.0,0.0,30.0,[]
42,Southern Islands,Central,2026-04-17 11:00:00+08:00,0.8391,0.8391,high,7,-1.6666666,1.4925963,critically low supply,0.1023,low,3.6898,0.0334,low,intervention,Heuristic baseline policy recommends intervention because depletion risk or imbalance is already high.,0.3397,moderate,1,3.0444,monitor,Selected monitor because it maximized deterministic net value under current constraints.,0.0,0.0,30.0,[]
42,Southern Islands,Central,2026-04-17 17:00:00+08:00,0.6697,0.6697,medium,6,-0.4,1.2793682,critically low supply + peak hour,0.3239,low,3.6898,0.1126,low,watchlist,Heuristic baseline policy recommends watchlist monitoring because signals are elevated but not yet acute.,0.3802,moderate,1,3.0444,monitor,Selected monitor because it maximized deterministic net value under current constraints.,0.0,0.0,30.0,[]
42,Southern Islands,Central,2026-04-17 22:00:00+08:00,0.8545,0.8545,high,4,0.0,0.8529121,critically low supply,0.0624,low,3.6898,0.0263,low,intervention,Heuristic baseline policy recommends intervention because depletion risk or imbalance is already high.,0.3272,moderate,1,3.0444,monitor,Selected monitor because it maximized deterministic net value under current constraints.,0.0,0.0,30.0,[]
42,Southern Islands,Central,2026-04-18 00:00:00+08:00,0.8392,0.8392,high,2,0.0,0.42645606,sustained depletion + critically low supply + below yesterday baseline,0.035,low,3.6898,0.1141,low,intervention,Heuristic baseline policy recommends intervention because depletion risk or imbalance is already high.,0.4011,moderate,1,3.0444,monitor,Selected monitor because it maximized deterministic net value under current constraints.,0.0,0.0,30.0,[]
42,Southern Islands,Central,2026-04-18 02:00:00+08:00,0.4282,0.4282,medium,2,-0.5,0.42645606,critically low supply + below yesterday baseline,0.0364,low,3.6898,0.115,low,watchlist,Heuristic baseline policy recommends watchlist monitoring because signals are elevated but not yet acute.,0.2578,moderate,1,3.0444,monitor,Selected monitor because it maximized deterministic net value under current constraints.,0.0,0.0,30.0,[]
42,Southern Islands,Central,2026-04-18 03:00:00+08:00,0.4219,0.4219,medium,3,-0.33333334,0.6396841,critically low supply + below yesterday baseline,0.0424,low,3.6898,0.0584,low,watchlist,Heuristic baseline policy recommends watchlist monitoring because signals are elevated but not yet acute.,0.2041,low,0,3.0444,monitor,Selected monitor because it maximized deterministic net value under current constraints.,0.0,0.0,30.0,[]
42,Southern Islands,Central,2026-04-18 04:00:00+08:00,0.456,0.456,medium,3,0.0,0.6396841,critically low supply + below yesterday baseline,0.0646,low,3.6898,0.0694,low,watchlist,Heuristic baseline policy recommends watchlist monitoring because signals are elevated but not yet acute.,0.2261,low,0,3.0444,monitor,Selected monitor because it maximized deterministic net value under current constraints.,0.0,0.0,30.0,[]
42,Southern Islands,Central,2026-04-19 10:00:00+08:00,0.4234,0.4234,medium,4,-0.25,1.3333334,critically low supply,0.2238,low,2.0,0.0716,low,watchlist,Heuristic baseline policy recommends watchlist monitoring because signals are elevated but not yet acute.,0.2489,low,0,3.0444,monitor,Selected monitor because it maximized deterministic net value under current constraints.,0.0,0.0,30.0,[]
42,Southern Islands,Central,2026-04-19 17:00:00+08:00,0.4035,0.4035,medium,6,-0.16666667,1.5,critically low supply + peak hour,0.3439,low,3.0,0.11,low,watchlist,Heuristic baseline policy recommends watchlist monitoring because signals are elevated but not yet acute.,0.296,moderate,1,3.0444,monitor,Selected monitor because it maximized deterministic net value under current constraints.,0.0,0.0,30.0,[]
42,Southern Islands,Central,2026-04-19 20:00:00+08:00,0.7735,0.7735,high,6,-1.3333334,1.2,critically low supply + peak hour,0.2473,low,4.0,0.089,low,intervention,Heuristic baseline policy recommends intervention because depletion risk or imbalance is already high.,0.382,moderate,1,3.0444,monitor,Selected monitor because it maximized deterministic net value under current constraints.,0.0,0.0,30.0,[]
42,Southern Islands,Central,2026-04-20 05:00:00+08:00,0.7551,0.7551,high,4,-0.25,1.0,critically low supply,0.1023,low,3.0,0.0389,low,intervention,Heuristic baseline policy recommends intervention because depletion risk or imbalance is already high.,0.3103,moderate,1,3.0444,monitor,Selected monitor because it maximized deterministic net value under current constraints.,0.0,0.0,30.0,[]
42,Southern Islands,Central,2026-04-20 07:00:00+08:00,0.5465,0.5465,medium,2,0.0,0.5,critically low supply + below yesterday baseline + peak hour,0.3149,low,3.0,0.243,low,watchlist,Heuristic baseline policy recommends watchlist monitoring because signals are elevated but not yet acute.,0.3996,moderate,1,3.0444,monitor,Selected monitor because it maximized deterministic net value under current constraints.,0.0,0.0,30.0,[]
42,Southern Islands,Central,2026-04-20 09:00:00+08:00,0.5998,0.5998,medium,2,-0.5,0.5,critically low supply + below yesterday baseline + peak hour,0.3149,low,3.0,0.243,low,watchlist,Heuristic baseline policy recommends watchlist monitoring because signals are elevated but not yet acute.,0.4183,moderate,3,3.0444,monitor,Selected monitor because it maximized deterministic net value under current constraints.,0.0,0.0,30.0,[]
42,Southern Islands,Central,2026-04-20 10:00:00+08:00,0.4026,0.4026,medium,2,0.0,0.6666667,critically low supply + below yesterday baseline,0.2038,low,2.0,0.0897,low,watchlist,Heuristic baseline policy recommends watchlist monitoring because signals are elevated but not yet acute.,0.2326,low,0,3.0444,monitor,Selected monitor because it maximized deterministic net value under current constraints.,0.0,0.0,30.0,[]
42,Southern Islands,Central,2026-04-20 23:00:00+08:00,0.7633,0.7633,high,5,-2.0,1.0,critically low supply,0.0304,low,4.0,0.0119,low,intervention,Heuristic baseline policy recommends intervention because depletion risk or imbalance is already high.,0.2808,moderate,3,3.0444,monitor,Selected monitor because it maximized deterministic net value under current constraints.,0.0,0.0,30.0,[]
42,Southern Islands,Central,2026-04-21 00:00:00+08:00,0.4224,0.4224,medium,6,-0.16666667,1.2,critically low supply,0.015,low,4.0,0.0054,low,watchlist,Heuristic baseline policy recommends watchlist monitoring because signals are elevated but not yet acute.,0.1546,low,0,3.0444,monitor,Selected monitor because it maximized deterministic net value under current constraints.,0.0,0.0,30.0,[]
42,Southern Islands,Central,2026-04-21 17:00:00+08:00,0.7518,0.7518,high,6,-2.0,1.2,critically low supply + peak hour,0.3239,low,4.0,0.1166,low,intervention,Heuristic baseline policy recommends intervention because depletion risk or imbalance is already high.,0.4089,moderate,2,3.0444,monitor,Selected monitor because it maximized deterministic net value under current constraints.,0.0,0.0,30.0,[]
42,Southern Islands,Central,2026-04-22 00:00:00+08:00,0.504,0.504,medium,4,-0.25,1.3333334,critically low supply,0.015,low,2.0,0.0048,low,watchlist,Heuristic baseline policy recommends watchlist monitoring because signals are elevated but not yet acute.,0.1831,low,0,3.0444,monitor,Selected monitor because it maximized deterministic net value under current constraints.,0.0,0.0,30.0,[]
42,Southern Islands,Central,2026-04-22 08:00:00+08:00,0.6711,0.6711,medium,4,-0.6666667,1.3333334,critically low supply + peak hour,0.365,low,2.0,0.1168,low,watchlist,Heuristic baseline policy recommends watchlist monitoring because signals are elevated but not yet acute.,0.3991,moderate,1,3.0444,monitor,Selected monitor because it maximized deterministic net value under current constraints.,0.0,0.0,30.0,[]
42,Southern Islands,Central,2026-04-22 10:00:00+08:00,0.7651,0.7651,high,4,0.0,1.3333334,critically low supply,0.2038,low,2.0,0.0652,low,intervention,Heuristic baseline policy recommends intervention because depletion risk or imbalance is already high.,0.3595,moderate,2,3.0444,monitor,Selected monitor because it maximized deterministic net value under current constraints.,0.0,0.0,30.0,[]
42,Southern Islands,Central,2026-04-22 13:00:00+08:00,0.4823,0.4823,medium,4,-0.25,0.5714286,critically low supply + below yesterday baseline,0.0304,low,6.0,0.0837,low,watchlist,Heuristic baseline policy recommends watchlist monitoring because signals are elevated but not yet acute.,0.2492,low,0,3.0444,monitor,Selected monitor because it maximized deterministic net value under current constraints.,0.0,0.0,30.0,[]
42,Southern Islands,Central,2026-04-22 14:00:00+08:00,0.5612,0.5612,medium,7,-0.6,1.75,critically low supply,0.0624,low,3.0,0.0189,low,watchlist,Heuristic baseline policy recommends watchlist monitoring because signals are elevated but not yet acute.,0.2245,low,0,3.0444,monitor,Selected monitor because it maximized deterministic net value under current constraints.,0.0,0.0,30.0,[]
42,Southern Islands,Central,2026-04-22 23:00:00+08:00,0.5669,0.5669,medium,1,0.33333334,0.14285715,rapid depletion + sustained depletion + critically low supply + below yesterday baseline,0.0304,low,6.0,0.2165,low,watchlist,Heuristic baseline policy recommends watchlist monitoring because signals are elevated but not yet acute.,0.3788,moderate,1,3.0444,monitor,Selected monitor because it maximized deterministic net value under current constraints.,0.0,0.0,30.0,[]
42,Southern Islands,Central,2026-04-23 01:00:00+08:00,0.683,0.683,medium,5,-2.0,0.8333333,critically low supply,0.0152,low,5.0,0.0067,low,watchlist,Heuristic baseline policy recommends watchlist monitoring because signals are elevated but not yet acute.,0.2459,low,0,3.0444,monitor,Selected monitor because it maximized deterministic net value under current constraints.,0.0,0.0,30.0,[]
42,Southern Islands,Central,2026-04-23 11:00:00+08:00,0.715,0.715,high,7,-2.0,1.0,critically low supply,0.1023,low,6.0,0.0415,low,watchlist,Heuristic baseline policy recommends watchlist monitoring because signals are elevated but not yet acute.,0.2963,moderate,2,3.0444,monitor,Selected monitor because it maximized deterministic net value under current constraints.,0.0,0.0,30.0,[]
42,Southern Islands,Central,2026-04-24 01:00:00+08:00,0.4655,0.4655,medium,4,0.16666667,1.3333334,critically low supply,0.0152,low,2.0,0.0049,low,watchlist,Heuristic baseline policy recommends watchlist monitoring because signals are elevated but not yet acute.,0.1698,low,0,3.0444,monitor,Selected monitor because it maximized deterministic net value under current constraints.,0.0,0.0,30.0,[]
42,Southern Islands,Central,2026-04-24 14:00:00+08:00,0.8242,0.8242,high,6,-1.3333334,1.2,critically low supply,0.0624,low,4.0,0.0225,low,intervention,Heuristic baseline policy recommends intervention because depletion risk or imbalance is already high.,0.3165,moderate,1,3.0444,monitor,Selected monitor because it maximized deterministic net value under current constraints.,0.0,0.0,30.0,[]
42,Southern Islands,Central,2026-04-24 15:00:00+08:00,0.4988,0.4988,medium,6,0.0,0.75,critically low supply,0.1286,low,7.0,0.0903,low,watchlist,Heuristic baseline policy recommends watchlist monitoring because signals are elevated but not yet acute.,0.261,moderate,2,3.0444,monitor,Selected monitor because it maximized deterministic net value under current constraints.,0.0,0.0,30.0,[]
42,Southern Islands,Central,2026-04-25 00:00:00+08:00,0.8651,0.8651,high,4,-1.5,2.0,critically low supply,0.035,low,1.0,0.0091,low,intervention,Heuristic baseline policy recommends intervention because depletion risk or imbalance is already high.,0.3185,moderate,1,3.0444,monitor,Selected monitor because it maximized deterministic net value under current constraints.,0.0,0.0,30.0,[]
42,Southern Islands,Central,2026-04-25 03:00:00+08:00,0.5817,0.5817,medium,4,0.0,0.6666667,critically low supply + below yesterday baseline,0.0424,low,5.0,0.0612,low,watchlist,Heuristic baseline policy recommends watchlist monitoring because signals are elevated but not yet acute.,0.2627,moderate,2,3.0444,monitor,Selected monitor because it maximized deterministic net value under current constraints.,0.0,0.0,30.0,[]
42,Southern Islands,Central,2026-04-25 09:00:00+08:00,0.601,0.601,medium,5,-2.0,0.625,critically low supply + below yesterday baseline + peak hour,0.3349,low,7.0,0.2366,low,watchlist,Heuristic baseline policy recommends watchlist monitoring because signals are elevated but not yet acute.,0.4182,moderate,4,3.0444,monitor,Selected monitor because it maximized deterministic net value under current constraints.,0.0,0.0,30.0,[]
42,Southern Islands,Central,2026-04-25 10:00:00+08:00,0.6174,0.6174,medium,4,0.16666667,0.8,critically low supply,0.2238,low,4.0,0.0985,low,watchlist,Heuristic baseline policy recommends watchlist monitoring because signals are elevated but not yet acute.,0.3168,moderate,5,3.0444,monitor,Selected monitor because it maximized deterministic net value under current constraints.,0.0,0.0,30.0,[]
42,Southern Islands,Central,2026-04-25 13:00:00+08:00,0.5018,0.5018,medium,1,0.0,0.25,sustained depletion + critically low supply + below yesterday baseline,0.0504,low,3.0,0.1797,low,watchlist,Heuristic baseline policy recommends watchlist monitoring because signals are elevated but not yet acute.,0.3316,moderate,1,3.0444,monitor,Selected monitor because it maximized deterministic net value under current constraints.,0.0,0.0,30.0,[]
42,Southern Islands,Central,2026-04-25 14:00:00+08:00,0.4645,0.4645,medium,2,-0.5,0.33333334,critically low supply + below yesterday baseline,0.0824,low,5.0,0.1859,low,watchlist,Heuristic baseline policy recommends watchlist monitoring because signals are elevated but not yet acute.,0.3197,moderate,2,3.0444,monitor,Selected monitor because it maximized deterministic net value under current constraints.,0.0,0.0,30.0,[]
42,Southern Islands,Central,2026-04-25 15:00:00+08:00,0.7733,0.7733,high,6,-1.3333334,1.2,critically low supply,0.1486,low,4.0,0.0535,low,intervention,Heuristic baseline policy recommends intervention because depletion risk or imbalance is already high.,0.3375,moderate,3,3.0444,monitor,Selected monitor because it maximized deterministic net value under current constraints.,0.0,0.0,30.0,[]
42,Southern Islands,Central,2026-04-25 16:00:00+08:00,0.4831,0.4831,medium,6,0.0,3.0,critically low supply,0.2473,low,1.0,0.0594,low,watchlist,Heuristic baseline policy recommends watchlist monitoring because signals are elevated but not yet acute.,0.2804,moderate,4,3.0444,monitor,Selected monitor because it maximized deterministic net value under current constraints.,0.0,0.0,30.0,[]
42,Southern Islands,Central,2026-04-26 02:00:00+08:00,0.7699,0.7699,high,4,-0.25,0.5714286,critically low supply + below yesterday baseline,0.0364,low,6.0,0.0871,low,intervention,Heuristic baseline policy recommends intervention because depletion risk or imbalance is already high.,0.3525,moderate,1,3.0444,monitor,Selected monitor because it maximized deterministic net value under current constraints.,0.0,0.0,30.0,[]
42,Southern Islands,Central,2026-04-26 22:00:00+08:00,0.5971,0.5971,medium,4,-0.25,2.0,critically low supply,0.0824,low,1.0,0.0214,low,watchlist,Heuristic baseline policy recommends watchlist monitoring because signals are elevated but not yet acute.,0.2461,low,0,3.0444,monitor,Selected monitor because it maximized deterministic net value under current constraints.,0.0,0.0,30.0,[]
42,Southern Islands,Central,2026-04-27 00:00:00+08:00,0.6935,0.6935,medium,4,-0.25,0.5714286,critically low supply + below yesterday baseline,0.015,low,6.0,0.0751,low,watchlist,Heuristic baseline policy recommends watchlist monitoring because signals are elevated but not yet acute.,0.3161,moderate,1,3.0444,monitor,Selected monitor because it maximized deterministic net value under current constraints.,0.0,0.0,30.0,[]
42,Southern Islands,Central,2026-04-27 10:00:00+08:00,0.6671,0.6671,medium,2,0.0,0.22222222,critically low supply + below yesterday baseline,0.2038,low,8.0,0.3864,low,watchlist,Heuristic baseline policy recommends watchlist monitoring because signals are elevated but not yet acute.,0.4752,moderate,3,3.0444,monitor,Selected monitor because it maximized deterministic net value under current constraints.,0.0,0.0,30.0,[]
42,Southern Islands,Central,2026-04-27 15:00:00+08:00,0.4212,0.4212,medium,2,0.0,0.4,critically low supply + below yesterday baseline,0.1286,low,4.0,0.1874,low,watchlist,Heuristic baseline policy recommends watchlist monitoring because signals are elevated but not yet acute.,0.3053,moderate,4,3.0444,monitor,Selected monitor because it maximized deterministic net value under current constraints.,0.0,0.0,30.0,[]
42,Southern Islands,Central,2026-04-27 16:00:00+08:00,0.417,0.417,medium,4,-0.6666667,1.3333334,critically low supply,0.2273,low,2.0,0.0727,low,watchlist,Heuristic baseline policy recommends watchlist monitoring because signals are elevated but not yet acute.,0.2482,low,0,3.0444,monitor,Selected monitor because it maximized deterministic net value under current constraints.,0.0,0.0,30.0,[]
42,Southern Islands,Central,2026-04-27 17:00:00+08:00,0.4014,0.4014,medium,5,-0.2,1.0,critically low supply + peak hour,0.3239,low,4.0,0.127,low,watchlist,Heuristic baseline policy recommends watchlist monitoring because signals are elevated but not yet acute.,0.2862,moderate,1,3.0444,monitor,Selected monitor because it maximized deterministic net value under current constraints.,0.0,0.0,30.0,[]
42,Southern Islands,Central,2026-04-27 22:00:00+08:00,0.4939,0.4939,medium,2,0.0,0.6666667,critically low supply + below yesterday baseline,0.0624,low,2.0,0.0275,low,watchlist,Heuristic baseline policy recommends watchlist monitoring because signals are elevated but not yet acute.,0.2009,low,0,3.0444,monitor,Selected monitor because it maximized deterministic net value under current constraints.,0.0,0.0,30.0,[]
42,Southern Islands,Central,2026-04-28 08:00:00+08:00,0.4295,0.4295,medium,1,-1.0,0.25,critically low supply + below yesterday baseline + peak hour,0.365,low,3.0,0.4691,medium,watchlist,Heuristic baseline policy recommends watchlist monitoring because signals are elevated but not yet acute.,0.4479,moderate,4,3.0444,monitor,Selected monitor because it maximized deterministic net value under current constraints.,0.0,0.0,30.0,[]
42,Southern Islands,Central,2026-04-28 09:00:00+08:00,0.6432,0.6432,medium,2,-0.5,0.5,critically low supply + below yesterday baseline + peak hour,0.3149,low,3.0,0.243,low,watchlist,Heuristic baseline policy recommends watchlist monitoring because signals are elevated but not yet acute.,0.4335,moderate,5,3.0444,monitor,Selected monitor because it maximized deterministic net value under current constraints.,0.0,0.0,30.0,[]
42,Southern Islands,Central,2026-04-28 10:00:00+08:00,0.5341,0.5341,medium,2,0.0,0.4,critically low supply + below yesterday baseline,0.2038,low,4.0,0.2386,low,watchlist,Heuristic baseline policy recommends watchlist monitoring because signals are elevated but not yet acute.,0.3786,moderate,6,3.0444,monitor,Selected monitor because it maximized deterministic net value under current constraints.,0.0,0.0,30.0,[]
42,Southern Islands,Central,2026-04-28 17:00:00+08:00,0.6066,0.6066,medium,3,-0.33333334,0.75,critically low supply + peak hour,0.3239,low,3.0,0.1425,low,watchlist,Heuristic baseline policy recommends watchlist monitoring because signals are elevated but not yet acute.,0.3581,moderate,7,3.0444,monitor,Selected monitor because it maximized deterministic net value under current constraints.,0.0,0.0,30.0,[]
42,Southern Islands,Central,2026-04-29 02:00:00+08:00,0.814,0.814,high,4,-2.0,1.3333334,critically low supply,0.0164,low,2.0,0.0052,low,intervention,Heuristic baseline policy recommends intervention because depletion risk or imbalance is already high.,0.2923,moderate,1,3.0444,monitor,Selected monitor because it maximized deterministic net value under current constraints.,0.0,0.0,30.0,[]
42,Southern Islands,Central,2026-04-29 18:00:00+08:00,0.6509,0.6509,medium,2,-2.0,0.4,critically low supply + below yesterday baseline + peak hour,0.365,low,4.0,0.3482,low,watchlist,Heuristic baseline policy recommends watchlist monitoring because signals are elevated but not yet acute.,0.4921,moderate,5,3.0444,monitor,Selected monitor because it maximized deterministic net value under current constraints.,0.0,0.0,30.0,[]
42,Southern Islands,Central,2026-04-29 19:00:00+08:00,0.7288,0.7288,high,3,-0.33333334,0.75,critically low supply + peak hour,0.3239,low,3.0,0.1425,low,watchlist,Heuristic baseline policy recommends watchlist monitoring because signals are elevated but not yet acute.,0.4008,moderate,6,3.0444,monitor,Selected monitor because it maximized deterministic net value under current constraints.,0.0,0.0,30.0,[]
42,Southern Islands,Central,2026-04-30 01:00:00+08:00,0.9241,0.9241,high,6,-1.3333334,2.0,critically low supply,0.0152,low,2.0,0.0043,low,intervention,Heuristic baseline policy recommends intervention because depletion risk or imbalance is already high.,0.3303,moderate,1,3.0444,monitor,Selected monitor because it maximized deterministic net value under current constraints.,0.0,0.0,30.0,[]
42,Southern Islands,Central,2026-04-30 04:00:00+08:00,0.6626,0.6626,medium,2,0.0,0.33333334,sustained depletion + critically low supply + below yesterday baseline,0.0446,low,5.0,0.1557,low,watchlist,Heuristic baseline policy recommends watchlist monitoring because signals are elevated but not yet acute.,0.372,moderate,1,3.0444,monitor,Selected monitor because it maximized deterministic net value under current constraints.,0.0,0.0,30.0,[]
42,Southern Islands,Central,2026-04-30 05:00:00+08:00,0.5737,0.5737,medium,4,-0.6666667,0.8,critically low supply,0.1023,low,4.0,0.045,low,watchlist,Heuristic baseline policy recommends watchlist monitoring because signals are elevated but not yet acute.,0.2468,low,0,3.0444,monitor,Selected monitor because it maximized deterministic net value under current constraints.,0.0,0.0,30.0,[]
42,Southern Islands,Central,2026-04-30 10:00:00+08:00,0.8088,0.8088,high,5,-1.0,1.6666666,critically low supply,0.2038,low,2.0,0.0603,low,intervention,Heuristic baseline policy recommends intervention because depletion risk or imbalance is already high.,0.3748,moderate,1,3.0444,monitor,Selected monitor because it maximized deterministic net value under current constraints.,0.0,0.0,30.0,[]
42,Southern Islands,Central,2026-04-30 11:00:00+08:00,0.4029,0.4029,medium,10,-0.8333333,5.0,low supply,0.1023,low,1.0,0.0229,low,watchlist,Heuristic baseline policy recommends watchlist monitoring because signals are elevated but not yet acute.,0.1871,low,0,3.0444,monitor,Selected monitor because it maximized deterministic net value under current constraints.,0.0,0.0,30.0,[]
42,Southern Islands,Central,2026-04-30 14:00:00+08:00,0.5916,0.5916,medium,12,-0.18181819,4.0,low supply,0.0624,low,2.0,0.015,low,watchlist,Heuristic baseline policy recommends watchlist monitoring because signals are elevated but not yet acute.,0.2351,low,0,3.0444,monitor,Selected monitor because it maximized deterministic net value under current constraints.,0.0,0.0,30.0,[]
42,Southern Islands,Central,2026-05-01 02:00:00+08:00,0.7856,0.7856,high,2,-2.0,0.6666667,critically low supply + below yesterday baseline + public holiday,0.0164,low,2.0,0.0072,low,intervention,Heuristic baseline policy recommends intervention because depletion risk or imbalance is already high.,0.2823,moderate,1,3.0444,monitor,Selected monitor because it maximized deterministic net value under current constraints.,0.0,0.0,30.0,[]
42,Southern Islands,Central,2026-05-01 03:00:00+08:00,0.8729,0.8729,high,3,-0.33333334,1.5,critically low supply + public holiday,0.0224,low,1.0,0.0063,low,intervention,Heuristic baseline policy recommends intervention because depletion risk or imbalance is already high.,0.3156,moderate,2,3.0444,monitor,Selected monitor because it maximized deterministic net value under current constraints.,0.0,0.0,30.0,[]
42,Southern Islands,Central,2026-05-01 05:00:00+08:00,0.4779,0.4779,medium,2,-2.0,0.4,critically low supply + below yesterday baseline + public holiday,0.1023,low,4.0,0.1696,low,watchlist,Heuristic baseline policy recommends watchlist monitoring because signals are elevated but not yet acute.,0.3133,moderate,1,3.0444,monitor,Selected monitor because it maximized deterministic net value under current constraints.,0.0,0.0,30.0,[]
42,Southern Islands,Central,2026-05-01 10:00:00+08:00,0.9676,0.9676,high,3,-2.0,1.5,critically low supply + public holiday,0.2038,low,1.0,0.0571,low,intervention,Heuristic baseline policy recommends intervention because depletion risk or imbalance is already high.,0.4304,moderate,3,3.0444,monitor,Selected monitor because it maximized deterministic net value under current constraints.,0.0,0.0,30.0,[]
42,Southern Islands,Central,2026-05-02 04:00:00+08:00,0.8658,0.8658,high,4,-0.25,4.0,critically low supply,0.0646,low,0.0,0.0284,low,intervention,Heuristic baseline policy recommends intervention because depletion risk or imbalance is already high.,0.3321,moderate,1,3.0444,monitor,Selected monitor because it maximized deterministic net value under current constraints.,0.0,0.0,30.0,[]
42,Southern Islands,Central,2026-05-02 08:00:00+08:00,0.9236,0.9236,high,3,-2.0,3.0,critically low supply + peak hour,0.385,low,0.0,0.1694,low,intervention,Heuristic baseline policy recommends intervention because depletion risk or imbalance is already high.,0.4965,moderate,2,3.0444,monitor,Selected monitor because it maximized deterministic net value under current constraints.,0.0,0.0,30.0,[]
43,Straits View,Central,2026-04-16 10:00:00+08:00,0.9901,0.9901,high,42,-2.0,5.0,normal conditions,0.2038,low,0.9306,0.0419,low,intervention,Heuristic baseline policy recommends intervention because depletion risk or imbalance is already high.,0.4382,moderate,1,4.6563,monitor,Selected monitor because it maximized deterministic net value under current constraints.,0.0,0.0,30.0,[]
43,Straits View,Central,2026-04-17 13:00:00+08:00,0.6979,0.6979,medium,5,-0.5,2.5899282,critically low supply,0.0304,low,0.9306,0.0075,low,watchlist,Heuristic baseline policy recommends watchlist monitoring because signals are elevated but not yet acute.,0.2579,moderate,1,4.6563,monitor,Selected monitor because it maximized deterministic net value under current constraints.,0.0,0.0,30.0,[]
43,Straits View,Central,2026-04-17 14:00:00+08:00,0.7598,0.7598,high,2,0.5,1.0359712,rapid depletion + sustained depletion + critically low supply,0.0624,low,0.9306,0.02,low,intervention,Heuristic baseline policy recommends intervention because depletion risk or imbalance is already high.,0.294,moderate,2,4.6563,monitor,Selected monitor because it maximized deterministic net value under current constraints.,0.0,0.0,30.0,[]
43,Straits View,Central,2026-04-17 15:00:00+08:00,0.8427,0.8427,high,2,0.0,1.0359712,sustained depletion + critically low supply,0.1286,low,0.9306,0.0412,low,intervention,Heuristic baseline policy recommends intervention because depletion risk or imbalance is already high.,0.3528,moderate,3,4.6563,monitor,Selected monitor because it maximized deterministic net value under current constraints.,0.0,0.0,30.0,[]
43,Straits View,Central,2026-04-17 20:00:00+08:00,0.7674,0.7674,high,1,0.0,0.5179856,critically low supply + below yesterday baseline + peak hour,0.2273,low,0.9306,0.1,low,intervention,Heuristic baseline policy recommends intervention because depletion risk or imbalance is already high.,0.3709,moderate,1,4.6563,monitor,Selected monitor because it maximized deterministic net value under current constraints.,0.0,0.0,30.0,[]
43,Straits View,Central,2026-04-18 12:00:00+08:00,0.4809,0.4809,medium,1,-1.0,0.5179856,critically low supply + below yesterday baseline,0.0646,low,0.9306,0.0284,low,watchlist,Heuristic baseline policy recommends watchlist monitoring because signals are elevated but not yet acute.,0.1974,low,0,4.6563,monitor,Selected monitor because it maximized deterministic net value under current constraints.,0.0,0.0,30.0,[]
43,Straits View,Central,2026-04-18 13:00:00+08:00,0.8043,0.8043,high,1,0.0,1.0,critically low supply,0.0504,low,0.0,0.0222,low,intervention,Heuristic baseline policy recommends intervention because depletion risk or imbalance is already high.,0.3042,moderate,1,4.6563,monitor,Selected monitor because it maximized deterministic net value under current constraints.,0.0,0.0,30.0,[]
43,Straits View,Central,2026-04-18 16:00:00+08:00,0.6617,0.6617,medium,1,-1.0,0.25,critically low supply + below yesterday baseline,0.2473,low,3.0,0.3608,low,watchlist,Heuristic baseline policy recommends watchlist monitoring because signals are elevated but not yet acute.,0.4762,moderate,2,4.6563,monitor,Selected monitor because it maximized deterministic net value under current constraints.,0.0,0.0,30.0,[]
43,Straits View,Central,2026-04-18 23:00:00+08:00,0.8538,0.8538,high,1,-1.0,0.33333334,critically low supply + below yesterday baseline,0.0504,low,2.0,0.1343,low,intervention,Heuristic baseline policy recommends intervention because depletion risk or imbalance is already high.,0.4215,moderate,1,4.6563,monitor,Selected monitor because it maximized deterministic net value under current constraints.,0.0,0.0,30.0,[]
43,Straits View,Central,2026-04-19 12:00:00+08:00,0.4484,0.4484,medium,1,-1.0,1.0,critically low supply,0.0646,low,0.0,0.0284,low,watchlist,Heuristic baseline policy recommends watchlist monitoring because signals are elevated but not yet acute.,0.186,low,0,4.6563,monitor,Selected monitor because it maximized deterministic net value under current constraints.,0.0,0.0,30.0,[]
43,Straits View,Central,2026-04-19 13:00:00+08:00,0.8043,0.8043,high,1,0.0,1.0,critically low supply,0.0504,low,0.0,0.0222,low,intervention,Heuristic baseline policy recommends intervention because depletion risk or imbalance is already high.,0.3042,moderate,1,4.6563,monitor,Selected monitor because it maximized deterministic net value under current constraints.,0.0,0.0,30.0,[]
43,Straits View,Central,2026-04-19 14:00:00+08:00,0.8031,0.8031,high,2,-0.5,2.0,critically low supply,0.0824,low,0.0,0.0363,low,intervention,Heuristic baseline policy recommends intervention because depletion risk or imbalance is already high.,0.3182,moderate,2,4.6563,monitor,Selected monitor because it maximized deterministic net value under current constraints.,0.0,0.0,30.0,[]
43,Straits View,Central,2026-04-19 16:00:00+08:00,0.4227,0.4227,medium,1,0.33333334,1.0,rapid depletion + critically low supply,0.2473,low,0.0,0.1088,low,watchlist,Heuristic baseline policy recommends watchlist monitoring because signals are elevated but not yet acute.,0.2592,moderate,3,4.6563,monitor,Selected monitor because it maximized deterministic net value under current constraints.,0.0,0.0,30.0,[]
43,Straits View,Central,2026-04-19 18:00:00+08:00,0.4684,0.4684,medium,1,-1.0,1.0,critically low supply + peak hour,0.385,low,0.0,0.1694,low,watchlist,Heuristic baseline policy recommends watchlist monitoring because signals are elevated but not yet acute.,0.3372,moderate,5,4.6563,monitor,Selected monitor because it maximized deterministic net value under current constraints.,0.0,0.0,30.0,[]
43,Straits View,Central,2026-04-19 21:00:00+08:00,0.8373,0.8373,high,1,-1.0,0.5,critically low supply + below yesterday baseline,0.1486,low,1.0,0.0654,low,intervention,Heuristic baseline policy recommends intervention because depletion risk or imbalance is already high.,0.3599,moderate,8,4.6563,monitor,Selected monitor because it maximized deterministic net value under current constraints.,0.0,0.0,30.0,[]
43,Straits View,Central,2026-04-20 05:00:00+08:00,0.9783,0.9783,high,2,-2.0,2.0,critically low supply,0.1023,low,0.0,0.045,low,intervention,Heuristic baseline policy recommends intervention because depletion risk or imbalance is already high.,0.3884,moderate,1,4.6563,monitor,Selected monitor because it maximized deterministic net value under current constraints.,0.0,0.0,30.0,[]
43,Straits View,Central,2026-04-20 06:00:00+08:00,0.9098,0.9098,high,2,0.0,2.0,critically low supply,0.2038,low,0.0,0.0897,low,intervention,Heuristic baseline policy recommends intervention because depletion risk or imbalance is already high.,0.4101,moderate,2,4.6563,monitor,Selected monitor because it maximized deterministic net value under current constraints.,0.0,0.0,30.0,[]
43,Straits View,Central,2026-04-20 07:00:00+08:00,0.8166,0.8166,high,4,-0.6666667,4.0,critically low supply + peak hour,0.3149,low,0.0,0.1386,low,intervention,Heuristic baseline policy recommends intervention because depletion risk or imbalance is already high.,0.4275,moderate,3,4.6563,monitor,Selected monitor because it maximized deterministic net value under current constraints.,0.0,0.0,30.0,[]
43,Straits View,Central,2026-04-20 08:00:00+08:00,0.5513,0.5513,medium,1,0.6,1.0,rapid depletion + sustained depletion + critically low supply + peak hour,0.365,low,0.0,0.1606,low,watchlist,Heuristic baseline policy recommends watchlist monitoring because signals are elevated but not yet acute.,0.3572,moderate,4,4.6563,monitor,Selected monitor because it maximized deterministic net value under current constraints.,0.0,0.0,30.0,[]
43,Straits View,Central,2026-04-20 09:00:00+08:00,0.9776,0.9776,high,7,-2.0,5.0,critically low supply + peak hour,0.3149,low,0.0,0.1386,low,intervention,Heuristic baseline policy recommends intervention because depletion risk or imbalance is already high.,0.4839,moderate,5,4.6563,monitor,Selected monitor because it maximized deterministic net value under current constraints.,0.0,0.0,30.0,[]
43,Straits View,Central,2026-04-20 10:00:00+08:00,0.8354,0.8354,high,4,0.375,4.0,rapid depletion + critically low supply,0.2038,low,0.0,0.0897,low,intervention,Heuristic baseline policy recommends intervention because depletion risk or imbalance is already high.,0.3841,moderate,6,4.6563,monitor,Selected monitor because it maximized deterministic net value under current constraints.,0.0,0.0,30.0,[]
43,Straits View,Central,2026-04-20 11:00:00+08:00,0.4979,0.4979,medium,1,0.6,1.0,rapid depletion + sustained depletion + critically low supply,0.1023,low,0.0,0.045,low,watchlist,Heuristic baseline policy recommends watchlist monitoring because signals are elevated but not yet acute.,0.2203,low,0,4.6563,monitor,Selected monitor because it maximized deterministic net value under current constraints.,0.0,0.0,30.0,[]
43,Straits View,Central,2026-04-20 12:00:00+08:00,0.7235,0.7235,high,2,-0.5,2.0,sustained depletion + critically low supply,0.0446,low,0.0,0.0196,low,watchlist,Heuristic baseline policy recommends watchlist monitoring because signals are elevated but not yet acute.,0.2733,moderate,1,4.6563,monitor,Selected monitor because it maximized deterministic net value under current constraints.,0.0,0.0,30.0,[]
43,Straits View,Central,2026-04-20 14:00:00+08:00,0.5198,0.5198,medium,1,-1.0,0.5,critically low supply + below yesterday baseline,0.0624,low,1.0,0.0275,low,watchlist,Heuristic baseline policy recommends watchlist monitoring because signals are elevated but not yet acute.,0.21,low,0,4.6563,monitor,Selected monitor because it maximized deterministic net value under current constraints.,0.0,0.0,30.0,[]
43,Straits View,Central,2026-04-21 05:00:00+08:00,0.7431,0.7431,high,1,-1.0,1.0,critically low supply,0.1023,low,0.0,0.045,low,watchlist,Heuristic baseline policy recommends watchlist monitoring because signals are elevated but not yet acute.,0.3061,moderate,1,4.6563,monitor,Selected monitor because it maximized deterministic net value under current constraints.,0.0,0.0,30.0,[]
43,Straits View,Central,2026-04-21 11:00:00+08:00,0.7301,0.7301,high,1,0.0,1.0,critically low supply,0.1023,low,0.0,0.045,low,watchlist,Heuristic baseline policy recommends watchlist monitoring because signals are elevated but not yet acute.,0.3016,moderate,2,4.6563,monitor,Selected monitor because it maximized deterministic net value under current constraints.,0.0,0.0,30.0,[]
43,Straits View,Central,2026-04-21 17:00:00+08:00,0.4852,0.4852,medium,1,0.0,0.33333334,critically low supply + below yesterday baseline + peak hour,0.3239,low,2.0,0.3203,low,watchlist,Heuristic baseline policy recommends watchlist monitoring because signals are elevated but not yet acute.,0.4156,moderate,3,4.6563,monitor,Selected monitor because it maximized deterministic net value under current constraints.,0.0,0.0,30.0,[]
43,Straits View,Central,2026-04-22 10:00:00+08:00,0.8982,0.8982,high,1,-1.0,0.2,critically low supply + below yesterday baseline,0.2038,low,4.0,0.3864,low,intervention,Heuristic baseline policy recommends intervention because depletion risk or imbalance is already high.,0.5561,high,2,4.6563,driver_comms,Selected driver_comms because it maximized deterministic net value under current constraints.,0.1,0.0111,30.0,[]
43,Straits View,Central,2026-04-22 11:00:00+08:00,0.768,0.768,high,1,0.0,0.5,critically low supply + below yesterday baseline,0.1023,low,1.0,0.045,low,intervention,Heuristic baseline policy recommends intervention because depletion risk or imbalance is already high.,0.3148,moderate,3,4.6563,monitor,Selected monitor because it maximized deterministic net value under current constraints.,0.0,0.0,30.0,[]
43,Straits View,Central,2026-04-22 14:00:00+08:00,0.8808,0.8808,high,1,-1.0,0.5,critically low supply + below yesterday baseline,0.0624,low,1.0,0.0275,low,intervention,Heuristic baseline policy recommends intervention because depletion risk or imbalance is already high.,0.3364,moderate,1,4.6563,monitor,Selected monitor because it maximized deterministic net value under current constraints.,0.0,0.0,30.0,[]
43,Straits View,Central,2026-04-22 19:00:00+08:00,0.6465,0.6465,medium,1,-1.0,1.0,critically low supply + peak hour,0.3239,low,0.0,0.1425,low,watchlist,Heuristic baseline policy recommends watchlist monitoring because signals are elevated but not yet acute.,0.372,moderate,6,4.6563,monitor,Selected monitor because it maximized deterministic net value under current constraints.,0.0,0.0,30.0,[]
43,Straits View,Central,2026-04-23 07:00:00+08:00,0.9818,0.9818,high,7,-2.0,5.0,critically low supply + peak hour,0.3149,low,0.0,0.1386,low,intervention,Heuristic baseline policy recommends intervention because depletion risk or imbalance is already high.,0.4853,moderate,1,4.6563,monitor,Selected monitor because it maximized deterministic net value under current constraints.,0.0,0.0,30.0,[]
43,Straits View,Central,2026-04-24 10:00:00+08:00,0.833,0.833,high,1,-1.0,0.5,critically low supply + below yesterday baseline,0.2038,low,1.0,0.0897,low,intervention,Heuristic baseline policy recommends intervention because depletion risk or imbalance is already high.,0.3833,moderate,2,4.6563,monitor,Selected monitor because it maximized deterministic net value under current constraints.,0.0,0.0,30.0,[]
43,Straits View,Central,2026-04-24 11:00:00+08:00,0.7367,0.7367,high,1,0.0,0.5,critically low supply + below yesterday baseline,0.1023,low,1.0,0.045,low,watchlist,Heuristic baseline policy recommends watchlist monitoring because signals are elevated but not yet acute.,0.3039,moderate,3,4.6563,monitor,Selected monitor because it maximized deterministic net value under current constraints.,0.0,0.0,30.0,[]
43,Straits View,Central,2026-04-24 14:00:00+08:00,0.935,0.935,high,2,-2.0,2.0,critically low supply,0.0624,low,0.0,0.0275,low,intervention,Heuristic baseline policy recommends intervention because depletion risk or imbalance is already high.,0.3553,moderate,1,4.6563,monitor,Selected monitor because it maximized deterministic net value under current constraints.,0.0,0.0,30.0,[]
43,Straits View,Central,2026-04-24 15:00:00+08:00,0.898,0.898,high,2,0.0,1.0,critically low supply,0.1286,low,1.0,0.0412,low,intervention,Heuristic baseline policy recommends intervention because depletion risk or imbalance is already high.,0.3722,moderate,2,4.6563,monitor,Selected monitor because it maximized deterministic net value under current constraints.,0.0,0.0,30.0,[]
43,Straits View,Central,2026-04-24 16:00:00+08:00,0.5811,0.5811,medium,1,0.33333334,1.0,rapid depletion + critically low supply,0.2273,low,0.0,0.1,low,watchlist,Heuristic baseline policy recommends watchlist monitoring because signals are elevated but not yet acute.,0.3057,moderate,3,4.6563,monitor,Selected monitor because it maximized deterministic net value under current constraints.,0.0,0.0,30.0,[]
43,Straits View,Central,2026-04-24 18:00:00+08:00,0.4656,0.4656,medium,1,0.0,1.0,critically low supply + peak hour,0.365,low,0.0,0.1606,low,watchlist,Heuristic baseline policy recommends watchlist monitoring because signals are elevated but not yet acute.,0.3272,moderate,1,4.6563,monitor,Selected monitor because it maximized deterministic net value under current constraints.,0.0,0.0,30.0,[]
43,Straits View,Central,2026-04-25 11:00:00+08:00,0.5981,0.5981,medium,1,-1.0,1.0,critically low supply,0.1223,low,0.0,0.0538,low,watchlist,Heuristic baseline policy recommends watchlist monitoring because signals are elevated but not yet acute.,0.2644,moderate,4,4.6563,monitor,Selected monitor because it maximized deterministic net value under current constraints.,0.0,0.0,30.0,[]
43,Straits View,Central,2026-04-25 13:00:00+08:00,0.6498,0.6498,medium,1,-1.0,1.0,critically low supply,0.0504,low,0.0,0.0222,low,watchlist,Heuristic baseline policy recommends watchlist monitoring because signals are elevated but not yet acute.,0.2501,moderate,1,4.6563,monitor,Selected monitor because it maximized deterministic net value under current constraints.,0.0,0.0,30.0,[]
43,Straits View,Central,2026-04-25 16:00:00+08:00,0.6787,0.6787,medium,1,-1.0,1.0,critically low supply,0.2473,low,0.0,0.1088,low,watchlist,Heuristic baseline policy recommends watchlist monitoring because signals are elevated but not yet acute.,0.3488,moderate,2,4.6563,monitor,Selected monitor because it maximized deterministic net value under current constraints.,0.0,0.0,30.0,[]
43,Straits View,Central,2026-04-25 17:00:00+08:00,0.5328,0.5328,medium,1,0.0,0.5,critically low supply + below yesterday baseline + peak hour,0.3439,low,1.0,0.1513,low,watchlist,Heuristic baseline policy recommends watchlist monitoring because signals are elevated but not yet acute.,0.3412,moderate,3,4.6563,monitor,Selected monitor because it maximized deterministic net value under current constraints.,0.0,0.0,30.0,[]
43,Straits View,Central,2026-04-26 11:00:00+08:00,0.5981,0.5981,medium,1,-1.0,1.0,critically low supply,0.1223,low,0.0,0.0538,low,watchlist,Heuristic baseline policy recommends watchlist monitoring because signals are elevated but not yet acute.,0.2644,moderate,1,4.6563,monitor,Selected monitor because it maximized deterministic net value under current constraints.,0.0,0.0,30.0,[]
43,Straits View,Central,2026-04-26 12:00:00+08:00,0.5276,0.5276,medium,1,0.0,1.0,critically low supply,0.0646,low,0.0,0.0284,low,watchlist,Heuristic baseline policy recommends watchlist monitoring because signals are elevated but not yet acute.,0.2137,low,0,4.6563,monitor,Selected monitor because it maximized deterministic net value under current constraints.,0.0,0.0,30.0,[]
43,Straits View,Central,2026-04-26 13:00:00+08:00,0.9265,0.9265,high,6,-2.0,5.0,critically low supply,0.0504,low,0.0,0.0222,low,intervention,Heuristic baseline policy recommends intervention because depletion risk or imbalance is already high.,0.347,moderate,1,4.6563,monitor,Selected monitor because it maximized deterministic net value under current constraints.,0.0,0.0,30.0,[]
43,Straits View,Central,2026-04-26 14:00:00+08:00,0.5488,0.5488,medium,1,0.71428573,1.0,rapid depletion + sustained depletion + critically low supply,0.0824,low,0.0,0.0363,low,watchlist,Heuristic baseline policy recommends watchlist monitoring because signals are elevated but not yet acute.,0.2292,low,0,4.6563,monitor,Selected monitor because it maximized deterministic net value under current constraints.,0.0,0.0,30.0,[]
43,Straits View,Central,2026-04-26 15:00:00+08:00,0.5271,0.5271,medium,1,0.0,1.0,sustained depletion + critically low supply,0.1486,low,0.0,0.0654,low,watchlist,Heuristic baseline policy recommends watchlist monitoring because signals are elevated but not yet acute.,0.2514,moderate,1,4.6563,monitor,Selected monitor because it maximized deterministic net value under current constraints.,0.0,0.0,30.0,[]
43,Straits View,Central,2026-04-26 16:00:00+08:00,0.5394,0.5394,medium,1,0.0,1.0,sustained depletion + critically low supply,0.2473,low,0.0,0.1088,low,watchlist,Heuristic baseline policy recommends watchlist monitoring because signals are elevated but not yet acute.,0.3001,moderate,2,4.6563,monitor,Selected monitor because it maximized deterministic net value under current constraints.,0.0,0.0,30.0,[]
43,Straits View,Central,2026-04-26 19:00:00+08:00,0.4989,0.4989,medium,1,-1.0,1.0,critically low supply + peak hour,0.3439,low,0.0,0.1513,low,watchlist,Heuristic baseline policy recommends watchlist monitoring because signals are elevated but not yet acute.,0.3294,moderate,5,4.6563,monitor,Selected monitor because it maximized deterministic net value under current constraints.,0.0,0.0,30.0,[]
43,Straits View,Central,2026-04-26 20:00:00+08:00,0.731,0.731,high,1,0.0,0.5,critically low supply + below yesterday baseline + peak hour,0.2473,low,1.0,0.1088,low,watchlist,Heuristic baseline policy recommends watchlist monitoring because signals are elevated but not yet acute.,0.3671,moderate,6,4.6563,monitor,Selected monitor because it maximized deterministic net value under current constraints.,0.0,0.0,30.0,[]
43,Straits View,Central,2026-04-26 22:00:00+08:00,0.7661,0.7661,high,1,-1.0,0.5,critically low supply + below yesterday baseline,0.0824,low,1.0,0.0363,low,intervention,Heuristic baseline policy recommends intervention because depletion risk or imbalance is already high.,0.3052,moderate,8,4.6563,monitor,Selected monitor because it maximized deterministic net value under current constraints.,0.0,0.0,30.0,[]
43,Straits View,Central,2026-04-26 23:00:00+08:00,0.8235,0.8235,high,1,0.0,1.0,critically low supply,0.0504,low,0.0,0.0222,low,intervention,Heuristic baseline policy recommends intervention because depletion risk or imbalance is already high.,0.3109,moderate,9,4.6563,monitor,Selected monitor because it maximized deterministic net value under current constraints.,0.0,0.0,30.0,[]
43,Straits View,Central,2026-04-27 00:00:00+08:00,0.722,0.722,high,1,0.0,1.0,critically low supply,0.015,low,0.0,0.0066,low,watchlist,Heuristic baseline policy recommends watchlist monitoring because signals are elevated but not yet acute.,0.2594,moderate,10,4.6563,monitor,Selected monitor because it maximized deterministic net value under current constraints.,0.0,0.0,30.0,[]
43,Straits View,Central,2026-04-27 06:00:00+08:00,0.9787,0.9787,high,8,-2.0,4.0,critically low supply,0.2038,low,1.0,0.0469,low,intervention,Heuristic baseline policy recommends intervention because depletion risk or imbalance is already high.,0.4343,moderate,11,4.6563,monitor,Selected monitor because it maximized deterministic net value under current constraints.,0.0,0.0,30.0,[]
43,Straits View,Central,2026-04-27 10:00:00+08:00,0.8729,0.8729,high,4,0.44444445,2.0,rapid depletion + critically low supply,0.2038,low,1.0,0.053,low,intervention,Heuristic baseline policy recommends intervention because depletion risk or imbalance is already high.,0.3972,moderate,12,4.6563,monitor,Selected monitor because it maximized deterministic net value under current constraints.,0.0,0.0,30.0,[]
43,Straits View,Central,2026-04-27 15:00:00+08:00,0.4407,0.4407,medium,1,0.6,1.0,rapid depletion + sustained depletion + critically low supply,0.1286,low,0.0,0.0566,low,watchlist,Heuristic baseline policy recommends watchlist monitoring because signals are elevated but not yet acute.,0.2121,low,0,4.6563,monitor,Selected monitor because it maximized deterministic net value under current constraints.,0.0,0.0,30.0,[]
43,Straits View,Central,2026-04-28 04:00:00+08:00,0.7873,0.7873,high,1,-1.0,0.5,critically low supply + below yesterday baseline,0.0446,low,1.0,0.0196,low,intervention,Heuristic baseline policy recommends intervention because depletion risk or imbalance is already high.,0.2956,moderate,1,4.6563,monitor,Selected monitor because it maximized deterministic net value under current constraints.,0.0,0.0,30.0,[]
43,Straits View,Central,2026-04-28 06:00:00+08:00,0.7061,0.7061,high,1,-1.0,1.0,critically low supply,0.2038,low,0.0,0.0897,low,watchlist,Heuristic baseline policy recommends watchlist monitoring because signals are elevated but not yet acute.,0.3388,moderate,3,4.6563,monitor,Selected monitor because it maximized deterministic net value under current constraints.,0.0,0.0,30.0,[]
43,Straits View,Central,2026-04-28 07:00:00+08:00,0.9042,0.9042,high,3,-1.0,1.5,critically low supply + peak hour,0.3149,low,1.0,0.0882,low,intervention,Heuristic baseline policy recommends intervention because depletion risk or imbalance is already high.,0.4582,moderate,4,4.6563,monitor,Selected monitor because it maximized deterministic net value under current constraints.,0.0,0.0,30.0,[]
43,Straits View,Central,2026-04-28 08:00:00+08:00,0.9118,0.9118,high,4,-0.25,2.0,critically low supply + peak hour,0.365,low,1.0,0.0949,low,intervention,Heuristic baseline policy recommends intervention because depletion risk or imbalance is already high.,0.4834,moderate,5,4.6563,monitor,Selected monitor because it maximized deterministic net value under current constraints.,0.0,0.0,30.0,[]
43,Straits View,Central,2026-04-28 09:00:00+08:00,0.8841,0.8841,high,7,-0.6,5.0,critically low supply + peak hour,0.3149,low,0.0,0.1386,low,intervention,Heuristic baseline policy recommends intervention because depletion risk or imbalance is already high.,0.4511,moderate,6,4.6563,monitor,Selected monitor because it maximized deterministic net value under current constraints.,0.0,0.0,30.0,[]
43,Straits View,Central,2026-04-29 19:00:00+08:00,0.6465,0.6465,medium,1,-1.0,1.0,critically low supply + peak hour,0.3239,low,0.0,0.1425,low,watchlist,Heuristic baseline policy recommends watchlist monitoring because signals are elevated but not yet acute.,0.372,moderate,5,4.6563,monitor,Selected monitor because it maximized deterministic net value under current constraints.,0.0,0.0,30.0,[]
43,Straits View,Central,2026-04-30 04:00:00+08:00,0.768,0.768,high,1,-1.0,1.0,critically low supply,0.0446,low,0.0,0.0196,low,intervention,Heuristic baseline policy recommends intervention because depletion risk or imbalance is already high.,0.2889,moderate,1,4.6563,monitor,Selected monitor because it maximized deterministic net value under current constraints.,0.0,0.0,30.0,[]
43,Straits View,Central,2026-04-30 05:00:00+08:00,0.923,0.923,high,2,-0.5,2.0,critically low supply,0.1023,low,0.0,0.045,low,intervention,Heuristic baseline policy recommends intervention because depletion risk or imbalance is already high.,0.3691,moderate,2,4.6563,monitor,Selected monitor because it maximized deterministic net value under current constraints.,0.0,0.0,30.0,[]
43,Straits View,Central,2026-04-30 06:00:00+08:00,0.8902,0.8902,high,2,0.0,2.0,critically low supply,0.2038,low,0.0,0.0897,low,intervention,Heuristic baseline policy recommends intervention because depletion risk or imbalance is already high.,0.4033,moderate,3,4.6563,monitor,Selected monitor because it maximized deterministic net value under current constraints.,0.0,0.0,30.0,[]
43,Straits View,Central,2026-04-30 10:00:00+08:00,0.9869,0.9869,high,10,-2.0,5.0,low supply,0.2038,low,1.0,0.0457,low,intervention,Heuristic baseline policy recommends intervention because depletion risk or imbalance is already high.,0.4371,moderate,4,4.6563,monitor,Selected monitor because it maximized deterministic net value under current constraints.,0.0,0.0,30.0,[]
43,Straits View,Central,2026-05-01 13:00:00+08:00,0.7605,0.7605,high,1,-1.0,0.5,critically low supply + below yesterday baseline + public holiday,0.0304,low,1.0,0.0134,low,intervention,Heuristic baseline policy recommends intervention because depletion risk or imbalance is already high.,0.2799,moderate,1,4.6563,monitor,Selected monitor because it maximized deterministic net value under current constraints.,0.0,0.0,30.0,[]
43,Straits View,Central,2026-05-01 14:00:00+08:00,0.8317,0.8317,high,2,-0.5,2.0,critically low supply + public holiday,0.0624,low,0.0,0.0275,low,intervention,Heuristic baseline policy recommends intervention because depletion risk or imbalance is already high.,0.3192,moderate,2,4.6563,monitor,Selected monitor because it maximized deterministic net value under current constraints.,0.0,0.0,30.0,[]
43,Straits View,Central,2026-05-01 15:00:00+08:00,0.5985,0.5985,medium,1,0.33333334,1.0,rapid depletion + critically low supply + public holiday,0.1286,low,0.0,0.0566,low,watchlist,Heuristic baseline policy recommends watchlist monitoring because signals are elevated but not yet acute.,0.2673,moderate,3,4.6563,monitor,Selected monitor because it maximized deterministic net value under current constraints.,0.0,0.0,30.0,[]
43,Straits View,Central,2026-05-01 16:00:00+08:00,0.7375,0.7375,high,1,0.0,1.0,critically low supply + public holiday,0.2273,low,0.0,0.1,low,watchlist,Heuristic baseline policy recommends watchlist monitoring because signals are elevated but not yet acute.,0.3604,moderate,4,4.6563,monitor,Selected monitor because it maximized deterministic net value under current constraints.,0.0,0.0,30.0,[]
43,Straits View,Central,2026-05-01 18:00:00+08:00,0.4455,0.4455,medium,1,-1.0,0.5,critically low supply + below yesterday baseline + peak hour + public holiday,0.365,low,1.0,0.1606,low,watchlist,Heuristic baseline policy recommends watchlist monitoring because signals are elevated but not yet acute.,0.3202,moderate,6,4.6563,monitor,Selected monitor because it maximized deterministic net value under current constraints.,0.0,0.0,30.0,[]
43,Straits View,Central,2026-05-01 19:00:00+08:00,0.7675,0.7675,high,1,0.0,0.33333334,critically low supply + below yesterday baseline + peak hour + public holiday,0.3239,low,2.0,0.3203,low,intervention,Heuristic baseline policy recommends intervention because depletion risk or imbalance is already high.,0.5144,moderate,7,4.6563,monitor,Selected monitor because it maximized deterministic net value under current constraints.,0.0,0.0,30.0,[]
43,Straits View,Central,2026-05-02 05:00:00+08:00,0.7975,0.7975,high,1,-1.0,1.0,critically low supply,0.1223,low,0.0,0.0538,low,intervention,Heuristic baseline policy recommends intervention because depletion risk or imbalance is already high.,0.3342,moderate,1,4.6563,monitor,Selected monitor because it maximized deterministic net value under current constraints.,0.0,0.0,30.0,[]
43,Straits View,Central,2026-05-02 11:00:00+08:00,0.9182,0.9182,high,2,-2.0,2.0,critically low supply,0.1223,low,0.0,0.0538,low,intervention,Heuristic baseline policy recommends intervention because depletion risk or imbalance is already high.,0.3764,moderate,4,4.6563,monitor,Selected monitor because it maximized deterministic net value under current constraints.,0.0,0.0,30.0,[]
43,Straits View,Central,2026-05-02 20:00:00+08:00,0.7255,0.7255,high,1,-1.0,0.5,critically low supply + below yesterday baseline + peak hour,0.2473,low,1.0,0.1088,low,watchlist,Heuristic baseline policy recommends watchlist monitoring because signals are elevated but not yet acute.,0.3652,moderate,4,4.6563,monitor,Selected monitor because it maximized deterministic net value under current constraints.,0.0,0.0,30.0,[]
44,Sungei Kadut,North,2026-04-16 10:00:00+08:00,0.8692,0.8692,high,4,0.0,1.1504661,critically low supply,0.2038,low,2.4769,0.071,low,intervention,Heuristic baseline policy recommends intervention because depletion risk or imbalance is already high.,0.3959,moderate,1,0.0,monitor,Selected monitor because it maximized deterministic net value under current constraints.,0.0,0.0,30.0,[]
44,Sungei Kadut,North,2026-04-17 09:00:00+08:00,0.6187,0.6187,medium,2,0.4,0.57523304,rapid depletion + sustained depletion + critically low supply + below yesterday baseline + peak hour,0.3149,low,2.4769,0.1951,low,watchlist,Heuristic baseline policy recommends watchlist monitoring because signals are elevated but not yet acute.,0.3968,moderate,2,0.0,monitor,Selected monitor because it maximized deterministic net value under current constraints.,0.0,0.0,30.0,[]
44,Sungei Kadut,North,2026-04-17 11:00:00+08:00,0.9014,0.9014,high,1,0.0,0.28761652,sustained depletion + critically low supply + below yesterday baseline,0.1023,low,2.4769,0.2005,low,intervention,Heuristic baseline policy recommends intervention because depletion risk or imbalance is already high.,0.4808,moderate,4,0.0,monitor,Selected monitor because it maximized deterministic net value under current constraints.,0.0,0.0,30.0,[]
44,Sungei Kadut,North,2026-04-17 14:00:00+08:00,0.5476,0.5476,medium,2,-0.5,0.57523304,critically low supply + below yesterday baseline,0.0624,low,2.4769,0.0695,low,watchlist,Heuristic baseline policy recommends watchlist monitoring because signals are elevated but not yet acute.,0.2582,moderate,1,0.0,monitor,Selected monitor because it maximized deterministic net value under current constraints.,0.0,0.0,30.0,[]
44,Sungei Kadut,North,2026-04-18 03:00:00+08:00,0.4468,0.4468,medium,2,0.0,0.57523304,critically low supply + below yesterday baseline,0.0424,low,2.4769,0.0596,low,watchlist,Heuristic baseline policy recommends watchlist monitoring because signals are elevated but not yet acute.,0.214,low,0,0.0,monitor,Selected monitor because it maximized deterministic net value under current constraints.,0.0,0.0,30.0,[]
44,Sungei Kadut,North,2026-04-18 04:00:00+08:00,0.8782,0.8782,high,3,-0.33333334,0.86284953,critically low supply,0.0646,low,2.4769,0.0257,low,intervention,Heuristic baseline policy recommends intervention because depletion risk or imbalance is already high.,0.3364,moderate,1,0.0,monitor,Selected monitor because it maximized deterministic net value under current constraints.,0.0,0.0,30.0,[]
44,Sungei Kadut,North,2026-04-18 16:00:00+08:00,0.5173,0.5173,medium,3,-1.0,1.5,critically low supply,0.2473,low,1.0,0.0692,low,watchlist,Heuristic baseline policy recommends watchlist monitoring because signals are elevated but not yet acute.,0.2923,moderate,1,0.0,monitor,Selected monitor because it maximized deterministic net value under current constraints.,0.0,0.0,30.0,[]
44,Sungei Kadut,North,2026-04-19 00:00:00+08:00,0.9168,0.9168,high,4,-2.0,2.0,critically low supply,0.035,low,1.0,0.0091,low,intervention,Heuristic baseline policy recommends intervention because depletion risk or imbalance is already high.,0.3366,moderate,1,0.0,monitor,Selected monitor because it maximized deterministic net value under current constraints.,0.0,0.0,30.0,[]
44,Sungei Kadut,North,2026-04-19 04:00:00+08:00,0.8475,0.8475,high,3,-0.33333334,0.75,critically low supply,0.0646,low,3.0,0.0284,low,intervention,Heuristic baseline policy recommends intervention because depletion risk or imbalance is already high.,0.3257,moderate,1,0.0,monitor,Selected monitor because it maximized deterministic net value under current constraints.,0.0,0.0,30.0,[]
44,Sungei Kadut,North,2026-04-19 05:00:00+08:00,0.49,0.49,medium,3,0.0,0.75,critically low supply,0.1223,low,3.0,0.0538,low,watchlist,Heuristic baseline policy recommends watchlist monitoring because signals are elevated but not yet acute.,0.2265,low,0,0.0,monitor,Selected monitor because it maximized deterministic net value under current constraints.,0.0,0.0,30.0,[]
44,Sungei Kadut,North,2026-04-19 10:00:00+08:00,0.4134,0.4134,medium,4,-0.6666667,1.3333334,critically low supply,0.2238,low,2.0,0.0716,low,watchlist,Heuristic baseline policy recommends watchlist monitoring because signals are elevated but not yet acute.,0.2454,low,0,0.0,monitor,Selected monitor because it maximized deterministic net value under current constraints.,0.0,0.0,30.0,[]
44,Sungei Kadut,North,2026-04-19 12:00:00+08:00,0.474,0.474,medium,1,0.6,0.2,rapid depletion + sustained depletion + critically low supply + below yesterday baseline,0.0646,low,4.0,0.2249,low,watchlist,Heuristic baseline policy recommends watchlist monitoring because signals are elevated but not yet acute.,0.345,moderate,1,0.0,monitor,Selected monitor because it maximized deterministic net value under current constraints.,0.0,0.0,30.0,[]
44,Sungei Kadut,North,2026-04-19 13:00:00+08:00,0.5168,0.5168,medium,2,-0.5,0.5,critically low supply + below yesterday baseline,0.0504,low,3.0,0.0949,low,watchlist,Heuristic baseline policy recommends watchlist monitoring because signals are elevated but not yet acute.,0.2702,moderate,2,0.0,monitor,Selected monitor because it maximized deterministic net value under current constraints.,0.0,0.0,30.0,[]
44,Sungei Kadut,North,2026-04-19 20:00:00+08:00,0.5781,0.5781,medium,3,-0.33333334,1.0,critically low supply + peak hour,0.2473,low,2.0,0.089,low,watchlist,Heuristic baseline policy recommends watchlist monitoring because signals are elevated but not yet acute.,0.3136,moderate,3,0.0,monitor,Selected monitor because it maximized deterministic net value under current constraints.,0.0,0.0,30.0,[]
44,Sungei Kadut,North,2026-04-19 21:00:00+08:00,0.5693,0.5693,medium,5,-0.5,1.6666666,critically low supply,0.1486,low,2.0,0.044,low,watchlist,Heuristic baseline policy recommends watchlist monitoring because signals are elevated but not yet acute.,0.2661,moderate,4,0.0,monitor,Selected monitor because it maximized deterministic net value under current constraints.,0.0,0.0,30.0,[]
44,Sungei Kadut,North,2026-04-19 22:00:00+08:00,0.6105,0.6105,medium,4,0.16666667,1.3333334,critically low supply,0.0824,low,2.0,0.0264,low,watchlist,Heuristic baseline policy recommends watchlist monitoring because signals are elevated but not yet acute.,0.2508,moderate,5,0.0,monitor,Selected monitor because it maximized deterministic net value under current constraints.,0.0,0.0,30.0,[]
44,Sungei Kadut,North,2026-04-20 03:00:00+08:00,0.4297,0.4297,medium,2,0.0,0.6666667,critically low supply + below yesterday baseline,0.0224,low,2.0,0.0099,low,watchlist,Heuristic baseline policy recommends watchlist monitoring because signals are elevated but not yet acute.,0.1605,low,0,0.0,monitor,Selected monitor because it maximized deterministic net value under current constraints.,0.0,0.0,30.0,[]
44,Sungei Kadut,North,2026-04-20 04:00:00+08:00,0.8523,0.8523,high,3,-0.33333334,3.0,critically low supply,0.0446,low,0.0,0.0196,low,intervention,Heuristic baseline policy recommends intervention because depletion risk or imbalance is already high.,0.3184,moderate,1,0.0,monitor,Selected monitor because it maximized deterministic net value under current constraints.,0.0,0.0,30.0,[]
44,Sungei Kadut,North,2026-04-20 06:00:00+08:00,0.4681,0.4681,medium,2,0.0,1.0,critically low supply,0.2038,low,1.0,0.0652,low,watchlist,Heuristic baseline policy recommends watchlist monitoring because signals are elevated but not yet acute.,0.2555,moderate,1,0.0,monitor,Selected monitor because it maximized deterministic net value under current constraints.,0.0,0.0,30.0,[]
44,Sungei Kadut,North,2026-04-20 07:00:00+08:00,0.4495,0.4495,medium,3,-0.33333334,1.0,critically low supply + peak hour,0.3149,low,2.0,0.1134,low,watchlist,Heuristic baseline policy recommends watchlist monitoring because signals are elevated but not yet acute.,0.299,moderate,2,0.0,monitor,Selected monitor because it maximized deterministic net value under current constraints.,0.0,0.0,30.0,[]
44,Sungei Kadut,North,2026-04-20 08:00:00+08:00,0.5551,0.5551,medium,4,-0.25,1.3333334,critically low supply + peak hour,0.365,low,2.0,0.1168,low,watchlist,Heuristic baseline policy recommends watchlist monitoring because signals are elevated but not yet acute.,0.3585,moderate,3,0.0,monitor,Selected monitor because it maximized deterministic net value under current constraints.,0.0,0.0,30.0,[]
44,Sungei Kadut,North,2026-04-20 09:00:00+08:00,0.4779,0.4779,medium,1,0.6,0.25,rapid depletion + sustained depletion + critically low supply + below yesterday baseline + peak hour,0.3149,low,3.0,0.423,medium,watchlist,Heuristic baseline policy recommends watchlist monitoring because signals are elevated but not yet acute.,0.4423,moderate,4,0.0,monitor,Selected monitor because it maximized deterministic net value under current constraints.,0.0,0.0,30.0,[]
44,Sungei Kadut,North,2026-04-20 10:00:00+08:00,0.6436,0.6436,medium,2,-0.5,0.5,critically low supply + below yesterday baseline,0.2038,low,3.0,0.1808,low,watchlist,Heuristic baseline policy recommends watchlist monitoring because signals are elevated but not yet acute.,0.3836,moderate,5,0.0,monitor,Selected monitor because it maximized deterministic net value under current constraints.,0.0,0.0,30.0,[]
44,Sungei Kadut,North,2026-04-20 11:00:00+08:00,0.4821,0.4821,medium,1,0.33333334,0.33333334,rapid depletion + sustained depletion + critically low supply + below yesterday baseline,0.1023,low,2.0,0.1696,low,watchlist,Heuristic baseline policy recommends watchlist monitoring because signals are elevated but not yet acute.,0.3148,moderate,6,0.0,monitor,Selected monitor because it maximized deterministic net value under current constraints.,0.0,0.0,30.0,[]
44,Sungei Kadut,North,2026-04-20 15:00:00+08:00,0.5978,0.5978,medium,3,-0.33333334,1.5,critically low supply,0.1286,low,1.0,0.036,low,watchlist,Heuristic baseline policy recommends watchlist monitoring because signals are elevated but not yet acute.,0.2671,moderate,1,0.0,monitor,Selected monitor because it maximized deterministic net value under current constraints.,0.0,0.0,30.0,[]
44,Sungei Kadut,North,2026-04-21 02:00:00+08:00,0.4018,0.4018,medium,3,-0.33333334,0.75,critically low supply,0.0164,low,3.0,0.0072,low,watchlist,Heuristic baseline policy recommends watchlist monitoring because signals are elevated but not yet acute.,0.148,low,0,0.0,monitor,Selected monitor because it maximized deterministic net value under current constraints.,0.0,0.0,30.0,[]
44,Sungei Kadut,North,2026-04-21 23:00:00+08:00,0.4789,0.4789,medium,3,-1.0,1.0,critically low supply,0.0304,low,2.0,0.0109,low,watchlist,Heuristic baseline policy recommends watchlist monitoring because signals are elevated but not yet acute.,0.1813,low,0,0.0,monitor,Selected monitor because it maximized deterministic net value under current constraints.,0.0,0.0,30.0,[]
44,Sungei Kadut,North,2026-04-22 08:00:00+08:00,0.6086,0.6086,medium,2,-2.0,1.0,critically low supply + peak hour,0.365,low,1.0,0.1168,low,watchlist,Heuristic baseline policy recommends watchlist monitoring because signals are elevated but not yet acute.,0.3773,moderate,1,0.0,monitor,Selected monitor because it maximized deterministic net value under current constraints.,0.0,0.0,30.0,[]
44,Sungei Kadut,North,2026-04-22 14:00:00+08:00,0.5715,0.5715,medium,2,-0.5,0.6666667,critically low supply + below yesterday baseline,0.0624,low,2.0,0.0275,low,watchlist,Heuristic baseline policy recommends watchlist monitoring because signals are elevated but not yet acute.,0.2281,low,0,0.0,monitor,Selected monitor because it maximized deterministic net value under current constraints.,0.0,0.0,30.0,[]
44,Sungei Kadut,North,2026-04-22 15:00:00+08:00,0.5194,0.5194,medium,2,0.0,0.5,critically low supply + below yesterday baseline,0.1286,low,3.0,0.1387,low,watchlist,Heuristic baseline policy recommends watchlist monitoring because signals are elevated but not yet acute.,0.3063,moderate,1,0.0,monitor,Selected monitor because it maximized deterministic net value under current constraints.,0.0,0.0,30.0,[]
44,Sungei Kadut,North,2026-04-22 16:00:00+08:00,0.7059,0.7059,high,3,-0.33333334,0.75,critically low supply,0.2273,low,3.0,0.1,low,watchlist,Heuristic baseline policy recommends watchlist monitoring because signals are elevated but not yet acute.,0.3494,moderate,2,0.0,monitor,Selected monitor because it maximized deterministic net value under current constraints.,0.0,0.0,30.0,[]
44,Sungei Kadut,North,2026-04-23 07:00:00+08:00,0.5053,0.5053,medium,3,-0.33333334,0.75,critically low supply + peak hour,0.3149,low,3.0,0.1386,low,watchlist,Heuristic baseline policy recommends watchlist monitoring because signals are elevated but not yet acute.,0.3186,moderate,1,0.0,monitor,Selected monitor because it maximized deterministic net value under current constraints.,0.0,0.0,30.0,[]
44,Sungei Kadut,North,2026-04-23 11:00:00+08:00,0.5896,0.5896,medium,1,0.5,0.25,rapid depletion + sustained depletion + critically low supply + below yesterday baseline,0.1023,low,3.0,0.2274,low,watchlist,Heuristic baseline policy recommends watchlist monitoring because signals are elevated but not yet acute.,0.3857,moderate,2,0.0,monitor,Selected monitor because it maximized deterministic net value under current constraints.,0.0,0.0,30.0,[]
44,Sungei Kadut,North,2026-04-23 15:00:00+08:00,0.4784,0.4784,medium,3,-1.0,1.0,critically low supply,0.1286,low,2.0,0.0463,low,watchlist,Heuristic baseline policy recommends watchlist monitoring because signals are elevated but not yet acute.,0.2253,low,0,0.0,monitor,Selected monitor because it maximized deterministic net value under current constraints.,0.0,0.0,30.0,[]
44,Sungei Kadut,North,2026-04-23 18:00:00+08:00,0.5745,0.5745,medium,2,-2.0,1.0,critically low supply + peak hour,0.365,low,1.0,0.1168,low,watchlist,Heuristic baseline policy recommends watchlist monitoring because signals are elevated but not yet acute.,0.3653,moderate,2,0.0,monitor,Selected monitor because it maximized deterministic net value under current constraints.,0.0,0.0,30.0,[]
44,Sungei Kadut,North,2026-04-24 00:00:00+08:00,0.5796,0.5796,medium,5,-1.0,1.6666666,critically low supply,0.015,low,2.0,0.0044,low,watchlist,Heuristic baseline policy recommends watchlist monitoring because signals are elevated but not yet acute.,0.2096,low,0,0.0,monitor,Selected monitor because it maximized deterministic net value under current constraints.,0.0,0.0,30.0,[]
44,Sungei Kadut,North,2026-04-24 01:00:00+08:00,0.4679,0.4679,medium,4,0.16666667,4.0,critically low supply,0.0152,low,0.0,0.0067,low,watchlist,Heuristic baseline policy recommends watchlist monitoring because signals are elevated but not yet acute.,0.1706,low,0,0.0,monitor,Selected monitor because it maximized deterministic net value under current constraints.,0.0,0.0,30.0,[]
44,Sungei Kadut,North,2026-04-24 07:00:00+08:00,0.6211,0.6211,medium,7,-0.6,2.3333333,critically low supply + peak hour,0.3149,low,2.0,0.0846,low,watchlist,Heuristic baseline policy recommends watchlist monitoring because signals are elevated but not yet acute.,0.3591,moderate,1,0.0,monitor,Selected monitor because it maximized deterministic net value under current constraints.,0.0,0.0,30.0,[]
44,Sungei Kadut,North,2026-04-24 11:00:00+08:00,0.4722,0.4722,medium,1,0.0,1.0,sustained depletion + critically low supply,0.1023,low,0.0,0.045,low,watchlist,Heuristic baseline policy recommends watchlist monitoring because signals are elevated but not yet acute.,0.2113,low,0,0.0,monitor,Selected monitor because it maximized deterministic net value under current constraints.,0.0,0.0,30.0,[]
44,Sungei Kadut,North,2026-04-24 12:00:00+08:00,0.6312,0.6312,medium,2,-0.5,2.0,critically low supply,0.0446,low,0.0,0.0196,low,watchlist,Heuristic baseline policy recommends watchlist monitoring because signals are elevated but not yet acute.,0.241,low,0,0.0,monitor,Selected monitor because it maximized deterministic net value under current constraints.,0.0,0.0,30.0,[]
44,Sungei Kadut,North,2026-04-24 14:00:00+08:00,0.4713,0.4713,medium,2,0.0,1.0,critically low supply,0.0624,low,1.0,0.02,low,watchlist,Heuristic baseline policy recommends watchlist monitoring because signals are elevated but not yet acute.,0.193,low,0,0.0,monitor,Selected monitor because it maximized deterministic net value under current constraints.,0.0,0.0,30.0,[]
44,Sungei Kadut,North,2026-04-24 15:00:00+08:00,0.7549,0.7549,high,3,-0.33333334,1.0,critically low supply,0.1286,low,2.0,0.0463,low,intervention,Heuristic baseline policy recommends intervention because depletion risk or imbalance is already high.,0.3221,moderate,1,0.0,monitor,Selected monitor because it maximized deterministic net value under current constraints.,0.0,0.0,30.0,[]
44,Sungei Kadut,North,2026-04-24 18:00:00+08:00,0.4512,0.4512,medium,3,-0.33333334,1.0,critically low supply + peak hour,0.365,low,2.0,0.1314,low,watchlist,Heuristic baseline policy recommends watchlist monitoring because signals are elevated but not yet acute.,0.3222,moderate,1,0.0,monitor,Selected monitor because it maximized deterministic net value under current constraints.,0.0,0.0,30.0,[]
44,Sungei Kadut,North,2026-04-24 22:00:00+08:00,0.4971,0.4971,medium,4,-0.6666667,0.8,critically low supply,0.0624,low,4.0,0.0275,low,watchlist,Heuristic baseline policy recommends watchlist monitoring because signals are elevated but not yet acute.,0.2021,low,0,0.0,monitor,Selected monitor because it maximized deterministic net value under current constraints.,0.0,0.0,30.0,[]
44,Sungei Kadut,North,2026-04-25 09:00:00+08:00,0.9625,0.9625,high,5,-2.0,2.5,critically low supply + peak hour,0.3349,low,1.0,0.0831,low,intervention,Heuristic baseline policy recommends intervention because depletion risk or imbalance is already high.,0.4876,moderate,2,0.0,monitor,Selected monitor because it maximized deterministic net value under current constraints.,0.0,0.0,30.0,[]
44,Sungei Kadut,North,2026-04-25 10:00:00+08:00,0.4756,0.4756,medium,2,0.5,0.5,rapid depletion + critically low supply + below yesterday baseline,0.2238,low,3.0,0.192,low,watchlist,Heuristic baseline policy recommends watchlist monitoring because signals are elevated but not yet acute.,0.3338,moderate,3,0.0,monitor,Selected monitor because it maximized deterministic net value under current constraints.,0.0,0.0,30.0,[]
44,Sungei Kadut,North,2026-04-25 11:00:00+08:00,0.7029,0.7029,high,2,0.0,2.0,critically low supply,0.1223,low,0.0,0.0538,low,watchlist,Heuristic baseline policy recommends watchlist monitoring because signals are elevated but not yet acute.,0.301,moderate,4,0.0,monitor,Selected monitor because it maximized deterministic net value under current constraints.,0.0,0.0,30.0,[]
44,Sungei Kadut,North,2026-04-25 15:00:00+08:00,0.6113,0.6113,medium,2,-0.5,0.4,critically low supply + below yesterday baseline,0.1486,low,4.0,0.201,low,watchlist,Heuristic baseline policy recommends watchlist monitoring because signals are elevated but not yet acute.,0.3808,moderate,2,0.0,monitor,Selected monitor because it maximized deterministic net value under current constraints.,0.0,0.0,30.0,[]
44,Sungei Kadut,North,2026-04-25 16:00:00+08:00,0.451,0.451,medium,3,-0.33333334,0.375,critically low supply + below yesterday baseline,0.2473,low,7.0,0.3022,low,watchlist,Heuristic baseline policy recommends watchlist monitoring because signals are elevated but not yet acute.,0.3834,moderate,3,0.0,monitor,Selected monitor because it maximized deterministic net value under current constraints.,0.0,0.0,30.0,[]
44,Sungei Kadut,North,2026-04-26 00:00:00+08:00,0.7649,0.7649,high,3,-0.33333334,0.75,critically low supply,0.035,low,3.0,0.0154,low,intervention,Heuristic baseline policy recommends intervention because depletion risk or imbalance is already high.,0.2835,moderate,1,0.0,monitor,Selected monitor because it maximized deterministic net value under current constraints.,0.0,0.0,30.0,[]
44,Sungei Kadut,North,2026-04-26 01:00:00+08:00,0.4015,0.4015,medium,3,0.0,1.5,critically low supply,0.0352,low,1.0,0.0099,low,watchlist,Heuristic baseline policy recommends watchlist monitoring because signals are elevated but not yet acute.,0.1564,low,0,0.0,monitor,Selected monitor because it maximized deterministic net value under current constraints.,0.0,0.0,30.0,[]
44,Sungei Kadut,North,2026-04-26 02:00:00+08:00,0.6356,0.6356,medium,4,-0.25,1.3333334,critically low supply,0.0364,low,2.0,0.0116,low,watchlist,Heuristic baseline policy recommends watchlist monitoring because signals are elevated but not yet acute.,0.2388,low,0,0.0,monitor,Selected monitor because it maximized deterministic net value under current constraints.,0.0,0.0,30.0,[]
44,Sungei Kadut,North,2026-04-26 04:00:00+08:00,0.5973,0.5973,medium,3,-0.33333334,1.5,critically low supply,0.0646,low,1.0,0.0181,low,watchlist,Heuristic baseline policy recommends watchlist monitoring because signals are elevated but not yet acute.,0.2381,low,0,0.0,monitor,Selected monitor because it maximized deterministic net value under current constraints.,0.0,0.0,30.0,[]
44,Sungei Kadut,North,2026-04-26 12:00:00+08:00,0.6436,0.6436,medium,2,0.0,0.6666667,critically low supply + below yesterday baseline,0.0646,low,2.0,0.0284,low,watchlist,Heuristic baseline policy recommends watchlist monitoring because signals are elevated but not yet acute.,0.2543,moderate,1,0.0,monitor,Selected monitor because it maximized deterministic net value under current constraints.,0.0,0.0,30.0,[]
44,Sungei Kadut,North,2026-04-26 14:00:00+08:00,0.5384,0.5384,medium,3,-1.0,1.0,critically low supply,0.0824,low,2.0,0.0297,low,watchlist,Heuristic baseline policy recommends watchlist monitoring because signals are elevated but not yet acute.,0.2255,low,0,0.0,monitor,Selected monitor because it maximized deterministic net value under current constraints.,0.0,0.0,30.0,[]
44,Sungei Kadut,North,2026-04-26 19:00:00+08:00,0.5105,0.5105,medium,3,-0.33333334,1.0,critically low supply + peak hour,0.3439,low,2.0,0.1238,low,watchlist,Heuristic baseline policy recommends watchlist monitoring because signals are elevated but not yet acute.,0.3334,moderate,2,0.0,monitor,Selected monitor because it maximized deterministic net value under current constraints.,0.0,0.0,30.0,[]
44,Sungei Kadut,North,2026-04-27 10:00:00+08:00,0.4119,0.4119,medium,3,-0.33333334,0.75,critically low supply,0.2038,low,3.0,0.0897,low,watchlist,Heuristic baseline policy recommends watchlist monitoring because signals are elevated but not yet acute.,0.2359,low,0,0.0,monitor,Selected monitor because it maximized deterministic net value under current constraints.,0.0,0.0,30.0,[]
44,Sungei Kadut,North,2026-04-27 16:00:00+08:00,0.5887,0.5887,medium,2,-0.5,0.6666667,critically low supply + below yesterday baseline,0.2273,low,2.0,0.1,low,watchlist,Heuristic baseline policy recommends watchlist monitoring because signals are elevated but not yet acute.,0.3083,moderate,2,0.0,monitor,Selected monitor because it maximized deterministic net value under current constraints.,0.0,0.0,30.0,[]
44,Sungei Kadut,North,2026-04-28 00:00:00+08:00,0.6114,0.6114,medium,3,-0.33333334,1.0,critically low supply,0.015,low,2.0,0.0054,low,watchlist,Heuristic baseline policy recommends watchlist monitoring because signals are elevated but not yet acute.,0.2207,low,0,0.0,monitor,Selected monitor because it maximized deterministic net value under current constraints.,0.0,0.0,30.0,[]
44,Sungei Kadut,North,2026-04-28 04:00:00+08:00,0.5473,0.5473,medium,3,-0.33333334,1.0,critically low supply,0.0446,low,2.0,0.0161,low,watchlist,Heuristic baseline policy recommends watchlist monitoring because signals are elevated but not yet acute.,0.2116,low,0,0.0,monitor,Selected monitor because it maximized deterministic net value under current constraints.,0.0,0.0,30.0,[]
44,Sungei Kadut,North,2026-04-28 08:00:00+08:00,0.5451,0.5451,medium,3,-1.0,0.6,critically low supply + below yesterday baseline + peak hour,0.365,low,4.0,0.2398,low,watchlist,Heuristic baseline policy recommends watchlist monitoring because signals are elevated but not yet acute.,0.405,moderate,3,0.0,monitor,Selected monitor because it maximized deterministic net value under current constraints.,0.0,0.0,30.0,[]
44,Sungei Kadut,North,2026-04-28 09:00:00+08:00,0.4097,0.4097,medium,2,0.25,0.33333334,critically low supply + below yesterday baseline + peak hour,0.3149,low,5.0,0.3719,low,watchlist,Heuristic baseline policy recommends watchlist monitoring because signals are elevated but not yet acute.,0.4051,moderate,4,0.0,monitor,Selected monitor because it maximized deterministic net value under current constraints.,0.0,0.0,30.0,[]
44,Sungei Kadut,North,2026-04-28 10:00:00+08:00,0.9858,0.9858,high,12,-2.0,4.0,low supply,0.2038,low,2.0,0.0489,low,intervention,Heuristic baseline policy recommends intervention because depletion risk or imbalance is already high.,0.4367,moderate,5,0.0,monitor,Selected monitor because it maximized deterministic net value under current constraints.,0.0,0.0,30.0,[]
44,Sungei Kadut,North,2026-04-28 23:00:00+08:00,0.8657,0.8657,high,4,-1.5,1.0,critically low supply,0.0304,low,3.0,0.0116,low,intervention,Heuristic baseline policy recommends intervention because depletion risk or imbalance is already high.,0.3167,moderate,1,0.0,monitor,Selected monitor because it maximized deterministic net value under current constraints.,0.0,0.0,30.0,[]
44,Sungei Kadut,North,2026-04-29 08:00:00+08:00,0.8808,0.8808,high,5,-1.0,1.6666666,critically low supply + peak hour,0.365,low,2.0,0.108,low,intervention,Heuristic baseline policy recommends intervention because depletion risk or imbalance is already high.,0.4725,moderate,1,0.0,monitor,Selected monitor because it maximized deterministic net value under current constraints.,0.0,0.0,30.0,[]
44,Sungei Kadut,North,2026-04-29 17:00:00+08:00,0.9077,0.9077,high,5,-2.0,1.6666666,critically low supply + peak hour,0.3239,low,2.0,0.0959,low,intervention,Heuristic baseline policy recommends intervention because depletion risk or imbalance is already high.,0.4635,moderate,3,0.0,monitor,Selected monitor because it maximized deterministic net value under current constraints.,0.0,0.0,30.0,[]
44,Sungei Kadut,North,2026-04-29 18:00:00+08:00,0.4133,0.4133,medium,2,0.5,0.6666667,rapid depletion + sustained depletion + critically low supply + below yesterday baseline + peak hour,0.365,low,2.0,0.1606,low,watchlist,Heuristic baseline policy recommends watchlist monitoring because signals are elevated but not yet acute.,0.3089,moderate,4,0.0,monitor,Selected monitor because it maximized deterministic net value under current constraints.,0.0,0.0,30.0,[]
44,Sungei Kadut,North,2026-04-29 19:00:00+08:00,0.4088,0.4088,medium,2,0.0,0.5,critically low supply + below yesterday baseline + peak hour,0.3239,low,3.0,0.2481,low,watchlist,Heuristic baseline policy recommends watchlist monitoring because signals are elevated but not yet acute.,0.3555,moderate,5,0.0,monitor,Selected monitor because it maximized deterministic net value under current constraints.,0.0,0.0,30.0,[]
44,Sungei Kadut,North,2026-04-29 20:00:00+08:00,0.5262,0.5262,medium,5,-1.0,1.6666666,critically low supply + peak hour,0.2273,low,2.0,0.0673,low,watchlist,Heuristic baseline policy recommends watchlist monitoring because signals are elevated but not yet acute.,0.2865,moderate,6,0.0,monitor,Selected monitor because it maximized deterministic net value under current constraints.,0.0,0.0,30.0,[]
44,Sungei Kadut,North,2026-04-30 04:00:00+08:00,0.8548,0.8548,high,5,-0.5,1.6666666,critically low supply,0.0446,low,2.0,0.0132,low,intervention,Heuristic baseline policy recommends intervention because depletion risk or imbalance is already high.,0.3192,moderate,1,0.0,monitor,Selected monitor because it maximized deterministic net value under current constraints.,0.0,0.0,30.0,[]
44,Sungei Kadut,North,2026-04-30 06:00:00+08:00,0.5509,0.5509,medium,2,0.0,0.6666667,sustained depletion + critically low supply + below yesterday baseline,0.2038,low,2.0,0.0897,low,watchlist,Heuristic baseline policy recommends watchlist monitoring because signals are elevated but not yet acute.,0.2845,moderate,1,0.0,monitor,Selected monitor because it maximized deterministic net value under current constraints.,0.0,0.0,30.0,[]
44,Sungei Kadut,North,2026-04-30 11:00:00+08:00,0.6975,0.6975,medium,2,-0.5,0.6666667,critically low supply + below yesterday baseline,0.1023,low,2.0,0.045,low,watchlist,Heuristic baseline policy recommends watchlist monitoring because signals are elevated but not yet acute.,0.2902,moderate,3,0.0,monitor,Selected monitor because it maximized deterministic net value under current constraints.,0.0,0.0,30.0,[]
44,Sungei Kadut,North,2026-04-30 17:00:00+08:00,0.5519,0.5519,medium,3,-1.0,1.5,critically low supply + peak hour,0.3239,low,1.0,0.0907,low,watchlist,Heuristic baseline policy recommends watchlist monitoring because signals are elevated but not yet acute.,0.3389,moderate,1,0.0,monitor,Selected monitor because it maximized deterministic net value under current constraints.,0.0,0.0,30.0,[]
44,Sungei Kadut,North,2026-04-30 20:00:00+08:00,0.9366,0.9366,high,8,-1.25,2.0,critically low supply + peak hour,0.2273,low,3.0,0.0659,low,intervention,Heuristic baseline policy recommends intervention because depletion risk or imbalance is already high.,0.4301,moderate,2,0.0,monitor,Selected monitor because it maximized deterministic net value under current constraints.,0.0,0.0,30.0,[]
44,Sungei Kadut,North,2026-05-01 03:00:00+08:00,0.9405,0.9405,high,8,-2.0,4.0,critically low supply + public holiday,0.0224,low,1.0,0.0052,low,intervention,Heuristic baseline policy recommends intervention because depletion risk or imbalance is already high.,0.3393,moderate,1,0.0,monitor,Selected monitor because it maximized deterministic net value under current constraints.,0.0,0.0,30.0,[]
44,Sungei Kadut,North,2026-05-01 04:00:00+08:00,0.7726,0.7726,high,11,-0.33333334,2.2,low supply + public holiday,0.0446,low,4.0,0.0128,low,intervention,Heuristic baseline policy recommends intervention because depletion risk or imbalance is already high.,0.2905,moderate,2,0.0,monitor,Selected monitor because it maximized deterministic net value under current constraints.,0.0,0.0,30.0,[]
44,Sungei Kadut,North,2026-05-01 11:00:00+08:00,0.4368,0.4368,medium,3,-0.33333334,0.5,critically low supply + below yesterday baseline + public holiday,0.1023,low,5.0,0.1414,low,watchlist,Heuristic baseline policy recommends watchlist monitoring because signals are elevated but not yet acute.,0.2789,moderate,1,0.0,monitor,Selected monitor because it maximized deterministic net value under current constraints.,0.0,0.0,30.0,[]
44,Sungei Kadut,North,2026-05-01 13:00:00+08:00,0.7206,0.7206,high,2,0.0,0.6666667,critically low supply + below yesterday baseline + public holiday,0.0304,low,2.0,0.0134,low,watchlist,Heuristic baseline policy recommends watchlist monitoring because signals are elevated but not yet acute.,0.2659,moderate,1,0.0,monitor,Selected monitor because it maximized deterministic net value under current constraints.,0.0,0.0,30.0,[]
44,Sungei Kadut,North,2026-05-01 14:00:00+08:00,0.6323,0.6323,medium,2,0.0,0.33333334,critically low supply + below yesterday baseline + public holiday,0.0624,low,5.0,0.1699,low,watchlist,Heuristic baseline policy recommends watchlist monitoring because signals are elevated but not yet acute.,0.3694,moderate,2,0.0,monitor,Selected monitor because it maximized deterministic net value under current constraints.,0.0,0.0,30.0,[]
44,Sungei Kadut,North,2026-05-01 15:00:00+08:00,0.7217,0.7217,high,3,-0.33333334,0.75,critically low supply + public holiday,0.1286,low,3.0,0.0566,low,watchlist,Heuristic baseline policy recommends watchlist monitoring because signals are elevated but not yet acute.,0.3105,moderate,3,0.0,monitor,Selected monitor because it maximized deterministic net value under current constraints.,0.0,0.0,30.0,[]
44,Sungei Kadut,North,2026-05-01 18:00:00+08:00,0.4322,0.4322,medium,1,0.33333334,0.16666667,rapid depletion + sustained depletion + critically low supply + below yesterday baseline + peak hour + public holiday,0.365,low,5.0,0.671,medium,watchlist,Heuristic baseline policy recommends watchlist monitoring because signals are elevated but not yet acute.,0.4755,moderate,1,0.0,monitor,Selected monitor because it maximized deterministic net value under current constraints.,0.0,0.0,30.0,[]
44,Sungei Kadut,North,2026-05-02 04:00:00+08:00,0.5713,0.5713,medium,5,-1.0,1.25,critically low supply,0.0646,low,3.0,0.0222,low,watchlist,Heuristic baseline policy recommends watchlist monitoring because signals are elevated but not yet acute.,0.229,low,0,0.0,monitor,Selected monitor because it maximized deterministic net value under current constraints.,0.0,0.0,30.0,[]
44,Sungei Kadut,North,2026-05-02 05:00:00+08:00,0.691,0.691,medium,4,0.16666667,1.3333334,critically low supply,0.1223,low,2.0,0.0391,low,watchlist,Heuristic baseline policy recommends watchlist monitoring because signals are elevated but not yet acute.,0.2969,moderate,1,0.0,monitor,Selected monitor because it maximized deterministic net value under current constraints.,0.0,0.0,30.0,[]
44,Sungei Kadut,North,2026-05-02 08:00:00+08:00,0.6324,0.6324,medium,4,-2.0,0.33333334,critically low supply + below yesterday baseline + peak hour,0.385,low,11.0,0.4584,medium,watchlist,Heuristic baseline policy recommends watchlist monitoring because signals are elevated but not yet acute.,0.5219,moderate,3,0.0,monitor,Selected monitor because it maximized deterministic net value under current constraints.,0.0,0.0,30.0,[]
44,Sungei Kadut,North,2026-05-02 11:00:00+08:00,0.4845,0.4845,medium,2,0.4,0.4,rapid depletion + critically low supply + below yesterday baseline,0.1223,low,4.0,0.1832,low,watchlist,Heuristic baseline policy recommends watchlist monitoring because signals are elevated but not yet acute.,0.3246,moderate,4,0.0,monitor,Selected monitor because it maximized deterministic net value under current constraints.,0.0,0.0,30.0,[]
44,Sungei Kadut,North,2026-05-02 14:00:00+08:00,0.6424,0.6424,medium,2,0.0,0.5,critically low supply + below yesterday baseline,0.0824,low,3.0,0.1128,low,watchlist,Heuristic baseline policy recommends watchlist monitoring because signals are elevated but not yet acute.,0.3286,moderate,1,0.0,monitor,Selected monitor because it maximized deterministic net value under current constraints.,0.0,0.0,30.0,[]
44,Sungei Kadut,North,2026-05-02 15:00:00+08:00,0.584,0.584,medium,3,-0.33333334,1.0,critically low supply,0.1486,low,2.0,0.0535,low,watchlist,Heuristic baseline policy recommends watchlist monitoring because signals are elevated but not yet acute.,0.2713,moderate,2,0.0,monitor,Selected monitor because it maximized deterministic net value under current constraints.,0.0,0.0,30.0,[]
44,Sungei Kadut,North,2026-05-02 19:00:00+08:00,0.5003,0.5003,medium,2,0.0,0.6666667,critically low supply + below yesterday baseline + peak hour,0.3439,low,2.0,0.1513,low,watchlist,Heuristic baseline policy recommends watchlist monitoring because signals are elevated but not yet acute.,0.3299,moderate,1,0.0,monitor,Selected monitor because it maximized deterministic net value under current constraints.,0.0,0.0,30.0,[]
44,Sungei Kadut,North,2026-05-02 20:00:00+08:00,0.4768,0.4768,medium,2,0.0,0.5,critically low supply + below yesterday baseline + peak hour,0.2473,low,3.0,0.2052,low,watchlist,Heuristic baseline policy recommends watchlist monitoring because signals are elevated but not yet acute.,0.3448,moderate,2,0.0,monitor,Selected monitor because it maximized deterministic net value under current constraints.,0.0,0.0,30.0,[]
45,Tampines,East,2026-04-21 11:00:00+08:00,0.596,0.596,medium,45,-0.64285713,2.0454545,normal conditions,0.1023,low,21.0,0.0319,low,watchlist,Heuristic baseline policy recommends watchlist monitoring because signals are elevated but not yet acute.,0.2546,moderate,1,0.4611,monitor,Selected monitor because it maximized deterministic net value under current constraints.,0.0,0.0,30.0,[]
45,Tampines,East,2026-04-22 08:00:00+08:00,0.7511,0.7511,high,42,-1.2631578,1.3125,peak hour,0.365,low,31.0,0.1377,low,intervention,Heuristic baseline policy recommends intervention because depletion risk or imbalance is already high.,0.4271,moderate,1,0.4611,monitor,Selected monitor because it maximized deterministic net value under current constraints.,0.0,0.0,30.0,[]
45,Tampines,East,2026-04-22 10:00:00+08:00,0.8588,0.8588,high,56,-0.3255814,2.074074,normal conditions,0.2038,low,26.0,0.0635,low,intervention,Heuristic baseline policy recommends intervention because depletion risk or imbalance is already high.,0.3923,moderate,2,0.4611,monitor,Selected monitor because it maximized deterministic net value under current constraints.,0.0,0.0,30.0,[]
45,Tampines,East,2026-04-22 12:00:00+08:00,0.473,0.473,medium,54,-1.037037,1.5,normal conditions,0.0446,low,35.0,0.0159,low,watchlist,Heuristic baseline policy recommends watchlist monitoring because signals are elevated but not yet acute.,0.1856,low,0,0.4611,monitor,Selected monitor because it maximized deterministic net value under current constraints.,0.0,0.0,30.0,[]
45,Tampines,East,2026-04-23 07:00:00+08:00,0.8824,0.8824,high,47,-0.84615386,1.5666667,peak hour,0.3149,low,29.0,0.1096,low,intervention,Heuristic baseline policy recommends intervention because depletion risk or imbalance is already high.,0.4505,moderate,1,0.4611,monitor,Selected monitor because it maximized deterministic net value under current constraints.,0.0,0.0,30.0,[]
45,Tampines,East,2026-04-27 10:00:00+08:00,0.9812,0.9812,high,36,-1.3125,1.5652174,normal conditions,0.2038,low,22.0,0.0707,low,intervention,Heuristic baseline policy recommends intervention because depletion risk or imbalance is already high.,0.4351,moderate,1,0.4611,monitor,Selected monitor because it maximized deterministic net value under current constraints.,0.0,0.0,30.0,[]
45,Tampines,East,2026-04-27 18:00:00+08:00,0.5069,0.5069,medium,50,-0.6451613,2.3809524,peak hour,0.365,low,20.0,0.108,low,watchlist,Heuristic baseline policy recommends watchlist monitoring because signals are elevated but not yet acute.,0.3417,moderate,1,0.4611,monitor,Selected monitor because it maximized deterministic net value under current constraints.,0.0,0.0,30.0,[]
45,Tampines,East,2026-04-28 17:00:00+08:00,0.8577,0.8577,high,30,-1.2142857,1.4285715,peak hour,0.3239,low,20.0,0.1166,low,intervention,Heuristic baseline policy recommends intervention because depletion risk or imbalance is already high.,0.446,moderate,1,0.4611,monitor,Selected monitor because it maximized deterministic net value under current constraints.,0.0,0.0,30.0,[]
45,Tampines,East,2026-04-28 22:00:00+08:00,0.9208,0.9208,high,31,-1.0,1.9375,normal conditions,0.0624,low,15.0,0.0197,low,intervention,Heuristic baseline policy recommends intervention because depletion risk or imbalance is already high.,0.3504,moderate,1,0.4611,monitor,Selected monitor because it maximized deterministic net value under current constraints.,0.0,0.0,30.0,[]
45,Tampines,East,2026-04-29 17:00:00+08:00,0.5574,0.5574,medium,29,-1.7272727,0.5686275,below yesterday baseline + peak hour,0.3239,low,50.0,0.2828,low,watchlist,Heuristic baseline policy recommends watchlist monitoring because signals are elevated but not yet acute.,0.4248,moderate,1,0.4611,monitor,Selected monitor because it maximized deterministic net value under current constraints.,0.0,0.0,30.0,[]
45,Tampines,East,2026-04-30 10:00:00+08:00,0.4646,0.4646,medium,31,0.13513513,1.4090909,normal conditions,0.2038,low,21.0,0.0739,low,watchlist,Heuristic baseline policy recommends watchlist monitoring because signals are elevated but not yet acute.,0.2543,moderate,1,0.4611,monitor,Selected monitor because it maximized deterministic net value under current constraints.,0.0,0.0,30.0,[]
45,Tampines,East,2026-04-30 17:00:00+08:00,0.8541,0.8541,high,37,-1.5333333,1.4230769,peak hour,0.3239,low,25.0,0.1173,low,intervention,Heuristic baseline policy recommends intervention because depletion risk or imbalance is already high.,0.4447,moderate,1,0.4611,monitor,Selected monitor because it maximized deterministic net value under current constraints.,0.0,0.0,30.0,[]
46,Tanglin,Central,2026-04-16 10:00:00+08:00,0.9898,0.9898,high,18,-2.0,4.735688,low supply,0.2038,low,2.8009,0.0484,low,intervention,Heuristic baseline policy recommends intervention because depletion risk or imbalance is already high.,0.4381,moderate,1,8.323,monitor,Selected monitor because it maximized deterministic net value under current constraints.,0.0,0.0,30.0,[]
46,Tanglin,Central,2026-04-17 12:00:00+08:00,0.6182,0.6182,medium,4,-0.6666667,1.0523752,critically low supply,0.0446,low,2.8009,0.0164,low,watchlist,Heuristic baseline policy recommends watchlist monitoring because signals are elevated but not yet acute.,0.2364,low,0,8.323,monitor,Selected monitor because it maximized deterministic net value under current constraints.,0.0,0.0,30.0,[]
46,Tanglin,Central,2026-04-17 13:00:00+08:00,0.4678,0.4678,medium,3,0.2,0.78928137,critically low supply,0.0304,low,2.8009,0.0129,low,watchlist,Heuristic baseline policy recommends watchlist monitoring because signals are elevated but not yet acute.,0.1774,low,0,8.323,monitor,Selected monitor because it maximized deterministic net value under current constraints.,0.0,0.0,30.0,[]
46,Tanglin,Central,2026-04-17 14:00:00+08:00,0.5934,0.5934,medium,3,0.0,0.78928137,critically low supply,0.0624,low,2.8009,0.0265,low,watchlist,Heuristic baseline policy recommends watchlist monitoring because signals are elevated but not yet acute.,0.2358,low,0,8.323,monitor,Selected monitor because it maximized deterministic net value under current constraints.,0.0,0.0,30.0,[]
46,Tanglin,Central,2026-04-17 15:00:00+08:00,0.6737,0.6737,medium,4,-0.25,1.0523752,critically low supply,0.1286,low,2.8009,0.0473,low,watchlist,Heuristic baseline policy recommends watchlist monitoring because signals are elevated but not yet acute.,0.2937,moderate,1,8.323,monitor,Selected monitor because it maximized deterministic net value under current constraints.,0.0,0.0,30.0,[]
46,Tanglin,Central,2026-04-17 16:00:00+08:00,0.4319,0.4319,medium,2,0.4,0.5261876,rapid depletion + sustained depletion + critically low supply + below yesterday baseline,0.2273,low,2.8009,0.179,low,watchlist,Heuristic baseline policy recommends watchlist monitoring because signals are elevated but not yet acute.,0.3106,moderate,2,8.323,monitor,Selected monitor because it maximized deterministic net value under current constraints.,0.0,0.0,30.0,[]
46,Tanglin,Central,2026-04-17 18:00:00+08:00,0.4577,0.4577,medium,2,0.0,0.5261876,critically low supply + below yesterday baseline + peak hour,0.365,low,2.8009,0.2529,low,watchlist,Heuristic baseline policy recommends watchlist monitoring because signals are elevated but not yet acute.,0.3816,moderate,4,8.323,monitor,Selected monitor because it maximized deterministic net value under current constraints.,0.0,0.0,30.0,[]
46,Tanglin,Central,2026-04-17 20:00:00+08:00,0.5099,0.5099,medium,2,0.0,0.5261876,critically low supply + below yesterday baseline + peak hour,0.2273,low,2.8009,0.179,low,watchlist,Heuristic baseline policy recommends watchlist monitoring because signals are elevated but not yet acute.,0.3379,moderate,5,8.323,monitor,Selected monitor because it maximized deterministic net value under current constraints.,0.0,0.0,30.0,[]
46,Tanglin,Central,2026-04-18 01:00:00+08:00,0.5386,0.5386,medium,3,-1.0,0.78928137,critically low supply,0.0352,low,2.8009,0.0149,low,watchlist,Heuristic baseline policy recommends watchlist monitoring because signals are elevated but not yet acute.,0.2043,low,0,8.323,monitor,Selected monitor because it maximized deterministic net value under current constraints.,0.0,0.0,30.0,[]
46,Tanglin,Central,2026-04-18 09:00:00+08:00,0.9775,0.9775,high,9,-2.0,2.367844,critically low supply + peak hour,0.3349,low,2.8009,0.092,low,intervention,Heuristic baseline policy recommends intervention because depletion risk or imbalance is already high.,0.4928,moderate,1,8.323,monitor,Selected monitor because it maximized deterministic net value under current constraints.,0.0,0.0,30.0,[]
46,Tanglin,Central,2026-04-18 11:00:00+08:00,0.4269,0.4269,medium,4,0.5,1.0523752,rapid depletion + critically low supply,0.1223,low,2.8009,0.045,low,watchlist,Heuristic baseline policy recommends watchlist monitoring because signals are elevated but not yet acute.,0.2044,low,0,8.323,monitor,Selected monitor because it maximized deterministic net value under current constraints.,0.0,0.0,30.0,[]
46,Tanglin,Central,2026-04-18 14:00:00+08:00,0.5179,0.5179,medium,4,-0.25,0.21052632,critically low supply + below yesterday baseline,0.0824,low,18.0,0.261,low,watchlist,Heuristic baseline policy recommends watchlist monitoring because signals are elevated but not yet acute.,0.3739,moderate,1,8.323,monitor,Selected monitor because it maximized deterministic net value under current constraints.,0.0,0.0,30.0,[]
46,Tanglin,Central,2026-04-18 21:00:00+08:00,0.6725,0.6725,medium,4,0.0,0.8,critically low supply,0.1486,low,4.0,0.0654,low,watchlist,Heuristic baseline policy recommends watchlist monitoring because signals are elevated but not yet acute.,0.3022,moderate,1,8.323,monitor,Selected monitor because it maximized deterministic net value under current constraints.,0.0,0.0,30.0,[]
46,Tanglin,Central,2026-04-19 03:00:00+08:00,0.4081,0.4081,medium,3,0.0,1.0,critically low supply,0.0424,low,2.0,0.0153,low,watchlist,Heuristic baseline policy recommends watchlist monitoring because signals are elevated but not yet acute.,0.1619,low,0,8.323,monitor,Selected monitor because it maximized deterministic net value under current constraints.,0.0,0.0,30.0,[]
46,Tanglin,Central,2026-04-19 10:00:00+08:00,0.818,0.818,high,5,-1.0,1.6666666,critically low supply,0.2238,low,2.0,0.0662,low,intervention,Heuristic baseline policy recommends intervention because depletion risk or imbalance is already high.,0.387,moderate,1,8.323,monitor,Selected monitor because it maximized deterministic net value under current constraints.,0.0,0.0,30.0,[]
46,Tanglin,Central,2026-04-19 14:00:00+08:00,0.4655,0.4655,medium,4,-0.25,1.3333334,critically low supply,0.0824,low,2.0,0.0264,low,watchlist,Heuristic baseline policy recommends watchlist monitoring because signals are elevated but not yet acute.,0.2,low,0,8.323,monitor,Selected monitor because it maximized deterministic net value under current constraints.,0.0,0.0,30.0,[]
46,Tanglin,Central,2026-04-19 18:00:00+08:00,0.66,0.66,medium,2,-0.5,0.2,critically low supply + below yesterday baseline + peak hour,0.385,low,9.0,0.6484,medium,watchlist,Heuristic baseline policy recommends watchlist monitoring because signals are elevated but not yet acute.,0.5598,high,2,8.323,driver_comms,Selected driver_comms because it maximized deterministic net value under current constraints.,0.1,0.0112,30.0,[]
46,Tanglin,Central,2026-04-19 20:00:00+08:00,0.5055,0.5055,medium,3,-0.33333334,0.5,critically low supply + below yesterday baseline + peak hour,0.2473,low,5.0,0.2284,low,watchlist,Heuristic baseline policy recommends watchlist monitoring because signals are elevated but not yet acute.,0.3682,moderate,4,8.323,monitor,Selected monitor because it maximized deterministic net value under current constraints.,0.0,0.0,30.0,[]
46,Tanglin,Central,2026-04-20 01:00:00+08:00,0.4432,0.4432,medium,2,0.0,0.4,critically low supply + below yesterday baseline,0.0152,low,4.0,0.1103,low,watchlist,Heuristic baseline policy recommends watchlist monitoring because signals are elevated but not yet acute.,0.262,moderate,1,8.323,monitor,Selected monitor because it maximized deterministic net value under current constraints.,0.0,0.0,30.0,[]
46,Tanglin,Central,2026-04-20 04:00:00+08:00,0.6645,0.6645,medium,3,-0.33333334,0.5,critically low supply + below yesterday baseline,0.0446,low,5.0,0.1068,low,watchlist,Heuristic baseline policy recommends watchlist monitoring because signals are elevated but not yet acute.,0.3326,moderate,1,8.323,monitor,Selected monitor because it maximized deterministic net value under current constraints.,0.0,0.0,30.0,[]
46,Tanglin,Central,2026-04-20 05:00:00+08:00,0.4765,0.4765,medium,3,0.0,1.0,critically low supply,0.1023,low,2.0,0.0368,low,watchlist,Heuristic baseline policy recommends watchlist monitoring because signals are elevated but not yet acute.,0.2128,low,0,8.323,monitor,Selected monitor because it maximized deterministic net value under current constraints.,0.0,0.0,30.0,[]
46,Tanglin,Central,2026-04-20 08:00:00+08:00,0.443,0.443,medium,4,-0.25,1.0,critically low supply + peak hour,0.365,low,3.0,0.1387,low,watchlist,Heuristic baseline policy recommends watchlist monitoring because signals are elevated but not yet acute.,0.3193,moderate,1,8.323,monitor,Selected monitor because it maximized deterministic net value under current constraints.,0.0,0.0,30.0,[]
46,Tanglin,Central,2026-04-20 09:00:00+08:00,0.8469,0.8469,high,5,-0.2,1.6666666,critically low supply + peak hour,0.3149,low,2.0,0.0932,low,intervention,Heuristic baseline policy recommends intervention because depletion risk or imbalance is already high.,0.4381,moderate,2,8.323,monitor,Selected monitor because it maximized deterministic net value under current constraints.,0.0,0.0,30.0,[]
46,Tanglin,Central,2026-04-20 10:00:00+08:00,0.7584,0.7584,high,4,0.16666667,1.3333334,critically low supply,0.2038,low,2.0,0.0652,low,intervention,Heuristic baseline policy recommends intervention because depletion risk or imbalance is already high.,0.3571,moderate,3,8.323,monitor,Selected monitor because it maximized deterministic net value under current constraints.,0.0,0.0,30.0,[]
46,Tanglin,Central,2026-04-20 11:00:00+08:00,0.4223,0.4223,medium,3,0.2,1.0,critically low supply,0.1023,low,2.0,0.0368,low,watchlist,Heuristic baseline policy recommends watchlist monitoring because signals are elevated but not yet acute.,0.1938,low,0,8.323,monitor,Selected monitor because it maximized deterministic net value under current constraints.,0.0,0.0,30.0,[]
46,Tanglin,Central,2026-04-20 19:00:00+08:00,0.5105,0.5105,medium,5,-0.5,1.6666666,critically low supply + peak hour,0.3239,low,2.0,0.0959,low,watchlist,Heuristic baseline policy recommends watchlist monitoring because signals are elevated but not yet acute.,0.3244,moderate,1,8.323,monitor,Selected monitor because it maximized deterministic net value under current constraints.,0.0,0.0,30.0,[]
46,Tanglin,Central,2026-04-20 22:00:00+08:00,0.4453,0.4453,medium,1,0.0,0.2,sustained depletion + critically low supply + below yesterday baseline,0.0624,low,4.0,0.2224,low,watchlist,Heuristic baseline policy recommends watchlist monitoring because signals are elevated but not yet acute.,0.3339,moderate,2,8.323,monitor,Selected monitor because it maximized deterministic net value under current constraints.,0.0,0.0,30.0,[]
46,Tanglin,Central,2026-04-20 23:00:00+08:00,0.4051,0.4051,medium,1,0.0,0.33333334,critically low supply + below yesterday baseline,0.0304,low,2.0,0.1207,low,watchlist,Heuristic baseline policy recommends watchlist monitoring because signals are elevated but not yet acute.,0.2555,moderate,3,8.323,monitor,Selected monitor because it maximized deterministic net value under current constraints.,0.0,0.0,30.0,[]
46,Tanglin,Central,2026-04-21 01:00:00+08:00,0.6247,0.6247,medium,2,-0.5,0.6666667,critically low supply + below yesterday baseline,0.0152,low,2.0,0.0067,low,watchlist,Heuristic baseline policy recommends watchlist monitoring because signals are elevated but not yet acute.,0.2255,low,0,8.323,monitor,Selected monitor because it maximized deterministic net value under current constraints.,0.0,0.0,30.0,[]
46,Tanglin,Central,2026-04-21 02:00:00+08:00,0.4691,0.4691,medium,3,-0.33333334,1.0,critically low supply,0.0164,low,2.0,0.0059,low,watchlist,Heuristic baseline policy recommends watchlist monitoring because signals are elevated but not yet acute.,0.1716,low,0,8.323,monitor,Selected monitor because it maximized deterministic net value under current constraints.,0.0,0.0,30.0,[]
46,Tanglin,Central,2026-04-21 11:00:00+08:00,0.9089,0.9089,high,6,-2.0,1.5,critically low supply,0.1023,low,3.0,0.0327,low,intervention,Heuristic baseline policy recommends intervention because depletion risk or imbalance is already high.,0.3642,moderate,1,8.323,monitor,Selected monitor because it maximized deterministic net value under current constraints.,0.0,0.0,30.0,[]
46,Tanglin,Central,2026-04-22 10:00:00+08:00,0.7647,0.7647,high,5,-0.5,1.0,critically low supply,0.2038,low,4.0,0.0799,low,intervention,Heuristic baseline policy recommends intervention because depletion risk or imbalance is already high.,0.3594,moderate,2,8.323,monitor,Selected monitor because it maximized deterministic net value under current constraints.,0.0,0.0,30.0,[]
46,Tanglin,Central,2026-04-22 11:00:00+08:00,0.4051,0.4051,medium,2,0.5,0.5,rapid depletion + critically low supply + below yesterday baseline,0.1023,low,3.0,0.124,low,watchlist,Heuristic baseline policy recommends watchlist monitoring because signals are elevated but not yet acute.,0.2545,moderate,3,8.323,monitor,Selected monitor because it maximized deterministic net value under current constraints.,0.0,0.0,30.0,[]
46,Tanglin,Central,2026-04-22 13:00:00+08:00,0.6675,0.6675,medium,4,-1.5,1.0,critically low supply,0.0304,low,3.0,0.0116,low,watchlist,Heuristic baseline policy recommends watchlist monitoring because signals are elevated but not yet acute.,0.2473,low,0,8.323,monitor,Selected monitor because it maximized deterministic net value under current constraints.,0.0,0.0,30.0,[]
46,Tanglin,Central,2026-04-22 14:00:00+08:00,0.6875,0.6875,medium,4,0.0,0.6666667,critically low supply + below yesterday baseline,0.0624,low,5.0,0.0712,low,watchlist,Heuristic baseline policy recommends watchlist monitoring because signals are elevated but not yet acute.,0.3087,moderate,1,8.323,monitor,Selected monitor because it maximized deterministic net value under current constraints.,0.0,0.0,30.0,[]
46,Tanglin,Central,2026-04-22 16:00:00+08:00,0.4511,0.4511,medium,2,0.25,0.6666667,sustained depletion + critically low supply + below yesterday baseline,0.2273,low,2.0,0.1,low,watchlist,Heuristic baseline policy recommends watchlist monitoring because signals are elevated but not yet acute.,0.2602,moderate,1,8.323,monitor,Selected monitor because it maximized deterministic net value under current constraints.,0.0,0.0,30.0,[]
46,Tanglin,Central,2026-04-22 20:00:00+08:00,0.4292,0.4292,medium,2,0.0,1.0,critically low supply + peak hour,0.2273,low,1.0,0.0727,low,watchlist,Heuristic baseline policy recommends watchlist monitoring because signals are elevated but not yet acute.,0.2525,moderate,5,8.323,monitor,Selected monitor because it maximized deterministic net value under current constraints.,0.0,0.0,30.0,[]
46,Tanglin,Central,2026-04-23 01:00:00+08:00,0.6185,0.6185,medium,5,-1.0,1.6666666,critically low supply,0.0152,low,2.0,0.0045,low,watchlist,Heuristic baseline policy recommends watchlist monitoring because signals are elevated but not yet acute.,0.2233,low,0,8.323,monitor,Selected monitor because it maximized deterministic net value under current constraints.,0.0,0.0,30.0,[]
46,Tanglin,Central,2026-04-23 11:00:00+08:00,0.9071,0.9071,high,8,-2.0,2.6666667,critically low supply,0.1023,low,2.0,0.0266,low,intervention,Heuristic baseline policy recommends intervention because depletion risk or imbalance is already high.,0.3635,moderate,1,8.323,monitor,Selected monitor because it maximized deterministic net value under current constraints.,0.0,0.0,30.0,[]
46,Tanglin,Central,2026-04-23 18:00:00+08:00,0.4561,0.4561,medium,2,0.0,0.5,sustained depletion + critically low supply + below yesterday baseline + peak hour,0.365,low,3.0,0.2711,low,watchlist,Heuristic baseline policy recommends watchlist monitoring because signals are elevated but not yet acute.,0.3906,moderate,2,8.323,monitor,Selected monitor because it maximized deterministic net value under current constraints.,0.0,0.0,30.0,[]
46,Tanglin,Central,2026-04-24 00:00:00+08:00,0.4203,0.4203,medium,4,-0.6666667,0.6666667,critically low supply + below yesterday baseline,0.015,low,5.0,0.0475,low,watchlist,Heuristic baseline policy recommends watchlist monitoring because signals are elevated but not yet acute.,0.1939,low,0,8.323,monitor,Selected monitor because it maximized deterministic net value under current constraints.,0.0,0.0,30.0,[]
46,Tanglin,Central,2026-04-24 14:00:00+08:00,0.8256,0.8256,high,4,-0.25,0.8,critically low supply,0.0624,low,4.0,0.0275,low,intervention,Heuristic baseline policy recommends intervention because depletion risk or imbalance is already high.,0.317,moderate,1,8.323,monitor,Selected monitor because it maximized deterministic net value under current constraints.,0.0,0.0,30.0,[]
46,Tanglin,Central,2026-04-24 16:00:00+08:00,0.6177,0.6177,medium,4,-0.25,1.0,critically low supply,0.2273,low,3.0,0.0864,low,watchlist,Heuristic baseline policy recommends watchlist monitoring because signals are elevated but not yet acute.,0.3185,moderate,1,8.323,monitor,Selected monitor because it maximized deterministic net value under current constraints.,0.0,0.0,30.0,[]
46,Tanglin,Central,2026-04-24 22:00:00+08:00,0.4175,0.4175,medium,2,0.0,0.6666667,critically low supply + below yesterday baseline,0.0624,low,2.0,0.0275,low,watchlist,Heuristic baseline policy recommends watchlist monitoring because signals are elevated but not yet acute.,0.1742,low,0,8.323,monitor,Selected monitor because it maximized deterministic net value under current constraints.,0.0,0.0,30.0,[]
46,Tanglin,Central,2026-04-25 09:00:00+08:00,0.5425,0.5425,medium,3,-1.0,0.33333334,critically low supply + below yesterday baseline + peak hour,0.3349,low,8.0,0.4063,medium,watchlist,Heuristic baseline policy recommends watchlist monitoring because signals are elevated but not yet acute.,0.4656,moderate,2,8.323,monitor,Selected monitor because it maximized deterministic net value under current constraints.,0.0,0.0,30.0,[]
46,Tanglin,Central,2026-04-25 10:00:00+08:00,0.666,0.666,medium,3,0.0,0.75,critically low supply,0.2238,low,3.0,0.0985,low,watchlist,Heuristic baseline policy recommends watchlist monitoring because signals are elevated but not yet acute.,0.3338,moderate,3,8.323,monitor,Selected monitor because it maximized deterministic net value under current constraints.,0.0,0.0,30.0,[]
46,Tanglin,Central,2026-04-25 23:00:00+08:00,0.437,0.437,medium,2,-0.5,0.4,critically low supply + below yesterday baseline,0.0504,low,4.0,0.1343,low,watchlist,Heuristic baseline policy recommends watchlist monitoring because signals are elevated but not yet acute.,0.2756,moderate,1,8.323,monitor,Selected monitor because it maximized deterministic net value under current constraints.,0.0,0.0,30.0,[]
46,Tanglin,Central,2026-04-26 01:00:00+08:00,0.4402,0.4402,medium,3,-1.0,0.6,critically low supply + below yesterday baseline,0.0352,low,4.0,0.0683,low,watchlist,Heuristic baseline policy recommends watchlist monitoring because signals are elevated but not yet acute.,0.2199,low,0,8.323,monitor,Selected monitor because it maximized deterministic net value under current constraints.,0.0,0.0,30.0,[]
46,Tanglin,Central,2026-04-26 22:00:00+08:00,0.7003,0.7003,high,3,-0.33333334,0.6,critically low supply + below yesterday baseline,0.0824,low,4.0,0.0928,low,watchlist,Heuristic baseline policy recommends watchlist monitoring because signals are elevated but not yet acute.,0.3322,moderate,3,8.323,monitor,Selected monitor because it maximized deterministic net value under current constraints.,0.0,0.0,30.0,[]
46,Tanglin,Central,2026-04-27 10:00:00+08:00,0.8414,0.8414,high,4,-1.5,1.0,critically low supply,0.2038,low,3.0,0.0774,low,intervention,Heuristic baseline policy recommends intervention because depletion risk or imbalance is already high.,0.3862,moderate,2,8.323,monitor,Selected monitor because it maximized deterministic net value under current constraints.,0.0,0.0,30.0,[]
46,Tanglin,Central,2026-04-27 15:00:00+08:00,0.5233,0.5233,medium,3,0.2,0.75,critically low supply,0.1286,low,3.0,0.0566,low,watchlist,Heuristic baseline policy recommends watchlist monitoring because signals are elevated but not yet acute.,0.241,low,0,8.323,monitor,Selected monitor because it maximized deterministic net value under current constraints.,0.0,0.0,30.0,[]
46,Tanglin,Central,2026-04-27 21:00:00+08:00,0.474,0.474,medium,2,0.0,0.6666667,critically low supply + below yesterday baseline,0.1286,low,2.0,0.0566,low,watchlist,Heuristic baseline policy recommends watchlist monitoring because signals are elevated but not yet acute.,0.2238,low,0,8.323,monitor,Selected monitor because it maximized deterministic net value under current constraints.,0.0,0.0,30.0,[]
46,Tanglin,Central,2026-04-27 23:00:00+08:00,0.6873,0.6873,medium,3,-0.33333334,0.6,critically low supply + below yesterday baseline,0.0304,low,4.0,0.0658,low,watchlist,Heuristic baseline policy recommends watchlist monitoring because signals are elevated but not yet acute.,0.3042,moderate,1,8.323,monitor,Selected monitor because it maximized deterministic net value under current constraints.,0.0,0.0,30.0,[]
46,Tanglin,Central,2026-04-28 06:00:00+08:00,0.7821,0.7821,high,3,-0.33333334,0.75,critically low supply,0.2038,low,3.0,0.0897,low,intervention,Heuristic baseline policy recommends intervention because depletion risk or imbalance is already high.,0.3654,moderate,1,8.323,monitor,Selected monitor because it maximized deterministic net value under current constraints.,0.0,0.0,30.0,[]
46,Tanglin,Central,2026-04-28 08:00:00+08:00,0.5988,0.5988,medium,2,0.4,0.6666667,rapid depletion + critically low supply + below yesterday baseline + peak hour,0.365,low,2.0,0.1606,low,watchlist,Heuristic baseline policy recommends watchlist monitoring because signals are elevated but not yet acute.,0.3738,moderate,1,8.323,monitor,Selected monitor because it maximized deterministic net value under current constraints.,0.0,0.0,30.0,[]
46,Tanglin,Central,2026-04-28 09:00:00+08:00,0.5467,0.5467,medium,3,-0.33333334,1.0,critically low supply + peak hour,0.3149,low,2.0,0.1134,low,watchlist,Heuristic baseline policy recommends watchlist monitoring because signals are elevated but not yet acute.,0.3331,moderate,2,8.323,monitor,Selected monitor because it maximized deterministic net value under current constraints.,0.0,0.0,30.0,[]
46,Tanglin,Central,2026-04-28 10:00:00+08:00,0.5555,0.5555,medium,4,-0.25,1.0,critically low supply,0.2038,low,3.0,0.0774,low,watchlist,Heuristic baseline policy recommends watchlist monitoring because signals are elevated but not yet acute.,0.2861,moderate,3,8.323,monitor,Selected monitor because it maximized deterministic net value under current constraints.,0.0,0.0,30.0,[]
46,Tanglin,Central,2026-04-28 17:00:00+08:00,0.4548,0.4548,medium,6,-0.4,2.0,critically low supply + peak hour,0.3239,low,2.0,0.0907,low,watchlist,Heuristic baseline policy recommends watchlist monitoring because signals are elevated but not yet acute.,0.3049,moderate,4,8.323,monitor,Selected monitor because it maximized deterministic net value under current constraints.,0.0,0.0,30.0,[]
46,Tanglin,Central,2026-04-29 08:00:00+08:00,0.774,0.774,high,4,-0.25,1.3333334,critically low supply + peak hour,0.365,low,2.0,0.1168,low,intervention,Heuristic baseline policy recommends intervention because depletion risk or imbalance is already high.,0.4352,moderate,1,8.323,monitor,Selected monitor because it maximized deterministic net value under current constraints.,0.0,0.0,30.0,[]
46,Tanglin,Central,2026-04-29 10:00:00+08:00,0.568,0.568,medium,2,0.4,0.6666667,rapid depletion + sustained depletion + critically low supply + below yesterday baseline,0.2038,low,2.0,0.0897,low,watchlist,Heuristic baseline policy recommends watchlist monitoring because signals are elevated but not yet acute.,0.2905,moderate,2,8.323,monitor,Selected monitor because it maximized deterministic net value under current constraints.,0.0,0.0,30.0,[]
46,Tanglin,Central,2026-04-29 18:00:00+08:00,0.4236,0.4236,medium,2,-0.5,0.4,critically low supply + below yesterday baseline + peak hour,0.365,low,4.0,0.3482,low,watchlist,Heuristic baseline policy recommends watchlist monitoring because signals are elevated but not yet acute.,0.4125,moderate,4,8.323,monitor,Selected monitor because it maximized deterministic net value under current constraints.,0.0,0.0,30.0,[]
46,Tanglin,Central,2026-04-30 01:00:00+08:00,0.5402,0.5402,medium,2,-2.0,0.6666667,critically low supply + below yesterday baseline,0.0152,low,2.0,0.0067,low,watchlist,Heuristic baseline policy recommends watchlist monitoring because signals are elevated but not yet acute.,0.1959,low,0,8.323,monitor,Selected monitor because it maximized deterministic net value under current constraints.,0.0,0.0,30.0,[]
46,Tanglin,Central,2026-04-30 03:00:00+08:00,0.4555,0.4555,medium,2,0.0,0.6666667,critically low supply + below yesterday baseline,0.0224,low,2.0,0.0099,low,watchlist,Heuristic baseline policy recommends watchlist monitoring because signals are elevated but not yet acute.,0.1695,low,0,8.323,monitor,Selected monitor because it maximized deterministic net value under current constraints.,0.0,0.0,30.0,[]
46,Tanglin,Central,2026-04-30 10:00:00+08:00,0.6987,0.6987,medium,3,-0.33333334,1.0,critically low supply,0.2038,low,2.0,0.0734,low,watchlist,Heuristic baseline policy recommends watchlist monitoring because signals are elevated but not yet acute.,0.3363,moderate,2,8.323,monitor,Selected monitor because it maximized deterministic net value under current constraints.,0.0,0.0,30.0,[]
46,Tanglin,Central,2026-04-30 20:00:00+08:00,0.6771,0.6771,medium,3,-2.0,1.0,critically low supply + peak hour,0.2273,low,2.0,0.0818,low,watchlist,Heuristic baseline policy recommends watchlist monitoring because signals are elevated but not yet acute.,0.3393,moderate,2,8.323,monitor,Selected monitor because it maximized deterministic net value under current constraints.,0.0,0.0,30.0,[]
46,Tanglin,Central,2026-05-01 00:00:00+08:00,0.441,0.441,medium,2,0.0,0.4,critically low supply + below yesterday baseline + public holiday,0.015,low,4.0,0.1102,low,watchlist,Heuristic baseline policy recommends watchlist monitoring because signals are elevated but not yet acute.,0.2611,moderate,1,8.323,monitor,Selected monitor because it maximized deterministic net value under current constraints.,0.0,0.0,30.0,[]
46,Tanglin,Central,2026-05-01 04:00:00+08:00,0.9583,0.9583,high,7,-1.6666666,1.75,critically low supply + public holiday,0.0446,low,3.0,0.0135,low,intervention,Heuristic baseline policy recommends intervention because depletion risk or imbalance is already high.,0.3555,moderate,1,8.323,monitor,Selected monitor because it maximized deterministic net value under current constraints.,0.0,0.0,30.0,[]
46,Tanglin,Central,2026-05-01 07:00:00+08:00,0.5573,0.5573,medium,5,-2.0,1.0,critically low supply + peak hour + public holiday,0.3149,low,4.0,0.1234,low,watchlist,Heuristic baseline policy recommends watchlist monitoring because signals are elevated but not yet acute.,0.3368,moderate,3,8.323,monitor,Selected monitor because it maximized deterministic net value under current constraints.,0.0,0.0,30.0,[]
46,Tanglin,Central,2026-05-01 11:00:00+08:00,0.8742,0.8742,high,3,-2.0,1.5,critically low supply + public holiday,0.1023,low,1.0,0.0286,low,intervention,Heuristic baseline policy recommends intervention because depletion risk or imbalance is already high.,0.352,moderate,5,8.323,monitor,Selected monitor because it maximized deterministic net value under current constraints.,0.0,0.0,30.0,[]
46,Tanglin,Central,2026-05-01 14:00:00+08:00,0.5027,0.5027,medium,2,0.25,2.0,sustained depletion + critically low supply + public holiday,0.0624,low,0.0,0.0275,low,watchlist,Heuristic baseline policy recommends watchlist monitoring because signals are elevated but not yet acute.,0.204,low,0,8.323,monitor,Selected monitor because it maximized deterministic net value under current constraints.,0.0,0.0,30.0,[]
46,Tanglin,Central,2026-05-01 15:00:00+08:00,0.6418,0.6418,medium,2,0.0,0.6666667,critically low supply + below yesterday baseline + public holiday,0.1286,low,2.0,0.0566,low,watchlist,Heuristic baseline policy recommends watchlist monitoring because signals are elevated but not yet acute.,0.2825,moderate,1,8.323,monitor,Selected monitor because it maximized deterministic net value under current constraints.,0.0,0.0,30.0,[]
46,Tanglin,Central,2026-05-01 16:00:00+08:00,0.518,0.518,medium,2,0.0,0.6666667,critically low supply + below yesterday baseline + public holiday,0.2273,low,2.0,0.1,low,watchlist,Heuristic baseline policy recommends watchlist monitoring because signals are elevated but not yet acute.,0.2836,moderate,2,8.323,monitor,Selected monitor because it maximized deterministic net value under current constraints.,0.0,0.0,30.0,[]
46,Tanglin,Central,2026-05-01 18:00:00+08:00,0.4224,0.4224,medium,4,0.0,1.3333334,critically low supply + peak hour + public holiday,0.365,low,2.0,0.1168,low,watchlist,Heuristic baseline policy recommends watchlist monitoring because signals are elevated but not yet acute.,0.3121,moderate,1,8.323,monitor,Selected monitor because it maximized deterministic net value under current constraints.,0.0,0.0,30.0,[]
46,Tanglin,Central,2026-05-01 19:00:00+08:00,0.4039,0.4039,medium,4,0.0,1.3333334,critically low supply + peak hour + public holiday,0.3239,low,2.0,0.1036,low,watchlist,Heuristic baseline policy recommends watchlist monitoring because signals are elevated but not yet acute.,0.2871,moderate,2,8.323,monitor,Selected monitor because it maximized deterministic net value under current constraints.,0.0,0.0,30.0,[]
46,Tanglin,Central,2026-05-02 01:00:00+08:00,0.4586,0.4586,medium,3,-0.33333334,0.75,critically low supply,0.0352,low,3.0,0.0155,low,watchlist,Heuristic baseline policy recommends watchlist monitoring because signals are elevated but not yet acute.,0.1763,low,0,8.323,monitor,Selected monitor because it maximized deterministic net value under current constraints.,0.0,0.0,30.0,[]
46,Tanglin,Central,2026-05-02 05:00:00+08:00,0.5192,0.5192,medium,1,0.0,0.25,sustained depletion + critically low supply + below yesterday baseline,0.1223,low,3.0,0.2458,low,watchlist,Heuristic baseline policy recommends watchlist monitoring because signals are elevated but not yet acute.,0.3701,moderate,2,8.323,monitor,Selected monitor because it maximized deterministic net value under current constraints.,0.0,0.0,30.0,[]
46,Tanglin,Central,2026-05-02 08:00:00+08:00,0.6295,0.6295,medium,3,-1.0,0.375,critically low supply + below yesterday baseline + peak hour,0.385,low,7.0,0.4069,medium,watchlist,Heuristic baseline policy recommends watchlist monitoring because signals are elevated but not yet acute.,0.5079,moderate,4,8.323,monitor,Selected monitor because it maximized deterministic net value under current constraints.,0.0,0.0,30.0,[]
46,Tanglin,Central,2026-05-02 16:00:00+08:00,0.5729,0.5729,medium,2,0.0,0.5,critically low supply + below yesterday baseline,0.2473,low,3.0,0.2052,low,watchlist,Heuristic baseline policy recommends watchlist monitoring because signals are elevated but not yet acute.,0.3785,moderate,2,8.323,monitor,Selected monitor because it maximized deterministic net value under current constraints.,0.0,0.0,30.0,[]
46,Tanglin,Central,2026-05-02 20:00:00+08:00,0.5104,0.5104,medium,2,-0.5,0.6666667,critically low supply + below yesterday baseline + peak hour,0.2473,low,2.0,0.1088,low,watchlist,Heuristic baseline policy recommends watchlist monitoring because signals are elevated but not yet acute.,0.2899,moderate,4,8.323,monitor,Selected monitor because it maximized deterministic net value under current constraints.,0.0,0.0,30.0,[]
47,Tengah,West,2026-04-16 10:00:00+08:00,0.9887,0.9887,high,17,-2.0,5.0,low supply,0.2038,low,0.7731,0.0436,low,intervention,Heuristic baseline policy recommends intervention because depletion risk or imbalance is already high.,0.4378,moderate,1,0.2,monitor,Selected monitor because it maximized deterministic net value under current constraints.,0.0,0.0,30.0,[]
47,Tengah,West,2026-04-17 13:00:00+08:00,0.5105,0.5105,medium,1,-1.0,0.56396866,critically low supply + below yesterday baseline,0.0304,low,0.7731,0.0134,low,watchlist,Heuristic baseline policy recommends watchlist monitoring because signals are elevated but not yet acute.,0.1924,low,0,0.2,monitor,Selected monitor because it maximized deterministic net value under current constraints.,0.0,0.0,30.0,[]
47,Tengah,West,2026-04-17 18:00:00+08:00,0.8265,0.8265,high,1,0.0,0.56396866,critically low supply + below yesterday baseline + peak hour,0.365,low,0.7731,0.1606,low,intervention,Heuristic baseline policy recommends intervention because depletion risk or imbalance is already high.,0.4535,moderate,4,0.2,monitor,Selected monitor because it maximized deterministic net value under current constraints.,0.0,0.0,30.0,[]
47,Tengah,West,2026-04-18 02:00:00+08:00,0.7608,0.7608,high,1,-1.0,0.56396866,critically low supply + below yesterday baseline,0.0364,low,0.7731,0.016,low,intervention,Heuristic baseline policy recommends intervention because depletion risk or imbalance is already high.,0.2827,moderate,1,0.2,monitor,Selected monitor because it maximized deterministic net value under current constraints.,0.0,0.0,30.0,[]
47,Tengah,West,2026-04-18 09:00:00+08:00,0.7751,0.7751,high,1,-1.0,0.56396866,critically low supply + below yesterday baseline + peak hour,0.3349,low,0.7731,0.1474,low,intervention,Heuristic baseline policy recommends intervention because depletion risk or imbalance is already high.,0.422,moderate,1,0.2,monitor,Selected monitor because it maximized deterministic net value under current constraints.,0.0,0.0,30.0,[]
47,Tengah,West,2026-04-18 11:00:00+08:00,0.6357,0.6357,medium,1,0.0,0.56396866,critically low supply + below yesterday baseline,0.1223,low,0.7731,0.0538,low,watchlist,Heuristic baseline policy recommends watchlist monitoring because signals are elevated but not yet acute.,0.2775,moderate,2,0.2,monitor,Selected monitor because it maximized deterministic net value under current constraints.,0.0,0.0,30.0,[]
47,Tengah,West,2026-04-18 12:00:00+08:00,0.4714,0.4714,medium,1,0.0,0.56396866,critically low supply + below yesterday baseline,0.0646,low,0.7731,0.0284,low,watchlist,Heuristic baseline policy recommends watchlist monitoring because signals are elevated but not yet acute.,0.1941,low,0,0.2,monitor,Selected monitor because it maximized deterministic net value under current constraints.,0.0,0.0,30.0,[]
47,Tengah,West,2026-04-18 14:00:00+08:00,0.8864,0.8864,high,1,-1.0,0.055555556,critically low supply + below yesterday baseline,0.0824,low,17.0,0.5409,medium,intervention,Heuristic baseline policy recommends intervention because depletion risk or imbalance is already high.,0.5356,moderate,1,0.2,monitor,Selected monitor because it maximized deterministic net value under current constraints.,0.0,0.0,30.0,[]
47,Tengah,West,2026-04-18 15:00:00+08:00,0.7399,0.7399,high,1,0.0,1.0,critically low supply,0.1486,low,0.0,0.0654,low,watchlist,Heuristic baseline policy recommends watchlist monitoring because signals are elevated but not yet acute.,0.3258,moderate,2,0.2,monitor,Selected monitor because it maximized deterministic net value under current constraints.,0.0,0.0,30.0,[]
47,Tengah,West,2026-04-18 16:00:00+08:00,0.7473,0.7473,high,1,0.0,0.5,critically low supply + below yesterday baseline,0.2473,low,1.0,0.1088,low,watchlist,Heuristic baseline policy recommends watchlist monitoring because signals are elevated but not yet acute.,0.3728,moderate,3,0.2,monitor,Selected monitor because it maximized deterministic net value under current constraints.,0.0,0.0,30.0,[]
47,Tengah,West,2026-04-19 00:00:00+08:00,0.7582,0.7582,high,1,-1.0,1.0,critically low supply,0.035,low,0.0,0.0154,low,intervention,Heuristic baseline policy recommends intervention because depletion risk or imbalance is already high.,0.2811,moderate,1,0.2,monitor,Selected monitor because it maximized deterministic net value under current constraints.,0.0,0.0,30.0,[]
47,Tengah,West,2026-04-19 03:00:00+08:00,0.7142,0.7142,high,1,-1.0,0.5,critically low supply + below yesterday baseline,0.0424,low,1.0,0.0187,low,watchlist,Heuristic baseline policy recommends watchlist monitoring because signals are elevated but not yet acute.,0.269,moderate,1,0.2,monitor,Selected monitor because it maximized deterministic net value under current constraints.,0.0,0.0,30.0,[]
47,Tengah,West,2026-04-19 04:00:00+08:00,0.8803,0.8803,high,1,0.0,1.0,critically low supply,0.0646,low,0.0,0.0284,low,intervention,Heuristic baseline policy recommends intervention because depletion risk or imbalance is already high.,0.3372,moderate,2,0.2,monitor,Selected monitor because it maximized deterministic net value under current constraints.,0.0,0.0,30.0,[]
47,Tengah,West,2026-04-19 05:00:00+08:00,0.8142,0.8142,high,1,0.0,1.0,critically low supply,0.1223,low,0.0,0.0538,low,intervention,Heuristic baseline policy recommends intervention because depletion risk or imbalance is already high.,0.34,moderate,3,0.2,monitor,Selected monitor because it maximized deterministic net value under current constraints.,0.0,0.0,30.0,[]
47,Tengah,West,2026-04-19 06:00:00+08:00,0.6393,0.6393,medium,1,0.0,1.0,critically low supply,0.2238,low,0.0,0.0985,low,watchlist,Heuristic baseline policy recommends watchlist monitoring because signals are elevated but not yet acute.,0.3245,moderate,4,0.2,monitor,Selected monitor because it maximized deterministic net value under current constraints.,0.0,0.0,30.0,[]
47,Tengah,West,2026-04-19 14:00:00+08:00,0.7729,0.7729,high,1,-1.0,0.5,critically low supply + below yesterday baseline,0.0824,low,1.0,0.0363,low,intervention,Heuristic baseline policy recommends intervention because depletion risk or imbalance is already high.,0.3076,moderate,1,0.2,monitor,Selected monitor because it maximized deterministic net value under current constraints.,0.0,0.0,30.0,[]
47,Tengah,West,2026-04-19 16:00:00+08:00,0.811,0.811,high,1,0.0,1.0,critically low supply,0.2473,low,0.0,0.1088,low,intervention,Heuristic baseline policy recommends intervention because depletion risk or imbalance is already high.,0.3951,moderate,2,0.2,monitor,Selected monitor because it maximized deterministic net value under current constraints.,0.0,0.0,30.0,[]
47,Tengah,West,2026-04-19 18:00:00+08:00,0.4519,0.4519,medium,1,-1.0,0.5,critically low supply + below yesterday baseline + peak hour,0.385,low,1.0,0.1694,low,watchlist,Heuristic baseline policy recommends watchlist monitoring because signals are elevated but not yet acute.,0.3314,moderate,4,0.2,monitor,Selected monitor because it maximized deterministic net value under current constraints.,0.0,0.0,30.0,[]
47,Tengah,West,2026-04-19 19:00:00+08:00,0.6962,0.6962,medium,1,0.0,0.5,critically low supply + below yesterday baseline + peak hour,0.3439,low,1.0,0.1513,low,watchlist,Heuristic baseline policy recommends watchlist monitoring because signals are elevated but not yet acute.,0.3984,moderate,5,0.2,monitor,Selected monitor because it maximized deterministic net value under current constraints.,0.0,0.0,30.0,[]
47,Tengah,West,2026-04-19 20:00:00+08:00,0.7933,0.7933,high,1,0.0,0.5,critically low supply + below yesterday baseline + peak hour,0.2473,low,1.0,0.1088,low,intervention,Heuristic baseline policy recommends intervention because depletion risk or imbalance is already high.,0.3889,moderate,6,0.2,monitor,Selected monitor because it maximized deterministic net value under current constraints.,0.0,0.0,30.0,[]
47,Tengah,West,2026-04-19 21:00:00+08:00,0.6179,0.6179,medium,1,0.0,1.0,critically low supply,0.1486,low,0.0,0.0654,low,watchlist,Heuristic baseline policy recommends watchlist monitoring because signals are elevated but not yet acute.,0.2831,moderate,7,0.2,monitor,Selected monitor because it maximized deterministic net value under current constraints.,0.0,0.0,30.0,[]
47,Tengah,West,2026-04-19 22:00:00+08:00,0.5574,0.5574,medium,1,0.0,0.5,critically low supply + below yesterday baseline,0.0824,low,1.0,0.0363,low,watchlist,Heuristic baseline policy recommends watchlist monitoring because signals are elevated but not yet acute.,0.2322,low,0,0.2,monitor,Selected monitor because it maximized deterministic net value under current constraints.,0.0,0.0,30.0,[]
47,Tengah,West,2026-04-20 01:00:00+08:00,0.7347,0.7347,high,1,-1.0,0.5,critically low supply + below yesterday baseline,0.0152,low,1.0,0.0067,low,watchlist,Heuristic baseline policy recommends watchlist monitoring because signals are elevated but not yet acute.,0.264,moderate,1,0.2,monitor,Selected monitor because it maximized deterministic net value under current constraints.,0.0,0.0,30.0,[]
47,Tengah,West,2026-04-20 02:00:00+08:00,0.7108,0.7108,high,1,0.0,1.0,critically low supply,0.0164,low,0.0,0.0072,low,watchlist,Heuristic baseline policy recommends watchlist monitoring because signals are elevated but not yet acute.,0.2562,moderate,2,0.2,monitor,Selected monitor because it maximized deterministic net value under current constraints.,0.0,0.0,30.0,[]
47,Tengah,West,2026-04-20 03:00:00+08:00,0.7016,0.7016,high,1,0.0,1.0,critically low supply,0.0224,low,0.0,0.0099,low,watchlist,Heuristic baseline policy recommends watchlist monitoring because signals are elevated but not yet acute.,0.2556,moderate,3,0.2,monitor,Selected monitor because it maximized deterministic net value under current constraints.,0.0,0.0,30.0,[]
47,Tengah,West,2026-04-20 04:00:00+08:00,0.5966,0.5966,medium,1,0.0,1.0,critically low supply,0.0446,low,0.0,0.0196,low,watchlist,Heuristic baseline policy recommends watchlist monitoring because signals are elevated but not yet acute.,0.2289,low,0,0.2,monitor,Selected monitor because it maximized deterministic net value under current constraints.,0.0,0.0,30.0,[]
47,Tengah,West,2026-04-20 05:00:00+08:00,0.5242,0.5242,medium,1,0.0,0.5,critically low supply + below yesterday baseline,0.1023,low,1.0,0.045,low,watchlist,Heuristic baseline policy recommends watchlist monitoring because signals are elevated but not yet acute.,0.2295,low,0,0.2,monitor,Selected monitor because it maximized deterministic net value under current constraints.,0.0,0.0,30.0,[]
47,Tengah,West,2026-04-20 08:00:00+08:00,0.8985,0.8985,high,2,-0.5,1.0,critically low supply + peak hour,0.365,low,1.0,0.1168,low,intervention,Heuristic baseline policy recommends intervention because depletion risk or imbalance is already high.,0.4787,moderate,3,0.2,monitor,Selected monitor because it maximized deterministic net value under current constraints.,0.0,0.0,30.0,[]
47,Tengah,West,2026-04-20 09:00:00+08:00,0.5833,0.5833,medium,1,0.33333334,0.5,rapid depletion + critically low supply + below yesterday baseline + peak hour,0.3149,low,1.0,0.1386,low,watchlist,Heuristic baseline policy recommends watchlist monitoring because signals are elevated but not yet acute.,0.3459,moderate,4,0.2,monitor,Selected monitor because it maximized deterministic net value under current constraints.,0.0,0.0,30.0,[]
47,Tengah,West,2026-04-20 10:00:00+08:00,0.6346,0.6346,medium,1,0.0,0.5,critically low supply + below yesterday baseline,0.2038,low,1.0,0.0897,low,watchlist,Heuristic baseline policy recommends watchlist monitoring because signals are elevated but not yet acute.,0.3138,moderate,5,0.2,monitor,Selected monitor because it maximized deterministic net value under current constraints.,0.0,0.0,30.0,[]
47,Tengah,West,2026-04-20 11:00:00+08:00,0.5722,0.5722,medium,1,0.0,0.5,critically low supply + below yesterday baseline,0.1023,low,1.0,0.045,low,watchlist,Heuristic baseline policy recommends watchlist monitoring because signals are elevated but not yet acute.,0.2463,low,0,0.2,monitor,Selected monitor because it maximized deterministic net value under current constraints.,0.0,0.0,30.0,[]
47,Tengah,West,2026-04-20 13:00:00+08:00,0.4608,0.4608,medium,1,-1.0,1.0,critically low supply,0.0304,low,0.0,0.0134,low,watchlist,Heuristic baseline policy recommends watchlist monitoring because signals are elevated but not yet acute.,0.175,low,0,0.2,monitor,Selected monitor because it maximized deterministic net value under current constraints.,0.0,0.0,30.0,[]
47,Tengah,West,2026-04-20 17:00:00+08:00,0.6217,0.6217,medium,2,-2.0,1.0,critically low supply + peak hour,0.3239,low,1.0,0.1036,low,watchlist,Heuristic baseline policy recommends watchlist monitoring because signals are elevated but not yet acute.,0.3634,moderate,2,0.2,monitor,Selected monitor because it maximized deterministic net value under current constraints.,0.0,0.0,30.0,[]
47,Tengah,West,2026-04-20 20:00:00+08:00,0.4439,0.4439,medium,1,-1.0,0.5,critically low supply + below yesterday baseline + peak hour,0.2273,low,1.0,0.1,low,watchlist,Heuristic baseline policy recommends watchlist monitoring because signals are elevated but not yet acute.,0.2577,moderate,5,0.2,monitor,Selected monitor because it maximized deterministic net value under current constraints.,0.0,0.0,30.0,[]
47,Tengah,West,2026-04-20 22:00:00+08:00,0.7385,0.7385,high,1,-1.0,0.5,critically low supply + below yesterday baseline,0.0624,low,1.0,0.0275,low,watchlist,Heuristic baseline policy recommends watchlist monitoring because signals are elevated but not yet acute.,0.2866,moderate,7,0.2,monitor,Selected monitor because it maximized deterministic net value under current constraints.,0.0,0.0,30.0,[]
47,Tengah,West,2026-04-20 23:00:00+08:00,0.7408,0.7408,high,1,0.0,0.5,critically low supply + below yesterday baseline,0.0304,low,1.0,0.0134,low,watchlist,Heuristic baseline policy recommends watchlist monitoring because signals are elevated but not yet acute.,0.273,moderate,8,0.2,monitor,Selected monitor because it maximized deterministic net value under current constraints.,0.0,0.0,30.0,[]
47,Tengah,West,2026-04-21 00:00:00+08:00,0.612,0.612,medium,1,0.0,1.0,critically low supply,0.015,low,0.0,0.0066,low,watchlist,Heuristic baseline policy recommends watchlist monitoring because signals are elevated but not yet acute.,0.2209,low,0,0.2,monitor,Selected monitor because it maximized deterministic net value under current constraints.,0.0,0.0,30.0,[]
47,Tengah,West,2026-04-21 02:00:00+08:00,0.568,0.568,medium,1,-1.0,0.5,critically low supply + below yesterday baseline,0.0164,low,1.0,0.0072,low,watchlist,Heuristic baseline policy recommends watchlist monitoring because signals are elevated but not yet acute.,0.2062,low,0,0.2,monitor,Selected monitor because it maximized deterministic net value under current constraints.,0.0,0.0,30.0,[]
47,Tengah,West,2026-04-21 03:00:00+08:00,0.6795,0.6795,medium,1,0.0,0.5,critically low supply + below yesterday baseline,0.0224,low,1.0,0.0099,low,watchlist,Heuristic baseline policy recommends watchlist monitoring because signals are elevated but not yet acute.,0.2479,low,0,0.2,monitor,Selected monitor because it maximized deterministic net value under current constraints.,0.0,0.0,30.0,[]
47,Tengah,West,2026-04-21 17:00:00+08:00,0.9322,0.9322,high,4,-2.0,2.0,critically low supply + peak hour,0.3239,low,1.0,0.0842,low,intervention,Heuristic baseline policy recommends intervention because depletion risk or imbalance is already high.,0.472,moderate,3,0.2,monitor,Selected monitor because it maximized deterministic net value under current constraints.,0.0,0.0,30.0,[]
47,Tengah,West,2026-04-22 08:00:00+08:00,0.8397,0.8397,high,2,-2.0,1.0,critically low supply + peak hour,0.365,low,1.0,0.1168,low,intervention,Heuristic baseline policy recommends intervention because depletion risk or imbalance is already high.,0.4581,moderate,1,0.2,monitor,Selected monitor because it maximized deterministic net value under current constraints.,0.0,0.0,30.0,[]
47,Tengah,West,2026-04-22 14:00:00+08:00,0.8005,0.8005,high,1,-1.0,1.0,critically low supply,0.0624,low,0.0,0.0275,low,intervention,Heuristic baseline policy recommends intervention because depletion risk or imbalance is already high.,0.3083,moderate,1,0.2,monitor,Selected monitor because it maximized deterministic net value under current constraints.,0.0,0.0,30.0,[]
47,Tengah,West,2026-04-22 15:00:00+08:00,0.8762,0.8762,high,1,0.0,1.0,critically low supply,0.1286,low,0.0,0.0566,low,intervention,Heuristic baseline policy recommends intervention because depletion risk or imbalance is already high.,0.3645,moderate,2,0.2,monitor,Selected monitor because it maximized deterministic net value under current constraints.,0.0,0.0,30.0,[]
47,Tengah,West,2026-04-22 23:00:00+08:00,0.7628,0.7628,high,1,-1.0,0.5,critically low supply + below yesterday baseline,0.0304,low,1.0,0.0134,low,intervention,Heuristic baseline policy recommends intervention because depletion risk or imbalance is already high.,0.2807,moderate,1,0.2,monitor,Selected monitor because it maximized deterministic net value under current constraints.,0.0,0.0,30.0,[]
47,Tengah,West,2026-04-23 01:00:00+08:00,0.7024,0.7024,high,1,0.0,1.0,critically low supply,0.0152,low,0.0,0.0067,low,watchlist,Heuristic baseline policy recommends watchlist monitoring because signals are elevated but not yet acute.,0.2527,moderate,2,0.2,monitor,Selected monitor because it maximized deterministic net value under current constraints.,0.0,0.0,30.0,[]
47,Tengah,West,2026-04-23 07:00:00+08:00,0.4635,0.4635,medium,1,0.0,0.5,critically low supply + below yesterday baseline + peak hour,0.3149,low,1.0,0.1386,low,watchlist,Heuristic baseline policy recommends watchlist monitoring because signals are elevated but not yet acute.,0.3039,moderate,3,0.2,monitor,Selected monitor because it maximized deterministic net value under current constraints.,0.0,0.0,30.0,[]
47,Tengah,West,2026-04-23 11:00:00+08:00,0.5836,0.5836,medium,2,-0.5,1.0,critically low supply,0.1023,low,1.0,0.0327,low,watchlist,Heuristic baseline policy recommends watchlist monitoring because signals are elevated but not yet acute.,0.2503,moderate,4,0.2,monitor,Selected monitor because it maximized deterministic net value under current constraints.,0.0,0.0,30.0,[]
47,Tengah,West,2026-04-23 15:00:00+08:00,0.408,0.408,medium,1,0.33333334,1.0,rapid depletion + critically low supply,0.1286,low,0.0,0.0566,low,watchlist,Heuristic baseline policy recommends watchlist monitoring because signals are elevated but not yet acute.,0.2007,low,0,0.2,monitor,Selected monitor because it maximized deterministic net value under current constraints.,0.0,0.0,30.0,[]
47,Tengah,West,2026-04-23 16:00:00+08:00,0.6454,0.6454,medium,1,0.0,1.0,critically low supply,0.2273,low,0.0,0.1,low,watchlist,Heuristic baseline policy recommends watchlist monitoring because signals are elevated but not yet acute.,0.3282,moderate,1,0.2,monitor,Selected monitor because it maximized deterministic net value under current constraints.,0.0,0.0,30.0,[]
47,Tengah,West,2026-04-23 18:00:00+08:00,0.5198,0.5198,medium,2,-0.5,0.4,critically low supply + below yesterday baseline + peak hour,0.365,low,4.0,0.3482,low,watchlist,Heuristic baseline policy recommends watchlist monitoring because signals are elevated but not yet acute.,0.4462,moderate,2,0.2,monitor,Selected monitor because it maximized deterministic net value under current constraints.,0.0,0.0,30.0,[]
47,Tengah,West,2026-04-24 07:00:00+08:00,0.5249,0.5249,medium,1,0.0,0.33333334,critically low supply + below yesterday baseline + peak hour,0.3149,low,2.0,0.3141,low,watchlist,Heuristic baseline policy recommends watchlist monitoring because signals are elevated but not yet acute.,0.4254,moderate,1,0.2,monitor,Selected monitor because it maximized deterministic net value under current constraints.,0.0,0.0,30.0,[]
47,Tengah,West,2026-04-24 14:00:00+08:00,0.7869,0.7869,high,1,-1.0,1.0,critically low supply,0.0624,low,0.0,0.0275,low,intervention,Heuristic baseline policy recommends intervention because depletion risk or imbalance is already high.,0.3035,moderate,1,0.2,monitor,Selected monitor because it maximized deterministic net value under current constraints.,0.0,0.0,30.0,[]
47,Tengah,West,2026-04-24 15:00:00+08:00,0.858,0.858,high,1,0.0,0.5,critically low supply + below yesterday baseline,0.1286,low,1.0,0.0566,low,intervention,Heuristic baseline policy recommends intervention because depletion risk or imbalance is already high.,0.3582,moderate,2,0.2,monitor,Selected monitor because it maximized deterministic net value under current constraints.,0.0,0.0,30.0,[]
47,Tengah,West,2026-04-24 16:00:00+08:00,0.7189,0.7189,high,1,0.0,0.5,critically low supply + below yesterday baseline,0.2273,low,1.0,0.1,low,watchlist,Heuristic baseline policy recommends watchlist monitoring because signals are elevated but not yet acute.,0.3539,moderate,3,0.2,monitor,Selected monitor because it maximized deterministic net value under current constraints.,0.0,0.0,30.0,[]
47,Tengah,West,2026-04-24 20:00:00+08:00,0.6231,0.6231,medium,1,-1.0,1.0,critically low supply + peak hour,0.2273,low,0.0,0.1,low,watchlist,Heuristic baseline policy recommends watchlist monitoring because signals are elevated but not yet acute.,0.3204,moderate,7,0.2,monitor,Selected monitor because it maximized deterministic net value under current constraints.,0.0,0.0,30.0,[]
47,Tengah,West,2026-04-24 21:00:00+08:00,0.7298,0.7298,high,1,0.0,1.0,critically low supply,0.1286,low,0.0,0.0566,low,watchlist,Heuristic baseline policy recommends watchlist monitoring because signals are elevated but not yet acute.,0.3133,moderate,8,0.2,monitor,Selected monitor because it maximized deterministic net value under current constraints.,0.0,0.0,30.0,[]
47,Tengah,West,2026-04-24 22:00:00+08:00,0.7797,0.7797,high,1,0.0,1.0,critically low supply,0.0624,low,0.0,0.0275,low,intervention,Heuristic baseline policy recommends intervention because depletion risk or imbalance is already high.,0.301,moderate,9,0.2,monitor,Selected monitor because it maximized deterministic net value under current constraints.,0.0,0.0,30.0,[]
47,Tengah,West,2026-04-24 23:00:00+08:00,0.4658,0.4658,medium,1,0.0,1.0,critically low supply,0.0304,low,0.0,0.0134,low,watchlist,Heuristic baseline policy recommends watchlist monitoring because signals are elevated but not yet acute.,0.1767,low,0,0.2,monitor,Selected monitor because it maximized deterministic net value under current constraints.,0.0,0.0,30.0,[]
47,Tengah,West,2026-04-25 03:00:00+08:00,0.5215,0.5215,medium,1,0.0,0.5,critically low supply + below yesterday baseline,0.0424,low,1.0,0.0187,low,watchlist,Heuristic baseline policy recommends watchlist monitoring because signals are elevated but not yet acute.,0.2016,low,0,0.2,monitor,Selected monitor because it maximized deterministic net value under current constraints.,0.0,0.0,30.0,[]
47,Tengah,West,2026-04-25 08:00:00+08:00,0.6697,0.6697,medium,1,0.0,0.5,critically low supply + below yesterday baseline + peak hour,0.385,low,1.0,0.1694,low,watchlist,Heuristic baseline policy recommends watchlist monitoring because signals are elevated but not yet acute.,0.4076,moderate,1,0.2,monitor,Selected monitor because it maximized deterministic net value under current constraints.,0.0,0.0,30.0,[]
47,Tengah,West,2026-04-25 09:00:00+08:00,0.7619,0.7619,high,1,0.0,0.33333334,critically low supply + below yesterday baseline + peak hour,0.3349,low,2.0,0.3277,low,intervention,Heuristic baseline policy recommends intervention because depletion risk or imbalance is already high.,0.5174,moderate,2,0.2,monitor,Selected monitor because it maximized deterministic net value under current constraints.,0.0,0.0,30.0,[]
47,Tengah,West,2026-04-25 10:00:00+08:00,0.6756,0.6756,medium,1,0.0,0.5,critically low supply + below yesterday baseline,0.2238,low,1.0,0.0985,low,watchlist,Heuristic baseline policy recommends watchlist monitoring because signals are elevated but not yet acute.,0.3372,moderate,3,0.2,monitor,Selected monitor because it maximized deterministic net value under current constraints.,0.0,0.0,30.0,[]
47,Tengah,West,2026-04-25 11:00:00+08:00,0.6341,0.6341,medium,1,0.0,0.5,critically low supply + below yesterday baseline,0.1223,low,1.0,0.0538,low,watchlist,Heuristic baseline policy recommends watchlist monitoring because signals are elevated but not yet acute.,0.277,moderate,4,0.2,monitor,Selected monitor because it maximized deterministic net value under current constraints.,0.0,0.0,30.0,[]
47,Tengah,West,2026-04-25 14:00:00+08:00,0.7677,0.7677,high,2,0.0,1.0,critically low supply,0.0824,low,1.0,0.0264,low,intervention,Heuristic baseline policy recommends intervention because depletion risk or imbalance is already high.,0.3058,moderate,1,0.2,monitor,Selected monitor because it maximized deterministic net value under current constraints.,0.0,0.0,30.0,[]
47,Tengah,West,2026-04-25 16:00:00+08:00,0.5336,0.5336,medium,1,0.0,0.5,critically low supply + below yesterday baseline,0.2473,low,1.0,0.1088,low,watchlist,Heuristic baseline policy recommends watchlist monitoring because signals are elevated but not yet acute.,0.298,moderate,1,0.2,monitor,Selected monitor because it maximized deterministic net value under current constraints.,0.0,0.0,30.0,[]
47,Tengah,West,2026-04-25 21:00:00+08:00,0.6701,0.6701,medium,1,0.0,1.0,critically low supply,0.1486,low,0.0,0.0654,low,watchlist,Heuristic baseline policy recommends watchlist monitoring because signals are elevated but not yet acute.,0.3014,moderate,1,0.2,monitor,Selected monitor because it maximized deterministic net value under current constraints.,0.0,0.0,30.0,[]
47,Tengah,West,2026-04-25 22:00:00+08:00,0.6448,0.6448,medium,1,0.0,1.0,critically low supply,0.0824,low,0.0,0.0363,low,watchlist,Heuristic baseline policy recommends watchlist monitoring because signals are elevated but not yet acute.,0.2628,moderate,2,0.2,monitor,Selected monitor because it maximized deterministic net value under current constraints.,0.0,0.0,30.0,[]
47,Tengah,West,2026-04-26 00:00:00+08:00,0.6555,0.6555,medium,1,-1.0,0.5,critically low supply + below yesterday baseline,0.035,low,1.0,0.0154,low,watchlist,Heuristic baseline policy recommends watchlist monitoring because signals are elevated but not yet acute.,0.2452,low,0,0.2,monitor,Selected monitor because it maximized deterministic net value under current constraints.,0.0,0.0,30.0,[]
47,Tengah,West,2026-04-26 01:00:00+08:00,0.6468,0.6468,medium,1,0.0,0.5,critically low supply + below yesterday baseline,0.0352,low,1.0,0.0155,low,watchlist,Heuristic baseline policy recommends watchlist monitoring because signals are elevated but not yet acute.,0.2422,low,0,0.2,monitor,Selected monitor because it maximized deterministic net value under current constraints.,0.0,0.0,30.0,[]
47,Tengah,West,2026-04-26 13:00:00+08:00,0.4989,0.4989,medium,1,-1.0,0.5,critically low supply + below yesterday baseline,0.0504,low,1.0,0.0222,low,watchlist,Heuristic baseline policy recommends watchlist monitoring because signals are elevated but not yet acute.,0.1973,low,0,0.2,monitor,Selected monitor because it maximized deterministic net value under current constraints.,0.0,0.0,30.0,[]
47,Tengah,West,2026-04-26 15:00:00+08:00,0.7262,0.7262,high,1,-1.0,0.5,critically low supply + below yesterday baseline,0.1486,low,1.0,0.0654,low,watchlist,Heuristic baseline policy recommends watchlist monitoring because signals are elevated but not yet acute.,0.321,moderate,1,0.2,monitor,Selected monitor because it maximized deterministic net value under current constraints.,0.0,0.0,30.0,[]
47,Tengah,West,2026-04-26 16:00:00+08:00,0.6571,0.6571,medium,1,0.0,0.5,critically low supply + below yesterday baseline,0.2473,low,1.0,0.1088,low,watchlist,Heuristic baseline policy recommends watchlist monitoring because signals are elevated but not yet acute.,0.3413,moderate,2,0.2,monitor,Selected monitor because it maximized deterministic net value under current constraints.,0.0,0.0,30.0,[]
47,Tengah,West,2026-04-26 17:00:00+08:00,0.4092,0.4092,medium,1,0.0,0.5,critically low supply + below yesterday baseline + peak hour,0.3439,low,1.0,0.1513,low,watchlist,Heuristic baseline policy recommends watchlist monitoring because signals are elevated but not yet acute.,0.298,moderate,3,0.2,monitor,Selected monitor because it maximized deterministic net value under current constraints.,0.0,0.0,30.0,[]
47,Tengah,West,2026-04-26 18:00:00+08:00,0.6181,0.6181,medium,1,0.0,0.5,critically low supply + below yesterday baseline + peak hour,0.385,low,1.0,0.1694,low,watchlist,Heuristic baseline policy recommends watchlist monitoring because signals are elevated but not yet acute.,0.3896,moderate,4,0.2,monitor,Selected monitor because it maximized deterministic net value under current constraints.,0.0,0.0,30.0,[]
47,Tengah,West,2026-04-26 20:00:00+08:00,0.4979,0.4979,medium,1,-1.0,0.5,critically low supply + below yesterday baseline + peak hour,0.2473,low,1.0,0.1088,low,watchlist,Heuristic baseline policy recommends watchlist monitoring because signals are elevated but not yet acute.,0.2855,moderate,6,0.2,monitor,Selected monitor because it maximized deterministic net value under current constraints.,0.0,0.0,30.0,[]
47,Tengah,West,2026-04-26 21:00:00+08:00,0.7795,0.7795,high,1,0.0,0.33333334,critically low supply + below yesterday baseline,0.1486,low,2.0,0.201,low,intervention,Heuristic baseline policy recommends intervention because depletion risk or imbalance is already high.,0.4397,moderate,7,0.2,monitor,Selected monitor because it maximized deterministic net value under current constraints.,0.0,0.0,30.0,[]
47,Tengah,West,2026-04-26 22:00:00+08:00,0.8827,0.8827,high,1,0.0,0.33333334,critically low supply + below yesterday baseline,0.0824,low,2.0,0.156,low,intervention,Heuristic baseline policy recommends intervention because depletion risk or imbalance is already high.,0.446,moderate,8,0.2,monitor,Selected monitor because it maximized deterministic net value under current constraints.,0.0,0.0,30.0,[]
47,Tengah,West,2026-04-27 00:00:00+08:00,0.5754,0.5754,medium,1,-1.0,0.5,critically low supply + below yesterday baseline,0.015,low,1.0,0.0066,low,watchlist,Heuristic baseline policy recommends watchlist monitoring because signals are elevated but not yet acute.,0.2081,low,0,0.2,monitor,Selected monitor because it maximized deterministic net value under current constraints.,0.0,0.0,30.0,[]
47,Tengah,West,2026-04-27 06:00:00+08:00,0.9129,0.9129,high,3,-1.0,1.5,critically low supply,0.2038,low,1.0,0.0571,low,intervention,Heuristic baseline policy recommends intervention because depletion risk or imbalance is already high.,0.4112,moderate,1,0.2,monitor,Selected monitor because it maximized deterministic net value under current constraints.,0.0,0.0,30.0,[]
47,Tengah,West,2026-04-27 16:00:00+08:00,0.4666,0.4666,medium,1,0.0,0.5,critically low supply + below yesterday baseline,0.2273,low,1.0,0.1,low,watchlist,Heuristic baseline policy recommends watchlist monitoring because signals are elevated but not yet acute.,0.2656,moderate,1,0.2,monitor,Selected monitor because it maximized deterministic net value under current constraints.,0.0,0.0,30.0,[]
47,Tengah,West,2026-04-27 18:00:00+08:00,0.6743,0.6743,medium,2,-0.5,1.0,critically low supply + peak hour,0.365,low,1.0,0.1168,low,watchlist,Heuristic baseline policy recommends watchlist monitoring because signals are elevated but not yet acute.,0.4003,moderate,3,0.2,monitor,Selected monitor because it maximized deterministic net value under current constraints.,0.0,0.0,30.0,[]
47,Tengah,West,2026-04-27 23:00:00+08:00,0.5824,0.5824,medium,1,-1.0,1.0,critically low supply,0.0304,low,0.0,0.0134,low,watchlist,Heuristic baseline policy recommends watchlist monitoring because signals are elevated but not yet acute.,0.2175,low,0,0.2,monitor,Selected monitor because it maximized deterministic net value under current constraints.,0.0,0.0,30.0,[]
47,Tengah,West,2026-04-28 00:00:00+08:00,0.6179,0.6179,medium,1,0.0,1.0,critically low supply,0.015,low,0.0,0.0066,low,watchlist,Heuristic baseline policy recommends watchlist monitoring because signals are elevated but not yet acute.,0.223,low,0,0.2,monitor,Selected monitor because it maximized deterministic net value under current constraints.,0.0,0.0,30.0,[]
47,Tengah,West,2026-04-28 02:00:00+08:00,0.5541,0.5541,medium,1,-1.0,1.0,critically low supply,0.0164,low,0.0,0.0072,low,watchlist,Heuristic baseline policy recommends watchlist monitoring because signals are elevated but not yet acute.,0.2013,low,0,0.2,monitor,Selected monitor because it maximized deterministic net value under current constraints.,0.0,0.0,30.0,[]
47,Tengah,West,2026-04-28 03:00:00+08:00,0.6795,0.6795,medium,1,0.0,0.5,critically low supply + below yesterday baseline,0.0224,low,1.0,0.0099,low,watchlist,Heuristic baseline policy recommends watchlist monitoring because signals are elevated but not yet acute.,0.2479,low,0,0.2,monitor,Selected monitor because it maximized deterministic net value under current constraints.,0.0,0.0,30.0,[]
47,Tengah,West,2026-04-28 04:00:00+08:00,0.8167,0.8167,high,1,0.0,0.5,critically low supply + below yesterday baseline,0.0446,low,1.0,0.0196,low,intervention,Heuristic baseline policy recommends intervention because depletion risk or imbalance is already high.,0.3059,moderate,1,0.2,monitor,Selected monitor because it maximized deterministic net value under current constraints.,0.0,0.0,30.0,[]
47,Tengah,West,2026-04-28 05:00:00+08:00,0.5242,0.5242,medium,1,0.0,0.5,critically low supply + below yesterday baseline,0.1023,low,1.0,0.045,low,watchlist,Heuristic baseline policy recommends watchlist monitoring because signals are elevated but not yet acute.,0.2295,low,0,0.2,monitor,Selected monitor because it maximized deterministic net value under current constraints.,0.0,0.0,30.0,[]
47,Tengah,West,2026-04-28 06:00:00+08:00,0.5444,0.5444,medium,1,0.0,0.5,critically low supply + below yesterday baseline,0.2038,low,1.0,0.0897,low,watchlist,Heuristic baseline policy recommends watchlist monitoring because signals are elevated but not yet acute.,0.2822,moderate,1,0.2,monitor,Selected monitor because it maximized deterministic net value under current constraints.,0.0,0.0,30.0,[]
47,Tengah,West,2026-04-28 08:00:00+08:00,0.8202,0.8202,high,2,-0.5,1.0,critically low supply + peak hour,0.365,low,1.0,0.1168,low,intervention,Heuristic baseline policy recommends intervention because depletion risk or imbalance is already high.,0.4513,moderate,1,0.2,monitor,Selected monitor because it maximized deterministic net value under current constraints.,0.0,0.0,30.0,[]
47,Tengah,West,2026-04-28 09:00:00+08:00,0.7704,0.7704,high,2,0.0,1.0,critically low supply + peak hour,0.3149,low,1.0,0.1008,low,intervention,Heuristic baseline policy recommends intervention because depletion risk or imbalance is already high.,0.4113,moderate,2,0.2,monitor,Selected monitor because it maximized deterministic net value under current constraints.,0.0,0.0,30.0,[]
47,Tengah,West,2026-04-28 10:00:00+08:00,0.4998,0.4998,medium,1,0.33333334,0.5,rapid depletion + critically low supply + below yesterday baseline,0.2038,low,1.0,0.0897,low,watchlist,Heuristic baseline policy recommends watchlist monitoring because signals are elevated but not yet acute.,0.2666,moderate,3,0.2,monitor,Selected monitor because it maximized deterministic net value under current constraints.,0.0,0.0,30.0,[]
47,Tengah,West,2026-04-28 22:00:00+08:00,0.7901,0.7901,high,1,-1.0,0.25,critically low supply + below yesterday baseline,0.0624,low,3.0,0.1907,low,intervention,Heuristic baseline policy recommends intervention because depletion risk or imbalance is already high.,0.4379,moderate,6,0.2,monitor,Selected monitor because it maximized deterministic net value under current constraints.,0.0,0.0,30.0,[]
47,Tengah,West,2026-04-28 23:00:00+08:00,0.8618,0.8618,high,2,-0.5,2.0,critically low supply,0.0304,low,0.0,0.0134,low,intervention,Heuristic baseline policy recommends intervention because depletion risk or imbalance is already high.,0.3153,moderate,7,0.2,monitor,Selected monitor because it maximized deterministic net value under current constraints.,0.0,0.0,30.0,[]
47,Tengah,West,2026-04-29 08:00:00+08:00,0.8599,0.8599,high,2,-2.0,1.0,critically low supply + peak hour,0.365,low,1.0,0.1168,low,intervention,Heuristic baseline policy recommends intervention because depletion risk or imbalance is already high.,0.4652,moderate,1,0.2,monitor,Selected monitor because it maximized deterministic net value under current constraints.,0.0,0.0,30.0,[]
47,Tengah,West,2026-04-29 20:00:00+08:00,0.4264,0.4264,medium,1,-1.0,0.5,critically low supply + below yesterday baseline + peak hour,0.2273,low,1.0,0.1,low,watchlist,Heuristic baseline policy recommends watchlist monitoring because signals are elevated but not yet acute.,0.2515,moderate,6,0.2,monitor,Selected monitor because it maximized deterministic net value under current constraints.,0.0,0.0,30.0,[]
47,Tengah,West,2026-04-30 01:00:00+08:00,0.7971,0.7971,high,2,-0.5,2.0,critically low supply,0.0152,low,0.0,0.0067,low,intervention,Heuristic baseline policy recommends intervention because depletion risk or imbalance is already high.,0.2858,moderate,7,0.2,monitor,Selected monitor because it maximized deterministic net value under current constraints.,0.0,0.0,30.0,[]
47,Tengah,West,2026-04-30 05:00:00+08:00,0.7389,0.7389,high,1,0.0,0.5,critically low supply + below yesterday baseline,0.1023,low,1.0,0.045,low,watchlist,Heuristic baseline policy recommends watchlist monitoring because signals are elevated but not yet acute.,0.3047,moderate,1,0.2,monitor,Selected monitor because it maximized deterministic net value under current constraints.,0.0,0.0,30.0,[]
47,Tengah,West,2026-04-30 17:00:00+08:00,0.9152,0.9152,high,3,-2.0,1.5,critically low supply + peak hour,0.3239,low,1.0,0.0907,low,intervention,Heuristic baseline policy recommends intervention because depletion risk or imbalance is already high.,0.4661,moderate,1,0.2,monitor,Selected monitor because it maximized deterministic net value under current constraints.,0.0,0.0,30.0,[]
47,Tengah,West,2026-05-01 04:00:00+08:00,0.8165,0.8165,high,1,-1.0,0.33333334,critically low supply + below yesterday baseline + public holiday,0.0446,low,2.0,0.1303,low,intervention,Heuristic baseline policy recommends intervention because depletion risk or imbalance is already high.,0.4058,moderate,1,0.2,monitor,Selected monitor because it maximized deterministic net value under current constraints.,0.0,0.0,30.0,[]
47,Tengah,West,2026-05-01 07:00:00+08:00,0.6084,0.6084,medium,2,-2.0,0.6666667,critically low supply + below yesterday baseline + peak hour + public holiday,0.3149,low,2.0,0.1386,low,watchlist,Heuristic baseline policy recommends watchlist monitoring because signals are elevated but not yet acute.,0.3546,moderate,3,0.2,monitor,Selected monitor because it maximized deterministic net value under current constraints.,0.0,0.0,30.0,[]
47,Tengah,West,2026-05-01 12:00:00+08:00,0.5699,0.5699,medium,2,-0.5,1.0,critically low supply + public holiday,0.0446,low,1.0,0.0143,low,watchlist,Heuristic baseline policy recommends watchlist monitoring because signals are elevated but not yet acute.,0.2195,low,0,0.2,monitor,Selected monitor because it maximized deterministic net value under current constraints.,0.0,0.0,30.0,[]
47,Tengah,West,2026-05-01 14:00:00+08:00,0.4474,0.4474,medium,1,-1.0,0.5,critically low supply + below yesterday baseline + public holiday,0.0624,low,1.0,0.0275,low,watchlist,Heuristic baseline policy recommends watchlist monitoring because signals are elevated but not yet acute.,0.1847,low,0,0.2,monitor,Selected monitor because it maximized deterministic net value under current constraints.,0.0,0.0,30.0,[]
47,Tengah,West,2026-05-01 21:00:00+08:00,0.728,0.728,high,1,-1.0,1.0,critically low supply + public holiday,0.1286,low,0.0,0.0566,low,watchlist,Heuristic baseline policy recommends watchlist monitoring because signals are elevated but not yet acute.,0.3127,moderate,7,0.2,monitor,Selected monitor because it maximized deterministic net value under current constraints.,0.0,0.0,30.0,[]
47,Tengah,West,2026-05-01 22:00:00+08:00,0.8553,0.8553,high,1,0.0,1.0,critically low supply + public holiday,0.0624,low,0.0,0.0275,low,intervention,Heuristic baseline policy recommends intervention because depletion risk or imbalance is already high.,0.3274,moderate,8,0.2,monitor,Selected monitor because it maximized deterministic net value under current constraints.,0.0,0.0,30.0,[]
47,Tengah,West,2026-05-02 03:00:00+08:00,0.7155,0.7155,high,1,-1.0,1.0,critically low supply,0.0424,low,0.0,0.0187,low,watchlist,Heuristic baseline policy recommends watchlist monitoring because signals are elevated but not yet acute.,0.2695,moderate,1,0.2,monitor,Selected monitor because it maximized deterministic net value under current constraints.,0.0,0.0,30.0,[]
47,Tengah,West,2026-05-02 05:00:00+08:00,0.7632,0.7632,high,1,-1.0,1.0,critically low supply,0.1223,low,0.0,0.0538,low,intervention,Heuristic baseline policy recommends intervention because depletion risk or imbalance is already high.,0.3222,moderate,1,0.2,monitor,Selected monitor because it maximized deterministic net value under current constraints.,0.0,0.0,30.0,[]
47,Tengah,West,2026-05-02 08:00:00+08:00,0.7434,0.7434,high,1,-1.0,0.5,critically low supply + below yesterday baseline + peak hour,0.385,low,1.0,0.1694,low,watchlist,Heuristic baseline policy recommends watchlist monitoring because signals are elevated but not yet acute.,0.4334,moderate,3,0.2,monitor,Selected monitor because it maximized deterministic net value under current constraints.,0.0,0.0,30.0,[]
47,Tengah,West,2026-05-02 13:00:00+08:00,0.6274,0.6274,medium,1,0.0,1.0,critically low supply,0.0504,low,0.0,0.0222,low,watchlist,Heuristic baseline policy recommends watchlist monitoring because signals are elevated but not yet acute.,0.2423,low,0,0.2,monitor,Selected monitor because it maximized deterministic net value under current constraints.,0.0,0.0,30.0,[]
47,Tengah,West,2026-05-02 14:00:00+08:00,0.8405,0.8405,high,1,0.0,0.5,critically low supply + below yesterday baseline,0.0824,low,1.0,0.0363,low,intervention,Heuristic baseline policy recommends intervention because depletion risk or imbalance is already high.,0.3313,moderate,1,0.2,monitor,Selected monitor because it maximized deterministic net value under current constraints.,0.0,0.0,30.0,[]
47,Tengah,West,2026-05-02 15:00:00+08:00,0.6802,0.6802,medium,1,0.0,0.33333334,critically low supply + below yesterday baseline,0.1486,low,2.0,0.201,low,watchlist,Heuristic baseline policy recommends watchlist monitoring because signals are elevated but not yet acute.,0.4049,moderate,2,0.2,monitor,Selected monitor because it maximized deterministic net value under current constraints.,0.0,0.0,30.0,[]
47,Tengah,West,2026-05-11 11:00:00+08:00,0.933,0.933,high,3,-2.0,1.5,critically low supply + rain,0.1689,low,1.0,0.0473,low,intervention,Heuristic baseline policy recommends intervention because depletion risk or imbalance is already high.,0.4026,moderate,1,0.2,monitor,Selected monitor because it maximized deterministic net value under current constraints.,0.0,0.0,30.0,[]
48,Toa Payoh,Central,2026-04-16 10:00:00+08:00,0.9897,0.9897,high,41,-1.625,2.708257,normal conditions,0.2038,low,14.1389,0.0576,low,intervention,Heuristic baseline policy recommends intervention because depletion risk or imbalance is already high.,0.4381,moderate,1,8.423,monitor,Selected monitor because it maximized deterministic net value under current constraints.,0.0,0.0,30.0,[]
48,Toa Payoh,Central,2026-04-17 10:00:00+08:00,0.6279,0.6279,medium,19,-0.1764706,1.2550459,low supply,0.2038,low,14.1389,0.0772,low,watchlist,Heuristic baseline policy recommends watchlist monitoring because signals are elevated but not yet acute.,0.3115,moderate,1,8.423,monitor,Selected monitor because it maximized deterministic net value under current constraints.,0.0,0.0,30.0,[]
48,Toa Payoh,Central,2026-04-18 09:00:00+08:00,0.7226,0.7226,high,20,-0.3125,1.321101,peak hour,0.3349,low,14.1389,0.1238,low,watchlist,Heuristic baseline policy recommends watchlist monitoring because signals are elevated but not yet acute.,0.4036,moderate,1,8.423,monitor,Selected monitor because it maximized deterministic net value under current constraints.,0.0,0.0,30.0,[]
48,Toa Payoh,Central,2026-04-19 06:00:00+08:00,0.4392,0.4392,medium,14,0.11764706,1.0769231,low supply,0.2238,low,12.0,0.0908,low,watchlist,Heuristic baseline policy recommends watchlist monitoring because signals are elevated but not yet acute.,0.2544,moderate,1,8.423,monitor,Selected monitor because it maximized deterministic net value under current constraints.,0.0,0.0,30.0,[]
48,Toa Payoh,Central,2026-04-22 03:00:00+08:00,0.9681,0.9681,high,22,-1.0909091,2.0,normal conditions,0.0224,low,10.0,0.0069,low,intervention,Heuristic baseline policy recommends intervention because depletion risk or imbalance is already high.,0.3489,moderate,1,8.423,monitor,Selected monitor because it maximized deterministic net value under current constraints.,0.0,0.0,30.0,[]
48,Toa Payoh,Central,2026-04-22 12:00:00+08:00,0.4609,0.4609,medium,14,0.0625,1.0769231,low supply,0.0446,low,12.0,0.0181,low,watchlist,Heuristic baseline policy recommends watchlist monitoring because signals are elevated but not yet acute.,0.1814,low,0,8.423,monitor,Selected monitor because it maximized deterministic net value under current constraints.,0.0,0.0,30.0,[]
48,Toa Payoh,Central,2026-04-22 21:00:00+08:00,0.6075,0.6075,medium,14,0.0625,1.1666666,low supply,0.1286,low,11.0,0.05,low,watchlist,Heuristic baseline policy recommends watchlist monitoring because signals are elevated but not yet acute.,0.2705,moderate,1,8.423,monitor,Selected monitor because it maximized deterministic net value under current constraints.,0.0,0.0,30.0,[]
48,Toa Payoh,Central,2026-04-23 18:00:00+08:00,0.9391,0.9391,high,19,-1.0,1.7272727,low supply + peak hour,0.365,low,10.0,0.1191,low,intervention,Heuristic baseline policy recommends intervention because depletion risk or imbalance is already high.,0.4929,moderate,1,8.423,monitor,Selected monitor because it maximized deterministic net value under current constraints.,0.0,0.0,30.0,[]
48,Toa Payoh,Central,2026-04-23 23:00:00+08:00,0.4522,0.4522,medium,18,0.05,1.125,low supply,0.0304,low,15.0,0.0122,low,watchlist,Heuristic baseline policy recommends watchlist monitoring because signals are elevated but not yet acute.,0.172,low,0,8.423,monitor,Selected monitor because it maximized deterministic net value under current constraints.,0.0,0.0,30.0,[]
48,Toa Payoh,Central,2026-04-24 10:00:00+08:00,0.9491,0.9491,high,21,-0.6923077,1.9090909,normal conditions,0.2038,low,10.0,0.0641,low,intervention,Heuristic baseline policy recommends intervention because depletion risk or imbalance is already high.,0.4239,moderate,2,8.423,monitor,Selected monitor because it maximized deterministic net value under current constraints.,0.0,0.0,30.0,[]
48,Toa Payoh,Central,2026-04-25 08:00:00+08:00,0.9513,0.9513,high,23,-0.71428573,1.6428572,peak hour,0.385,low,13.0,0.1292,low,intervention,Heuristic baseline policy recommends intervention because depletion risk or imbalance is already high.,0.5062,moderate,1,8.423,monitor,Selected monitor because it maximized deterministic net value under current constraints.,0.0,0.0,30.0,[]
48,Toa Payoh,Central,2026-04-26 03:00:00+08:00,0.4153,0.4153,medium,16,0.055555556,1.7777778,low supply,0.0424,low,8.0,0.0136,low,no_action,Heuristic baseline policy recommends no action because depletion risk and imbalance remain low.,0.1644,low,0,8.423,monitor,Selected monitor because it maximized deterministic net value under current constraints.,0.0,0.0,30.0,[]
48,Toa Payoh,Central,2026-04-26 12:00:00+08:00,0.4397,0.4397,medium,22,-0.2777778,1.8333334,normal conditions,0.0646,low,11.0,0.0207,low,no_action,Heuristic baseline policy recommends no action because depletion risk and imbalance remain low.,0.183,low,0,8.423,monitor,Selected monitor because it maximized deterministic net value under current constraints.,0.0,0.0,30.0,[]
48,Toa Payoh,Central,2026-04-26 15:00:00+08:00,0.5753,0.5753,medium,18,-0.46153846,1.8,low supply,0.1486,low,9.0,0.0476,low,watchlist,Heuristic baseline policy recommends watchlist monitoring because signals are elevated but not yet acute.,0.2682,moderate,1,8.423,monitor,Selected monitor because it maximized deterministic net value under current constraints.,0.0,0.0,30.0,[]
48,Toa Payoh,Central,2026-04-27 06:00:00+08:00,0.7053,0.7053,high,25,-0.3,1.9230769,normal conditions,0.2038,low,12.0,0.0642,low,watchlist,Heuristic baseline policy recommends watchlist monitoring because signals are elevated but not yet acute.,0.3386,moderate,1,8.423,monitor,Selected monitor because it maximized deterministic net value under current constraints.,0.0,0.0,30.0,[]
48,Toa Payoh,Central,2026-04-29 10:00:00+08:00,0.8312,0.8312,high,17,-2.0,1.2142857,low supply,0.2038,low,13.0,0.0782,low,intervention,Heuristic baseline policy recommends intervention because depletion risk or imbalance is already high.,0.3826,moderate,2,8.423,monitor,Selected monitor because it maximized deterministic net value under current constraints.,0.0,0.0,30.0,[]
48,Toa Payoh,Central,2026-04-30 04:00:00+08:00,0.6561,0.6561,medium,18,-0.11764706,1.2857143,low supply,0.0446,low,13.0,0.0167,low,watchlist,Heuristic baseline policy recommends watchlist monitoring because signals are elevated but not yet acute.,0.2497,low,0,8.423,monitor,Selected monitor because it maximized deterministic net value under current constraints.,0.0,0.0,30.0,[]
48,Toa Payoh,Central,2026-04-30 14:00:00+08:00,0.8478,0.8478,high,19,-1.2222222,1.117647,low supply,0.0624,low,16.0,0.0251,low,intervention,Heuristic baseline policy recommends intervention because depletion risk or imbalance is already high.,0.3248,moderate,1,8.423,monitor,Selected monitor because it maximized deterministic net value under current constraints.,0.0,0.0,30.0,[]
48,Toa Payoh,Central,2026-04-30 20:00:00+08:00,0.755,0.755,high,20,-2.0,1.25,peak hour,0.2273,low,15.0,0.0864,low,intervention,Heuristic baseline policy recommends intervention because depletion risk or imbalance is already high.,0.3665,moderate,3,8.423,monitor,Selected monitor because it maximized deterministic net value under current constraints.,0.0,0.0,30.0,[]
48,Toa Payoh,Central,2026-05-01 00:00:00+08:00,0.8851,0.8851,high,25,-1.0,2.0833333,public holiday,0.015,low,11.0,0.0046,low,intervention,Heuristic baseline policy recommends intervention because depletion risk or imbalance is already high.,0.3165,moderate,1,8.423,monitor,Selected monitor because it maximized deterministic net value under current constraints.,0.0,0.0,30.0,[]
48,Toa Payoh,Central,2026-05-01 10:00:00+08:00,0.7749,0.7749,high,19,-2.0,1.0555556,low supply + public holiday,0.2038,low,17.0,0.0845,low,intervention,Heuristic baseline policy recommends intervention because depletion risk or imbalance is already high.,0.3629,moderate,1,8.423,monitor,Selected monitor because it maximized deterministic net value under current constraints.,0.0,0.0,30.0,[]
48,Toa Payoh,Central,2026-05-01 14:00:00+08:00,0.4828,0.4828,medium,18,-0.1875,1.125,low supply + public holiday,0.0624,low,15.0,0.025,low,watchlist,Heuristic baseline policy recommends watchlist monitoring because signals are elevated but not yet acute.,0.1971,low,0,8.423,monitor,Selected monitor because it maximized deterministic net value under current constraints.,0.0,0.0,30.0,[]
49,Tuas,West,2026-04-16 02:00:00+08:00,0.4454,0.4454,medium,1,-0.11162791,0.5595855,critically low supply + below yesterday baseline,0.0164,low,0.787,0.0072,low,watchlist,Heuristic baseline policy recommends watchlist monitoring because signals are elevated but not yet acute.,0.1633,low,0,0.0,monitor,Selected monitor because it maximized deterministic net value under current constraints.,0.0,0.0,30.0,[]
49,Tuas,West,2026-04-16 10:00:00+08:00,0.9802,0.9802,high,4,-1.5,2.238342,critically low supply,0.2038,low,0.787,0.053,low,intervention,Heuristic baseline policy recommends intervention because depletion risk or imbalance is already high.,0.4348,moderate,1,0.0,monitor,Selected monitor because it maximized deterministic net value under current constraints.,0.0,0.0,30.0,[]
49,Tuas,West,2026-04-17 09:00:00+08:00,0.5555,0.5555,medium,1,0.6,0.5595855,rapid depletion + sustained depletion + critically low supply + below yesterday baseline + peak hour,0.3149,low,0.787,0.1386,low,watchlist,Heuristic baseline policy recommends watchlist monitoring because signals are elevated but not yet acute.,0.3361,moderate,2,0.0,monitor,Selected monitor because it maximized deterministic net value under current constraints.,0.0,0.0,30.0,[]
49,Tuas,West,2026-04-17 13:00:00+08:00,0.5814,0.5814,medium,1,-1.0,0.5595855,critically low supply + below yesterday baseline,0.0304,low,0.787,0.0134,low,watchlist,Heuristic baseline policy recommends watchlist monitoring because signals are elevated but not yet acute.,0.2172,low,0,0.0,monitor,Selected monitor because it maximized deterministic net value under current constraints.,0.0,0.0,30.0,[]
49,Tuas,West,2026-04-17 15:00:00+08:00,0.7626,0.7626,high,1,-1.0,0.5595855,critically low supply + below yesterday baseline,0.1286,low,0.787,0.0566,low,intervention,Heuristic baseline policy recommends intervention because depletion risk or imbalance is already high.,0.3248,moderate,1,0.0,monitor,Selected monitor because it maximized deterministic net value under current constraints.,0.0,0.0,30.0,[]
49,Tuas,West,2026-04-17 18:00:00+08:00,0.6557,0.6557,medium,1,-1.0,0.5595855,critically low supply + below yesterday baseline + peak hour,0.365,low,0.787,0.1606,low,watchlist,Heuristic baseline policy recommends watchlist monitoring because signals are elevated but not yet acute.,0.3937,moderate,4,0.0,monitor,Selected monitor because it maximized deterministic net value under current constraints.,0.0,0.0,30.0,[]
49,Tuas,West,2026-04-17 22:00:00+08:00,0.7705,0.7705,high,1,-1.0,0.5595855,critically low supply + below yesterday baseline,0.0624,low,0.787,0.0275,low,intervention,Heuristic baseline policy recommends intervention because depletion risk or imbalance is already high.,0.2978,moderate,7,0.0,monitor,Selected monitor because it maximized deterministic net value under current constraints.,0.0,0.0,30.0,[]
49,Tuas,West,2026-04-18 00:00:00+08:00,0.7545,0.7545,high,1,-1.0,0.5595855,critically low supply + below yesterday baseline,0.035,low,0.787,0.0154,low,intervention,Heuristic baseline policy recommends intervention because depletion risk or imbalance is already high.,0.2798,moderate,1,0.0,monitor,Selected monitor because it maximized deterministic net value under current constraints.,0.0,0.0,30.0,[]
49,Tuas,West,2026-04-18 01:00:00+08:00,0.6424,0.6424,medium,1,0.0,0.5595855,critically low supply + below yesterday baseline,0.0352,low,0.787,0.0155,low,watchlist,Heuristic baseline policy recommends watchlist monitoring because signals are elevated but not yet acute.,0.2407,low,0,0.0,monitor,Selected monitor because it maximized deterministic net value under current constraints.,0.0,0.0,30.0,[]
49,Tuas,West,2026-04-18 09:00:00+08:00,0.7911,0.7911,high,1,-1.0,0.5595855,critically low supply + below yesterday baseline + peak hour,0.3349,low,0.787,0.1474,low,intervention,Heuristic baseline policy recommends intervention because depletion risk or imbalance is already high.,0.4276,moderate,1,0.0,monitor,Selected monitor because it maximized deterministic net value under current constraints.,0.0,0.0,30.0,[]
49,Tuas,West,2026-04-18 16:00:00+08:00,0.65,0.65,medium,1,-1.0,1.0,critically low supply,0.2473,low,0.0,0.1088,low,watchlist,Heuristic baseline policy recommends watchlist monitoring because signals are elevated but not yet acute.,0.3388,moderate,3,0.0,monitor,Selected monitor because it maximized deterministic net value under current constraints.,0.0,0.0,30.0,[]
49,Tuas,West,2026-04-19 03:00:00+08:00,0.7221,0.7221,high,1,-1.0,0.5,critically low supply + below yesterday baseline,0.0424,low,1.0,0.0187,low,watchlist,Heuristic baseline policy recommends watchlist monitoring because signals are elevated but not yet acute.,0.2718,moderate,1,0.0,monitor,Selected monitor because it maximized deterministic net value under current constraints.,0.0,0.0,30.0,[]
49,Tuas,West,2026-04-19 05:00:00+08:00,0.7653,0.7653,high,1,-1.0,1.0,critically low supply,0.1223,low,0.0,0.0538,low,intervention,Heuristic baseline policy recommends intervention because depletion risk or imbalance is already high.,0.3229,moderate,1,0.0,monitor,Selected monitor because it maximized deterministic net value under current constraints.,0.0,0.0,30.0,[]
49,Tuas,West,2026-04-19 06:00:00+08:00,0.8015,0.8015,high,1,0.0,0.5,critically low supply + below yesterday baseline,0.2238,low,1.0,0.0985,low,intervention,Heuristic baseline policy recommends intervention because depletion risk or imbalance is already high.,0.3812,moderate,2,0.0,monitor,Selected monitor because it maximized deterministic net value under current constraints.,0.0,0.0,30.0,[]
49,Tuas,West,2026-04-19 10:00:00+08:00,0.8111,0.8111,high,1,0.0,1.0,critically low supply,0.2238,low,0.0,0.0985,low,intervention,Heuristic baseline policy recommends intervention because depletion risk or imbalance is already high.,0.3846,moderate,3,0.0,monitor,Selected monitor because it maximized deterministic net value under current constraints.,0.0,0.0,30.0,[]
49,Tuas,West,2026-04-19 16:00:00+08:00,0.65,0.65,medium,1,-1.0,1.0,critically low supply,0.2473,low,0.0,0.1088,low,watchlist,Heuristic baseline policy recommends watchlist monitoring because signals are elevated but not yet acute.,0.3388,moderate,1,0.0,monitor,Selected monitor because it maximized deterministic net value under current constraints.,0.0,0.0,30.0,[]
49,Tuas,West,2026-04-19 18:00:00+08:00,0.638,0.638,medium,1,-1.0,0.5,critically low supply + below yesterday baseline + peak hour,0.385,low,1.0,0.1694,low,watchlist,Heuristic baseline policy recommends watchlist monitoring because signals are elevated but not yet acute.,0.3965,moderate,3,0.0,monitor,Selected monitor because it maximized deterministic net value under current constraints.,0.0,0.0,30.0,[]
49,Tuas,West,2026-04-19 19:00:00+08:00,0.7468,0.7468,high,1,0.0,1.0,critically low supply + peak hour,0.3439,low,0.0,0.1513,low,watchlist,Heuristic baseline policy recommends watchlist monitoring because signals are elevated but not yet acute.,0.4161,moderate,4,0.0,monitor,Selected monitor because it maximized deterministic net value under current constraints.,0.0,0.0,30.0,[]
49,Tuas,West,2026-04-19 20:00:00+08:00,0.7577,0.7577,high,1,0.0,1.0,critically low supply + peak hour,0.2473,low,0.0,0.1088,low,intervention,Heuristic baseline policy recommends intervention because depletion risk or imbalance is already high.,0.3765,moderate,5,0.0,monitor,Selected monitor because it maximized deterministic net value under current constraints.,0.0,0.0,30.0,[]
49,Tuas,West,2026-04-19 21:00:00+08:00,0.6972,0.6972,medium,1,0.0,1.0,critically low supply,0.1486,low,0.0,0.0654,low,watchlist,Heuristic baseline policy recommends watchlist monitoring because signals are elevated but not yet acute.,0.3109,moderate,6,0.0,monitor,Selected monitor because it maximized deterministic net value under current constraints.,0.0,0.0,30.0,[]
49,Tuas,West,2026-04-20 00:00:00+08:00,0.7515,0.7515,high,1,-1.0,0.5,critically low supply + below yesterday baseline,0.015,low,1.0,0.0066,low,intervention,Heuristic baseline policy recommends intervention because depletion risk or imbalance is already high.,0.2698,moderate,1,0.0,monitor,Selected monitor because it maximized deterministic net value under current constraints.,0.0,0.0,30.0,[]
49,Tuas,West,2026-04-20 01:00:00+08:00,0.7144,0.7144,high,1,0.0,1.0,critically low supply,0.0152,low,0.0,0.0067,low,watchlist,Heuristic baseline policy recommends watchlist monitoring because signals are elevated but not yet acute.,0.2569,moderate,2,0.0,monitor,Selected monitor because it maximized deterministic net value under current constraints.,0.0,0.0,30.0,[]
49,Tuas,West,2026-04-20 02:00:00+08:00,0.6482,0.6482,medium,1,0.0,1.0,critically low supply,0.0164,low,0.0,0.0072,low,watchlist,Heuristic baseline policy recommends watchlist monitoring because signals are elevated but not yet acute.,0.2343,low,0,0.0,monitor,Selected monitor because it maximized deterministic net value under current constraints.,0.0,0.0,30.0,[]
49,Tuas,West,2026-04-20 03:00:00+08:00,0.5674,0.5674,medium,1,0.0,1.0,critically low supply,0.0224,low,0.0,0.0099,low,watchlist,Heuristic baseline policy recommends watchlist monitoring because signals are elevated but not yet acute.,0.2087,low,0,0.0,monitor,Selected monitor because it maximized deterministic net value under current constraints.,0.0,0.0,30.0,[]
49,Tuas,West,2026-04-20 06:00:00+08:00,0.977,0.977,high,2,-2.0,2.0,critically low supply,0.2038,low,0.0,0.0897,low,intervention,Heuristic baseline policy recommends intervention because depletion risk or imbalance is already high.,0.4337,moderate,2,0.0,monitor,Selected monitor because it maximized deterministic net value under current constraints.,0.0,0.0,30.0,[]
49,Tuas,West,2026-04-20 07:00:00+08:00,0.9675,0.9675,high,6,-1.3333334,5.0,critically low supply + peak hour,0.3149,low,0.0,0.1386,low,intervention,Heuristic baseline policy recommends intervention because depletion risk or imbalance is already high.,0.4803,moderate,3,0.0,monitor,Selected monitor because it maximized deterministic net value under current constraints.,0.0,0.0,30.0,[]
49,Tuas,West,2026-04-20 08:00:00+08:00,0.9074,0.9074,high,5,0.14285715,2.5,critically low supply + peak hour,0.365,low,1.0,0.0905,low,intervention,Heuristic baseline policy recommends intervention because depletion risk or imbalance is already high.,0.4818,moderate,4,0.0,monitor,Selected monitor because it maximized deterministic net value under current constraints.,0.0,0.0,30.0,[]
49,Tuas,West,2026-04-20 09:00:00+08:00,0.8198,0.8198,high,2,0.5,2.0,rapid depletion + sustained depletion + critically low supply + peak hour,0.3149,low,0.0,0.1386,low,intervention,Heuristic baseline policy recommends intervention because depletion risk or imbalance is already high.,0.4286,moderate,5,0.0,monitor,Selected monitor because it maximized deterministic net value under current constraints.,0.0,0.0,30.0,[]
49,Tuas,West,2026-04-20 11:00:00+08:00,0.4322,0.4322,medium,1,0.0,0.5,sustained depletion + critically low supply + below yesterday baseline,0.1023,low,1.0,0.045,low,watchlist,Heuristic baseline policy recommends watchlist monitoring because signals are elevated but not yet acute.,0.1973,low,0,0.0,monitor,Selected monitor because it maximized deterministic net value under current constraints.,0.0,0.0,30.0,[]
49,Tuas,West,2026-04-20 14:00:00+08:00,0.8038,0.8038,high,1,-1.0,1.0,critically low supply,0.0624,low,0.0,0.0275,low,intervention,Heuristic baseline policy recommends intervention because depletion risk or imbalance is already high.,0.3094,moderate,2,0.0,monitor,Selected monitor because it maximized deterministic net value under current constraints.,0.0,0.0,30.0,[]
49,Tuas,West,2026-04-20 15:00:00+08:00,0.8794,0.8794,high,1,0.0,1.0,critically low supply,0.1286,low,0.0,0.0566,low,intervention,Heuristic baseline policy recommends intervention because depletion risk or imbalance is already high.,0.3657,moderate,3,0.0,monitor,Selected monitor because it maximized deterministic net value under current constraints.,0.0,0.0,30.0,[]
49,Tuas,West,2026-04-20 18:00:00+08:00,0.9573,0.9573,high,2,-2.0,2.0,critically low supply + peak hour,0.365,low,0.0,0.1606,low,intervention,Heuristic baseline policy recommends intervention because depletion risk or imbalance is already high.,0.4993,moderate,5,0.0,monitor,Selected monitor because it maximized deterministic net value under current constraints.,0.0,0.0,30.0,[]
49,Tuas,West,2026-04-21 00:00:00+08:00,0.7226,0.7226,high,1,-1.0,1.0,critically low supply,0.015,low,0.0,0.0066,low,watchlist,Heuristic baseline policy recommends watchlist monitoring because signals are elevated but not yet acute.,0.2597,moderate,1,0.0,monitor,Selected monitor because it maximized deterministic net value under current constraints.,0.0,0.0,30.0,[]
49,Tuas,West,2026-04-21 03:00:00+08:00,0.6756,0.6756,medium,1,-1.0,0.5,critically low supply + below yesterday baseline,0.0224,low,1.0,0.0099,low,watchlist,Heuristic baseline policy recommends watchlist monitoring because signals are elevated but not yet acute.,0.2465,low,0,0.0,monitor,Selected monitor because it maximized deterministic net value under current constraints.,0.0,0.0,30.0,[]
49,Tuas,West,2026-04-22 08:00:00+08:00,0.9876,0.9876,high,8,-2.0,2.6666667,critically low supply + peak hour,0.365,low,2.0,0.0949,low,intervention,Heuristic baseline policy recommends intervention because depletion risk or imbalance is already high.,0.5099,moderate,1,0.0,monitor,Selected monitor because it maximized deterministic net value under current constraints.,0.0,0.0,30.0,[]
49,Tuas,West,2026-04-22 10:00:00+08:00,0.7112,0.7112,high,2,0.6666667,1.0,rapid depletion + critically low supply,0.2038,low,1.0,0.0652,low,watchlist,Heuristic baseline policy recommends watchlist monitoring because signals are elevated but not yet acute.,0.3406,moderate,2,0.0,monitor,Selected monitor because it maximized deterministic net value under current constraints.,0.0,0.0,30.0,[]
49,Tuas,West,2026-04-22 11:00:00+08:00,0.6862,0.6862,medium,2,0.0,1.0,sustained depletion + critically low supply,0.1023,low,1.0,0.0327,low,watchlist,Heuristic baseline policy recommends watchlist monitoring because signals are elevated but not yet acute.,0.2862,moderate,3,0.0,monitor,Selected monitor because it maximized deterministic net value under current constraints.,0.0,0.0,30.0,[]
49,Tuas,West,2026-04-22 14:00:00+08:00,0.4006,0.4006,medium,1,-1.0,0.5,critically low supply + below yesterday baseline,0.0624,low,1.0,0.0275,low,watchlist,Heuristic baseline policy recommends watchlist monitoring because signals are elevated but not yet acute.,0.1683,low,0,0.0,monitor,Selected monitor because it maximized deterministic net value under current constraints.,0.0,0.0,30.0,[]
49,Tuas,West,2026-04-22 15:00:00+08:00,0.7833,0.7833,high,2,-0.5,1.0,critically low supply,0.1286,low,1.0,0.0412,low,intervention,Heuristic baseline policy recommends intervention because depletion risk or imbalance is already high.,0.332,moderate,1,0.0,monitor,Selected monitor because it maximized deterministic net value under current constraints.,0.0,0.0,30.0,[]
49,Tuas,West,2026-04-22 16:00:00+08:00,0.5262,0.5262,medium,1,0.33333334,1.0,rapid depletion + critically low supply,0.2273,low,0.0,0.1,low,watchlist,Heuristic baseline policy recommends watchlist monitoring because signals are elevated but not yet acute.,0.2865,moderate,2,0.0,monitor,Selected monitor because it maximized deterministic net value under current constraints.,0.0,0.0,30.0,[]
49,Tuas,West,2026-04-22 19:00:00+08:00,0.7993,0.7993,high,3,-1.0,3.0,critically low supply + peak hour,0.3239,low,0.0,0.1425,low,intervention,Heuristic baseline policy recommends intervention because depletion risk or imbalance is already high.,0.4255,moderate,5,0.0,monitor,Selected monitor because it maximized deterministic net value under current constraints.,0.0,0.0,30.0,[]
49,Tuas,West,2026-04-23 07:00:00+08:00,0.467,0.467,medium,1,-1.0,1.0,critically low supply + peak hour,0.3149,low,0.0,0.1386,low,watchlist,Heuristic baseline policy recommends watchlist monitoring because signals are elevated but not yet acute.,0.3052,moderate,1,0.0,monitor,Selected monitor because it maximized deterministic net value under current constraints.,0.0,0.0,30.0,[]
49,Tuas,West,2026-04-23 11:00:00+08:00,0.7935,0.7935,high,1,0.0,0.5,critically low supply + below yesterday baseline,0.1023,low,1.0,0.045,low,intervention,Heuristic baseline policy recommends intervention because depletion risk or imbalance is already high.,0.3238,moderate,2,0.0,monitor,Selected monitor because it maximized deterministic net value under current constraints.,0.0,0.0,30.0,[]
49,Tuas,West,2026-04-23 15:00:00+08:00,0.8185,0.8185,high,2,-0.5,2.0,critically low supply,0.1286,low,0.0,0.0566,low,intervention,Heuristic baseline policy recommends intervention because depletion risk or imbalance is already high.,0.3443,moderate,3,0.0,monitor,Selected monitor because it maximized deterministic net value under current constraints.,0.0,0.0,30.0,[]
49,Tuas,West,2026-04-23 16:00:00+08:00,0.9229,0.9229,high,6,-1.3333334,5.0,critically low supply,0.2273,low,0.0,0.1,low,intervention,Heuristic baseline policy recommends intervention because depletion risk or imbalance is already high.,0.4253,moderate,4,0.0,monitor,Selected monitor because it maximized deterministic net value under current constraints.,0.0,0.0,30.0,[]
49,Tuas,West,2026-04-23 18:00:00+08:00,0.4171,0.4171,medium,1,0.71428573,0.5,rapid depletion + sustained depletion + critically low supply + below yesterday baseline + peak hour,0.365,low,1.0,0.1606,low,watchlist,Heuristic baseline policy recommends watchlist monitoring because signals are elevated but not yet acute.,0.3102,moderate,5,0.0,monitor,Selected monitor because it maximized deterministic net value under current constraints.,0.0,0.0,30.0,[]
49,Tuas,West,2026-04-24 01:00:00+08:00,0.634,0.634,medium,1,0.0,1.0,critically low supply,0.0152,low,0.0,0.0067,low,watchlist,Heuristic baseline policy recommends watchlist monitoring because signals are elevated but not yet acute.,0.2287,low,0,0.0,monitor,Selected monitor because it maximized deterministic net value under current constraints.,0.0,0.0,30.0,[]
49,Tuas,West,2026-04-24 07:00:00+08:00,0.5389,0.5389,medium,5,-2.0,0.5555556,critically low supply + below yesterday baseline + peak hour,0.3149,low,8.0,0.2589,low,watchlist,Heuristic baseline policy recommends watchlist monitoring because signals are elevated but not yet acute.,0.4053,moderate,1,0.0,monitor,Selected monitor because it maximized deterministic net value under current constraints.,0.0,0.0,30.0,[]
49,Tuas,West,2026-04-24 10:00:00+08:00,0.6538,0.6538,medium,1,0.6666667,0.33333334,rapid depletion + sustained depletion + critically low supply + below yesterday baseline,0.2038,low,2.0,0.2386,low,watchlist,Heuristic baseline policy recommends watchlist monitoring because signals are elevated but not yet acute.,0.4205,moderate,2,0.0,monitor,Selected monitor because it maximized deterministic net value under current constraints.,0.0,0.0,30.0,[]
49,Tuas,West,2026-04-24 11:00:00+08:00,0.7446,0.7446,high,1,0.0,0.33333334,sustained depletion + critically low supply + below yesterday baseline,0.1023,low,2.0,0.1696,low,watchlist,Heuristic baseline policy recommends watchlist monitoring because signals are elevated but not yet acute.,0.4066,moderate,3,0.0,monitor,Selected monitor because it maximized deterministic net value under current constraints.,0.0,0.0,30.0,[]
49,Tuas,West,2026-04-24 15:00:00+08:00,0.8006,0.8006,high,1,-1.0,0.5,critically low supply + below yesterday baseline,0.1286,low,1.0,0.0566,low,intervention,Heuristic baseline policy recommends intervention because depletion risk or imbalance is already high.,0.3381,moderate,1,0.0,monitor,Selected monitor because it maximized deterministic net value under current constraints.,0.0,0.0,30.0,[]
49,Tuas,West,2026-04-24 16:00:00+08:00,0.8679,0.8679,high,1,0.0,0.33333334,critically low supply + below yesterday baseline,0.2273,low,2.0,0.2546,low,intervention,Heuristic baseline policy recommends intervention because depletion risk or imbalance is already high.,0.5061,moderate,2,0.0,monitor,Selected monitor because it maximized deterministic net value under current constraints.,0.0,0.0,30.0,[]
49,Tuas,West,2026-04-24 19:00:00+08:00,0.4376,0.4376,medium,1,-1.0,0.5,critically low supply + below yesterday baseline + peak hour,0.3239,low,1.0,0.1425,low,watchlist,Heuristic baseline policy recommends watchlist monitoring because signals are elevated but not yet acute.,0.2989,moderate,5,0.0,monitor,Selected monitor because it maximized deterministic net value under current constraints.,0.0,0.0,30.0,[]
49,Tuas,West,2026-04-25 00:00:00+08:00,0.7603,0.7603,high,1,-1.0,1.0,critically low supply,0.035,low,0.0,0.0154,low,intervention,Heuristic baseline policy recommends intervention because depletion risk or imbalance is already high.,0.2819,moderate,1,0.0,monitor,Selected monitor because it maximized deterministic net value under current constraints.,0.0,0.0,30.0,[]
49,Tuas,West,2026-04-25 03:00:00+08:00,0.7983,0.7983,high,1,0.0,1.0,critically low supply,0.0424,low,0.0,0.0187,low,intervention,Heuristic baseline policy recommends intervention because depletion risk or imbalance is already high.,0.2985,moderate,2,0.0,monitor,Selected monitor because it maximized deterministic net value under current constraints.,0.0,0.0,30.0,[]
49,Tuas,West,2026-04-25 09:00:00+08:00,0.6653,0.6653,medium,1,-1.0,0.5,critically low supply + below yesterday baseline + peak hour,0.3349,low,1.0,0.1474,low,watchlist,Heuristic baseline policy recommends watchlist monitoring because signals are elevated but not yet acute.,0.3836,moderate,4,0.0,monitor,Selected monitor because it maximized deterministic net value under current constraints.,0.0,0.0,30.0,[]
49,Tuas,West,2026-04-25 16:00:00+08:00,0.7828,0.7828,high,1,-1.0,0.16666667,critically low supply + below yesterday baseline,0.2473,low,5.0,0.5062,medium,intervention,Heuristic baseline policy recommends intervention because depletion risk or imbalance is already high.,0.5453,moderate,3,0.0,monitor,Selected monitor because it maximized deterministic net value under current constraints.,0.0,0.0,30.0,[]
49,Tuas,West,2026-04-25 17:00:00+08:00,0.5521,0.5521,medium,1,0.0,0.5,critically low supply + below yesterday baseline + peak hour,0.3439,low,1.0,0.1513,low,watchlist,Heuristic baseline policy recommends watchlist monitoring because signals are elevated but not yet acute.,0.348,moderate,4,0.0,monitor,Selected monitor because it maximized deterministic net value under current constraints.,0.0,0.0,30.0,[]
49,Tuas,West,2026-04-25 23:00:00+08:00,0.7532,0.7532,high,1,-1.0,1.0,critically low supply,0.0504,low,0.0,0.0222,low,intervention,Heuristic baseline policy recommends intervention because depletion risk or imbalance is already high.,0.2863,moderate,1,0.0,monitor,Selected monitor because it maximized deterministic net value under current constraints.,0.0,0.0,30.0,[]
49,Tuas,West,2026-04-26 00:00:00+08:00,0.7768,0.7768,high,1,0.0,0.5,critically low supply + below yesterday baseline,0.035,low,1.0,0.0154,low,intervention,Heuristic baseline policy recommends intervention because depletion risk or imbalance is already high.,0.2876,moderate,2,0.0,monitor,Selected monitor because it maximized deterministic net value under current constraints.,0.0,0.0,30.0,[]
49,Tuas,West,2026-04-26 03:00:00+08:00,0.7067,0.7067,high,1,-1.0,1.0,critically low supply,0.0424,low,0.0,0.0187,low,watchlist,Heuristic baseline policy recommends watchlist monitoring because signals are elevated but not yet acute.,0.2664,moderate,1,0.0,monitor,Selected monitor because it maximized deterministic net value under current constraints.,0.0,0.0,30.0,[]
49,Tuas,West,2026-04-26 14:00:00+08:00,0.7709,0.7709,high,1,-1.0,1.0,critically low supply,0.0824,low,0.0,0.0363,low,intervention,Heuristic baseline policy recommends intervention because depletion risk or imbalance is already high.,0.3069,moderate,1,0.0,monitor,Selected monitor because it maximized deterministic net value under current constraints.,0.0,0.0,30.0,[]
49,Tuas,West,2026-04-26 15:00:00+08:00,0.8403,0.8403,high,1,0.0,0.5,critically low supply + below yesterday baseline,0.1486,low,1.0,0.0654,low,intervention,Heuristic baseline policy recommends intervention because depletion risk or imbalance is already high.,0.361,moderate,2,0.0,monitor,Selected monitor because it maximized deterministic net value under current constraints.,0.0,0.0,30.0,[]
49,Tuas,West,2026-04-26 16:00:00+08:00,0.7593,0.7593,high,1,0.0,0.5,critically low supply + below yesterday baseline,0.2473,low,1.0,0.1088,low,intervention,Heuristic baseline policy recommends intervention because depletion risk or imbalance is already high.,0.377,moderate,3,0.0,monitor,Selected monitor because it maximized deterministic net value under current constraints.,0.0,0.0,30.0,[]
49,Tuas,West,2026-04-26 17:00:00+08:00,0.4202,0.4202,medium,1,0.0,1.0,critically low supply + peak hour,0.3439,low,0.0,0.1513,low,watchlist,Heuristic baseline policy recommends watchlist monitoring because signals are elevated but not yet acute.,0.3018,moderate,4,0.0,monitor,Selected monitor because it maximized deterministic net value under current constraints.,0.0,0.0,30.0,[]
49,Tuas,West,2026-04-26 18:00:00+08:00,0.7229,0.7229,high,1,0.0,0.5,critically low supply + below yesterday baseline + peak hour,0.385,low,1.0,0.1694,low,watchlist,Heuristic baseline policy recommends watchlist monitoring because signals are elevated but not yet acute.,0.4263,moderate,5,0.0,monitor,Selected monitor because it maximized deterministic net value under current constraints.,0.0,0.0,30.0,[]
49,Tuas,West,2026-04-26 22:00:00+08:00,0.7677,0.7677,high,1,-1.0,1.0,critically low supply,0.0824,low,0.0,0.0363,low,intervention,Heuristic baseline policy recommends intervention because depletion risk or imbalance is already high.,0.3058,moderate,9,0.0,monitor,Selected monitor because it maximized deterministic net value under current constraints.,0.0,0.0,30.0,[]
49,Tuas,West,2026-04-27 06:00:00+08:00,0.7336,0.7336,high,1,-1.0,0.5,critically low supply + below yesterday baseline,0.2038,low,1.0,0.0897,low,watchlist,Heuristic baseline policy recommends watchlist monitoring because signals are elevated but not yet acute.,0.3485,moderate,1,0.0,monitor,Selected monitor because it maximized deterministic net value under current constraints.,0.0,0.0,30.0,[]
49,Tuas,West,2026-04-27 10:00:00+08:00,0.9063,0.9063,high,1,0.0,0.5,critically low supply + below yesterday baseline,0.2038,low,1.0,0.0897,low,intervention,Heuristic baseline policy recommends intervention because depletion risk or imbalance is already high.,0.4089,moderate,2,0.0,monitor,Selected monitor because it maximized deterministic net value under current constraints.,0.0,0.0,30.0,[]
49,Tuas,West,2026-04-27 15:00:00+08:00,0.8185,0.8185,high,2,-0.5,2.0,critically low supply,0.1286,low,0.0,0.0566,low,intervention,Heuristic baseline policy recommends intervention because depletion risk or imbalance is already high.,0.3443,moderate,3,0.0,monitor,Selected monitor because it maximized deterministic net value under current constraints.,0.0,0.0,30.0,[]
49,Tuas,West,2026-04-27 16:00:00+08:00,0.4632,0.4632,medium,1,0.33333334,1.0,rapid depletion + critically low supply,0.2273,low,0.0,0.1,low,watchlist,Heuristic baseline policy recommends watchlist monitoring because signals are elevated but not yet acute.,0.2644,moderate,4,0.0,monitor,Selected monitor because it maximized deterministic net value under current constraints.,0.0,0.0,30.0,[]
49,Tuas,West,2026-04-27 18:00:00+08:00,0.4908,0.4908,medium,2,-0.5,1.0,critically low supply + peak hour,0.365,low,1.0,0.1168,low,watchlist,Heuristic baseline policy recommends watchlist monitoring because signals are elevated but not yet acute.,0.336,moderate,1,0.0,monitor,Selected monitor because it maximized deterministic net value under current constraints.,0.0,0.0,30.0,[]
49,Tuas,West,2026-04-27 19:00:00+08:00,0.5786,0.5786,medium,2,0.0,2.0,critically low supply + peak hour,0.3239,low,0.0,0.1425,low,watchlist,Heuristic baseline policy recommends watchlist monitoring because signals are elevated but not yet acute.,0.3483,moderate,2,0.0,monitor,Selected monitor because it maximized deterministic net value under current constraints.,0.0,0.0,30.0,[]
49,Tuas,West,2026-04-28 02:00:00+08:00,0.7113,0.7113,high,1,-1.0,0.5,critically low supply + below yesterday baseline,0.0164,low,1.0,0.0072,low,watchlist,Heuristic baseline policy recommends watchlist monitoring because signals are elevated but not yet acute.,0.2563,moderate,1,0.0,monitor,Selected monitor because it maximized deterministic net value under current constraints.,0.0,0.0,30.0,[]
49,Tuas,West,2026-04-28 03:00:00+08:00,0.8138,0.8138,high,1,0.0,0.5,critically low supply + below yesterday baseline,0.0224,low,1.0,0.0099,low,intervention,Heuristic baseline policy recommends intervention because depletion risk or imbalance is already high.,0.2949,moderate,2,0.0,monitor,Selected monitor because it maximized deterministic net value under current constraints.,0.0,0.0,30.0,[]
49,Tuas,West,2026-04-28 06:00:00+08:00,0.8447,0.8447,high,2,-2.0,1.0,critically low supply,0.2038,low,1.0,0.0652,low,intervention,Heuristic baseline policy recommends intervention because depletion risk or imbalance is already high.,0.3874,moderate,2,0.0,monitor,Selected monitor because it maximized deterministic net value under current constraints.,0.0,0.0,30.0,[]
49,Tuas,West,2026-04-28 07:00:00+08:00,0.8952,0.8952,high,4,-0.6666667,4.0,critically low supply + peak hour,0.3149,low,0.0,0.1386,low,intervention,Heuristic baseline policy recommends intervention because depletion risk or imbalance is already high.,0.455,moderate,3,0.0,monitor,Selected monitor because it maximized deterministic net value under current constraints.,0.0,0.0,30.0,[]
49,Tuas,West,2026-04-28 08:00:00+08:00,0.8416,0.8416,high,7,-0.6,5.0,critically low supply + peak hour,0.365,low,0.0,0.1606,low,intervention,Heuristic baseline policy recommends intervention because depletion risk or imbalance is already high.,0.4588,moderate,4,0.0,monitor,Selected monitor because it maximized deterministic net value under current constraints.,0.0,0.0,30.0,[]
49,Tuas,West,2026-04-28 09:00:00+08:00,0.7377,0.7377,high,3,0.5,3.0,rapid depletion + critically low supply + peak hour,0.3149,low,0.0,0.1386,low,watchlist,Heuristic baseline policy recommends watchlist monitoring because signals are elevated but not yet acute.,0.3999,moderate,5,0.0,monitor,Selected monitor because it maximized deterministic net value under current constraints.,0.0,0.0,30.0,[]
49,Tuas,West,2026-04-28 23:00:00+08:00,0.7026,0.7026,high,1,-1.0,0.5,critically low supply + below yesterday baseline,0.0304,low,1.0,0.0134,low,watchlist,Heuristic baseline policy recommends watchlist monitoring because signals are elevated but not yet acute.,0.2596,moderate,3,0.0,monitor,Selected monitor because it maximized deterministic net value under current constraints.,0.0,0.0,30.0,[]
49,Tuas,West,2026-04-29 02:00:00+08:00,0.8127,0.8127,high,1,0.0,0.33333334,critically low supply + below yesterday baseline,0.0164,low,2.0,0.1112,low,intervention,Heuristic baseline policy recommends intervention because depletion risk or imbalance is already high.,0.3918,moderate,4,0.0,monitor,Selected monitor because it maximized deterministic net value under current constraints.,0.0,0.0,30.0,[]
49,Tuas,West,2026-04-29 08:00:00+08:00,0.9833,0.9833,high,5,-2.0,2.5,critically low supply + peak hour,0.365,low,1.0,0.0905,low,intervention,Heuristic baseline policy recommends intervention because depletion risk or imbalance is already high.,0.5084,moderate,5,0.0,monitor,Selected monitor because it maximized deterministic net value under current constraints.,0.0,0.0,30.0,[]
49,Tuas,West,2026-04-29 10:00:00+08:00,0.7867,0.7867,high,2,0.5,1.0,rapid depletion + critically low supply,0.2038,low,1.0,0.0652,low,intervention,Heuristic baseline policy recommends intervention because depletion risk or imbalance is already high.,0.3671,moderate,6,0.0,monitor,Selected monitor because it maximized deterministic net value under current constraints.,0.0,0.0,30.0,[]
49,Tuas,West,2026-04-30 01:00:00+08:00,0.6789,0.6789,medium,1,-1.0,1.0,critically low supply,0.0152,low,0.0,0.0067,low,watchlist,Heuristic baseline policy recommends watchlist monitoring because signals are elevated but not yet acute.,0.2445,low,0,0.0,monitor,Selected monitor because it maximized deterministic net value under current constraints.,0.0,0.0,30.0,[]
49,Tuas,West,2026-04-30 04:00:00+08:00,0.7559,0.7559,high,1,-1.0,1.0,critically low supply,0.0446,low,0.0,0.0196,low,intervention,Heuristic baseline policy recommends intervention because depletion risk or imbalance is already high.,0.2846,moderate,1,0.0,monitor,Selected monitor because it maximized deterministic net value under current constraints.,0.0,0.0,30.0,[]
49,Tuas,West,2026-04-30 06:00:00+08:00,0.7092,0.7092,high,1,-1.0,0.5,critically low supply + below yesterday baseline,0.2038,low,1.0,0.0897,low,watchlist,Heuristic baseline policy recommends watchlist monitoring because signals are elevated but not yet acute.,0.3399,moderate,3,0.0,monitor,Selected monitor because it maximized deterministic net value under current constraints.,0.0,0.0,30.0,[]
49,Tuas,West,2026-04-30 10:00:00+08:00,0.9561,0.9561,high,2,-0.5,2.0,critically low supply,0.2038,low,0.0,0.0897,low,intervention,Heuristic baseline policy recommends intervention because depletion risk or imbalance is already high.,0.4263,moderate,4,0.0,monitor,Selected monitor because it maximized deterministic net value under current constraints.,0.0,0.0,30.0,[]
49,Tuas,West,2026-04-30 11:00:00+08:00,0.5963,0.5963,medium,1,0.33333334,1.0,rapid depletion + critically low supply,0.1023,low,0.0,0.045,low,watchlist,Heuristic baseline policy recommends watchlist monitoring because signals are elevated but not yet acute.,0.2547,moderate,5,0.0,monitor,Selected monitor because it maximized deterministic net value under current constraints.,0.0,0.0,30.0,[]
49,Tuas,West,2026-04-30 17:00:00+08:00,0.5962,0.5962,medium,2,-2.0,0.4,critically low supply + below yesterday baseline + peak hour,0.3239,low,4.0,0.3203,low,watchlist,Heuristic baseline policy recommends watchlist monitoring because signals are elevated but not yet acute.,0.4544,moderate,1,0.0,monitor,Selected monitor because it maximized deterministic net value under current constraints.,0.0,0.0,30.0,[]
49,Tuas,West,2026-05-01 07:00:00+08:00,0.5836,0.5836,medium,6,-2.0,1.0,critically low supply + peak hour + public holiday,0.3149,low,5.0,0.126,low,watchlist,Heuristic baseline policy recommends watchlist monitoring because signals are elevated but not yet acute.,0.346,moderate,2,0.0,monitor,Selected monitor because it maximized deterministic net value under current constraints.,0.0,0.0,30.0,[]
49,Tuas,West,2026-05-01 15:00:00+08:00,0.7825,0.7825,high,1,-1.0,0.5,critically low supply + below yesterday baseline + public holiday,0.1286,low,1.0,0.0566,low,intervention,Heuristic baseline policy recommends intervention because depletion risk or imbalance is already high.,0.3317,moderate,1,0.0,monitor,Selected monitor because it maximized deterministic net value under current constraints.,0.0,0.0,30.0,[]
49,Tuas,West,2026-05-01 16:00:00+08:00,0.8418,0.8418,high,1,0.0,1.0,critically low supply + public holiday,0.2273,low,0.0,0.1,low,intervention,Heuristic baseline policy recommends intervention because depletion risk or imbalance is already high.,0.3969,moderate,2,0.0,monitor,Selected monitor because it maximized deterministic net value under current constraints.,0.0,0.0,30.0,[]
49,Tuas,West,2026-05-01 19:00:00+08:00,0.4573,0.4573,medium,1,-1.0,1.0,critically low supply + peak hour + public holiday,0.3239,low,0.0,0.1425,low,watchlist,Heuristic baseline policy recommends watchlist monitoring because signals are elevated but not yet acute.,0.3058,moderate,5,0.0,monitor,Selected monitor because it maximized deterministic net value under current constraints.,0.0,0.0,30.0,[]
49,Tuas,West,2026-05-01 20:00:00+08:00,0.8234,0.8234,high,2,-0.5,1.0,critically low supply + peak hour + public holiday,0.2273,low,1.0,0.0727,low,intervention,Heuristic baseline policy recommends intervention because depletion risk or imbalance is already high.,0.3905,moderate,6,0.0,monitor,Selected monitor because it maximized deterministic net value under current constraints.,0.0,0.0,30.0,[]
49,Tuas,West,2026-05-01 21:00:00+08:00,0.4567,0.4567,medium,1,0.33333334,0.33333334,rapid depletion + critically low supply + below yesterday baseline + public holiday,0.1286,low,2.0,0.1874,low,watchlist,Heuristic baseline policy recommends watchlist monitoring because signals are elevated but not yet acute.,0.3177,moderate,7,0.0,monitor,Selected monitor because it maximized deterministic net value under current constraints.,0.0,0.0,30.0,[]
49,Tuas,West,2026-05-01 23:00:00+08:00,0.4066,0.4066,medium,1,0.0,1.0,critically low supply + public holiday,0.0304,low,0.0,0.0134,low,watchlist,Heuristic baseline policy recommends watchlist monitoring because signals are elevated but not yet acute.,0.156,low,0,0.0,monitor,Selected monitor because it maximized deterministic net value under current constraints.,0.0,0.0,30.0,[]
49,Tuas,West,2026-05-02 03:00:00+08:00,0.7179,0.7179,high,1,-1.0,1.0,critically low supply,0.0424,low,0.0,0.0187,low,watchlist,Heuristic baseline policy recommends watchlist monitoring because signals are elevated but not yet acute.,0.2703,moderate,1,0.0,monitor,Selected monitor because it maximized deterministic net value under current constraints.,0.0,0.0,30.0,[]
49,Tuas,West,2026-05-02 05:00:00+08:00,0.9684,0.9684,high,3,-2.0,3.0,critically low supply,0.1223,low,0.0,0.0538,low,intervention,Heuristic baseline policy recommends intervention because depletion risk or imbalance is already high.,0.394,moderate,1,0.0,monitor,Selected monitor because it maximized deterministic net value under current constraints.,0.0,0.0,30.0,[]
49,Tuas,West,2026-05-02 08:00:00+08:00,0.9728,0.9728,high,4,-2.0,4.0,critically low supply + peak hour,0.385,low,0.0,0.1694,low,intervention,Heuristic baseline policy recommends intervention because depletion risk or imbalance is already high.,0.5137,moderate,3,0.0,monitor,Selected monitor because it maximized deterministic net value under current constraints.,0.0,0.0,30.0,[]
49,Tuas,West,2026-05-02 14:00:00+08:00,0.8768,0.8768,high,1,0.0,1.0,critically low supply,0.0824,low,0.0,0.0363,low,intervention,Heuristic baseline policy recommends intervention because depletion risk or imbalance is already high.,0.344,moderate,1,0.0,monitor,Selected monitor because it maximized deterministic net value under current constraints.,0.0,0.0,30.0,[]
49,Tuas,West,2026-05-02 15:00:00+08:00,0.7484,0.7484,high,2,-0.5,2.0,critically low supply,0.1486,low,0.0,0.0654,low,watchlist,Heuristic baseline policy recommends watchlist monitoring because signals are elevated but not yet acute.,0.3288,moderate,2,0.0,monitor,Selected monitor because it maximized deterministic net value under current constraints.,0.0,0.0,30.0,[]
49,Tuas,West,2026-05-02 19:00:00+08:00,0.5181,0.5181,medium,1,0.0,1.0,critically low supply + peak hour,0.3439,low,0.0,0.1513,low,watchlist,Heuristic baseline policy recommends watchlist monitoring because signals are elevated but not yet acute.,0.3361,moderate,1,0.0,monitor,Selected monitor because it maximized deterministic net value under current constraints.,0.0,0.0,30.0,[]
49,Tuas,West,2026-05-02 22:00:00+08:00,0.6804,0.6804,medium,1,-1.0,0.5,critically low supply + below yesterday baseline,0.0824,low,1.0,0.0363,low,watchlist,Heuristic baseline policy recommends watchlist monitoring because signals are elevated but not yet acute.,0.2752,moderate,3,0.0,monitor,Selected monitor because it maximized deterministic net value under current constraints.,0.0,0.0,30.0,[]
50,Western Islands,West,2026-04-16 10:00:00+08:00,0.9816,0.9816,high,3,-2.0,2.88,critically low supply,0.2038,low,0.0417,0.0571,low,intervention,Heuristic baseline policy recommends intervention because depletion risk or imbalance is already high.,0.4353,moderate,1,0.0,monitor,Selected monitor because it maximized deterministic net value under current constraints.,0.0,0.0,30.0,[]
50,Western Islands,West,2026-04-17 10:00:00+08:00,0.4928,0.4928,medium,1,-1.0,0.96,critically low supply,0.2038,low,0.0417,0.0897,low,watchlist,Heuristic baseline policy recommends watchlist monitoring because signals are elevated but not yet acute.,0.2642,moderate,3,0.0,monitor,Selected monitor because it maximized deterministic net value under current constraints.,0.0,0.0,30.0,[]
50,Western Islands,West,2026-04-20 08:00:00+08:00,0.8159,0.8159,high,1,-1.0,1.0,critically low supply + peak hour,0.365,low,0.0,0.1606,low,intervention,Heuristic baseline policy recommends intervention because depletion risk or imbalance is already high.,0.4498,moderate,4,0.0,monitor,Selected monitor because it maximized deterministic net value under current constraints.,0.0,0.0,30.0,[]
50,Western Islands,West,2026-04-26 19:00:00+08:00,0.7006,0.7006,high,1,-1.0,1.0,critically low supply + peak hour,0.3439,low,0.0,0.1513,low,watchlist,Heuristic baseline policy recommends watchlist monitoring because signals are elevated but not yet acute.,0.4,moderate,5,0.0,monitor,Selected monitor because it maximized deterministic net value under current constraints.,0.0,0.0,30.0,[]
50,Western Islands,West,2026-04-29 08:00:00+08:00,0.8159,0.8159,high,1,-1.0,1.0,critically low supply + peak hour,0.365,low,0.0,0.1606,low,intervention,Heuristic baseline policy recommends intervention because depletion risk or imbalance is already high.,0.4498,moderate,1,0.0,monitor,Selected monitor because it maximized deterministic net value under current constraints.,0.0,0.0,30.0,[]
50,Western Islands,West,2026-05-01 07:00:00+08:00,0.413,0.413,medium,1,-1.0,0.5,critically low supply + below yesterday baseline + peak hour + public holiday,0.3149,low,1.0,0.1386,low,watchlist,Heuristic baseline policy recommends watchlist monitoring because signals are elevated but not yet acute.,0.2863,moderate,2,0.0,monitor,Selected monitor because it maximized deterministic net value under current constraints.,0.0,0.0,30.0,[]
51,Western Water,West,2026-04-16 10:00:00+08:00,0.8813,0.8813,high,4,-1.5,1.3333334,critically low supply,0.2038,low,2.0,0.0652,low,intervention,Heuristic baseline policy recommends intervention because depletion risk or imbalance is already high.,0.4002,moderate,1,0.0,monitor,Selected monitor because it maximized deterministic net value under current constraints.,0.0,0.0,30.0,[]
51,Western Water,West,2026-04-17 09:00:00+08:00,0.8435,0.8435,high,5,-0.2,1.6666666,critically low supply + peak hour,0.3149,low,2.0,0.0932,low,intervention,Heuristic baseline policy recommends intervention because depletion risk or imbalance is already high.,0.4369,moderate,2,0.0,monitor,Selected monitor because it maximized deterministic net value under current constraints.,0.0,0.0,30.0,[]
51,Western Water,West,2026-04-17 10:00:00+08:00,0.6193,0.6193,medium,2,0.5,0.6666667,rapid depletion + sustained depletion + critically low supply + below yesterday baseline,0.2038,low,2.0,0.0897,low,watchlist,Heuristic baseline policy recommends watchlist monitoring because signals are elevated but not yet acute.,0.3085,moderate,3,0.0,monitor,Selected monitor because it maximized deterministic net value under current constraints.,0.0,0.0,30.0,[]
51,Western Water,West,2026-04-17 11:00:00+08:00,0.6599,0.6599,medium,2,0.0,0.6666667,sustained depletion + critically low supply + below yesterday baseline,0.1023,low,2.0,0.045,low,watchlist,Heuristic baseline policy recommends watchlist monitoring because signals are elevated but not yet acute.,0.277,moderate,4,0.0,monitor,Selected monitor because it maximized deterministic net value under current constraints.,0.0,0.0,30.0,[]
51,Western Water,West,2026-04-17 13:00:00+08:00,0.5738,0.5738,medium,2,-2.0,0.6666667,critically low supply + below yesterday baseline,0.0304,low,2.0,0.0134,low,watchlist,Heuristic baseline policy recommends watchlist monitoring because signals are elevated but not yet acute.,0.2145,low,0,0.0,monitor,Selected monitor because it maximized deterministic net value under current constraints.,0.0,0.0,30.0,[]
51,Western Water,West,2026-04-17 15:00:00+08:00,0.5903,0.5903,medium,3,-1.0,1.0,critically low supply,0.1286,low,2.0,0.0463,low,watchlist,Heuristic baseline policy recommends watchlist monitoring because signals are elevated but not yet acute.,0.2645,moderate,1,0.0,monitor,Selected monitor because it maximized deterministic net value under current constraints.,0.0,0.0,30.0,[]
51,Western Water,West,2026-04-17 17:00:00+08:00,0.5577,0.5577,medium,3,-2.0,1.0,critically low supply + peak hour,0.3239,low,2.0,0.1166,low,watchlist,Heuristic baseline policy recommends watchlist monitoring because signals are elevated but not yet acute.,0.341,moderate,3,0.0,monitor,Selected monitor because it maximized deterministic net value under current constraints.,0.0,0.0,30.0,[]
51,Western Water,West,2026-04-17 22:00:00+08:00,0.6679,0.6679,medium,3,-1.0,1.0,critically low supply,0.0624,low,2.0,0.0225,low,watchlist,Heuristic baseline policy recommends watchlist monitoring because signals are elevated but not yet acute.,0.2618,moderate,7,0.0,monitor,Selected monitor because it maximized deterministic net value under current constraints.,0.0,0.0,30.0,[]
51,Western Water,West,2026-04-18 02:00:00+08:00,0.5673,0.5673,medium,1,-1.0,0.33333334,critically low supply + below yesterday baseline,0.0364,low,2.0,0.1248,low,watchlist,Heuristic baseline policy recommends watchlist monitoring because signals are elevated but not yet acute.,0.3149,moderate,1,0.0,monitor,Selected monitor because it maximized deterministic net value under current constraints.,0.0,0.0,30.0,[]
51,Western Water,West,2026-04-18 04:00:00+08:00,0.5772,0.5772,medium,1,-1.0,0.33333334,critically low supply + below yesterday baseline,0.0646,low,2.0,0.1439,low,watchlist,Heuristic baseline policy recommends watchlist monitoring because signals are elevated but not yet acute.,0.3311,moderate,1,0.0,monitor,Selected monitor because it maximized deterministic net value under current constraints.,0.0,0.0,30.0,[]
51,Western Water,West,2026-04-18 09:00:00+08:00,0.4708,0.4708,medium,1,0.0,0.33333334,critically low supply + below yesterday baseline + peak hour,0.3349,low,2.0,0.3277,low,watchlist,Heuristic baseline policy recommends watchlist monitoring because signals are elevated but not yet acute.,0.4155,moderate,2,0.0,monitor,Selected monitor because it maximized deterministic net value under current constraints.,0.0,0.0,30.0,[]
51,Western Water,West,2026-04-18 14:00:00+08:00,0.5306,0.5306,medium,1,0.0,0.2,critically low supply + below yesterday baseline,0.0824,low,4.0,0.2456,low,watchlist,Heuristic baseline policy recommends watchlist monitoring because signals are elevated but not yet acute.,0.3728,moderate,1,0.0,monitor,Selected monitor because it maximized deterministic net value under current constraints.,0.0,0.0,30.0,[]
51,Western Water,West,2026-04-18 16:00:00+08:00,0.8163,0.8163,high,2,-2.0,0.6666667,critically low supply + below yesterday baseline,0.2473,low,2.0,0.1088,low,intervention,Heuristic baseline policy recommends intervention because depletion risk or imbalance is already high.,0.397,moderate,3,0.0,monitor,Selected monitor because it maximized deterministic net value under current constraints.,0.0,0.0,30.0,[]
51,Western Water,West,2026-04-18 17:00:00+08:00,0.5309,0.5309,medium,2,0.0,0.6666667,critically low supply + below yesterday baseline + peak hour,0.3439,low,2.0,0.1513,low,watchlist,Heuristic baseline policy recommends watchlist monitoring because signals are elevated but not yet acute.,0.3406,moderate,4,0.0,monitor,Selected monitor because it maximized deterministic net value under current constraints.,0.0,0.0,30.0,[]
51,Western Water,West,2026-04-19 00:00:00+08:00,0.4211,0.4211,medium,1,-1.0,0.25,critically low supply + below yesterday baseline,0.035,low,3.0,0.1655,low,watchlist,Heuristic baseline policy recommends watchlist monitoring because signals are elevated but not yet acute.,0.2965,moderate,1,0.0,monitor,Selected monitor because it maximized deterministic net value under current constraints.,0.0,0.0,30.0,[]
51,Western Water,West,2026-04-19 03:00:00+08:00,0.556,0.556,medium,1,-1.0,0.5,critically low supply + below yesterday baseline,0.0424,low,1.0,0.0187,low,watchlist,Heuristic baseline policy recommends watchlist monitoring because signals are elevated but not yet acute.,0.2137,low,0,0.0,monitor,Selected monitor because it maximized deterministic net value under current constraints.,0.0,0.0,30.0,[]
51,Western Water,West,2026-04-19 04:00:00+08:00,0.607,0.607,medium,1,0.0,0.5,critically low supply + below yesterday baseline,0.0646,low,1.0,0.0284,low,watchlist,Heuristic baseline policy recommends watchlist monitoring because signals are elevated but not yet acute.,0.2415,low,0,0.0,monitor,Selected monitor because it maximized deterministic net value under current constraints.,0.0,0.0,30.0,[]
51,Western Water,West,2026-04-19 05:00:00+08:00,0.4704,0.4704,medium,1,0.0,0.5,critically low supply + below yesterday baseline,0.1223,low,1.0,0.0538,low,watchlist,Heuristic baseline policy recommends watchlist monitoring because signals are elevated but not yet acute.,0.2197,low,0,0.0,monitor,Selected monitor because it maximized deterministic net value under current constraints.,0.0,0.0,30.0,[]
51,Western Water,West,2026-04-19 06:00:00+08:00,0.784,0.784,high,2,-0.5,0.5,critically low supply + below yesterday baseline,0.2238,low,3.0,0.192,low,intervention,Heuristic baseline policy recommends intervention because depletion risk or imbalance is already high.,0.4418,moderate,1,0.0,monitor,Selected monitor because it maximized deterministic net value under current constraints.,0.0,0.0,30.0,[]
51,Western Water,West,2026-04-19 14:00:00+08:00,0.4079,0.4079,medium,1,0.0,0.5,critically low supply + below yesterday baseline,0.0824,low,1.0,0.0363,low,watchlist,Heuristic baseline policy recommends watchlist monitoring because signals are elevated but not yet acute.,0.1798,low,0,0.0,monitor,Selected monitor because it maximized deterministic net value under current constraints.,0.0,0.0,30.0,[]
51,Western Water,West,2026-04-19 16:00:00+08:00,0.6489,0.6489,medium,2,-0.5,2.0,critically low supply,0.2473,low,0.0,0.1088,low,watchlist,Heuristic baseline policy recommends watchlist monitoring because signals are elevated but not yet acute.,0.3384,moderate,1,0.0,monitor,Selected monitor because it maximized deterministic net value under current constraints.,0.0,0.0,30.0,[]
51,Western Water,West,2026-04-19 18:00:00+08:00,0.4649,0.4649,medium,2,-0.5,1.0,critically low supply + peak hour,0.385,low,1.0,0.1232,low,watchlist,Heuristic baseline policy recommends watchlist monitoring because signals are elevated but not yet acute.,0.336,moderate,1,0.0,monitor,Selected monitor because it maximized deterministic net value under current constraints.,0.0,0.0,30.0,[]
51,Western Water,West,2026-04-19 19:00:00+08:00,0.4197,0.4197,medium,2,0.0,2.0,critically low supply + peak hour,0.3439,low,0.0,0.1513,low,watchlist,Heuristic baseline policy recommends watchlist monitoring because signals are elevated but not yet acute.,0.3016,moderate,2,0.0,monitor,Selected monitor because it maximized deterministic net value under current constraints.,0.0,0.0,30.0,[]
51,Western Water,West,2026-04-19 20:00:00+08:00,0.6401,0.6401,medium,2,0.0,1.0,critically low supply + peak hour,0.2473,low,1.0,0.0791,low,watchlist,Heuristic baseline policy recommends watchlist monitoring because signals are elevated but not yet acute.,0.3353,moderate,3,0.0,monitor,Selected monitor because it maximized deterministic net value under current constraints.,0.0,0.0,30.0,[]
51,Western Water,West,2026-04-20 01:00:00+08:00,0.4502,0.4502,medium,1,0.0,0.33333334,critically low supply + below yesterday baseline,0.0152,low,2.0,0.1103,low,watchlist,Heuristic baseline policy recommends watchlist monitoring because signals are elevated but not yet acute.,0.2644,moderate,1,0.0,monitor,Selected monitor because it maximized deterministic net value under current constraints.,0.0,0.0,30.0,[]
51,Western Water,West,2026-04-20 03:00:00+08:00,0.6681,0.6681,medium,2,-0.5,1.0,critically low supply,0.0224,low,1.0,0.0072,low,watchlist,Heuristic baseline policy recommends watchlist monitoring because signals are elevated but not yet acute.,0.2439,low,0,0.0,monitor,Selected monitor because it maximized deterministic net value under current constraints.,0.0,0.0,30.0,[]
51,Western Water,West,2026-04-20 05:00:00+08:00,0.6133,0.6133,medium,2,-0.5,1.0,critically low supply,0.1023,low,1.0,0.0327,low,watchlist,Heuristic baseline policy recommends watchlist monitoring because signals are elevated but not yet acute.,0.2607,moderate,1,0.0,monitor,Selected monitor because it maximized deterministic net value under current constraints.,0.0,0.0,30.0,[]
51,Western Water,West,2026-04-20 06:00:00+08:00,0.8042,0.8042,high,3,-0.33333334,3.0,critically low supply,0.2038,low,0.0,0.0897,low,intervention,Heuristic baseline policy recommends intervention because depletion risk or imbalance is already high.,0.3732,moderate,2,0.0,monitor,Selected monitor because it maximized deterministic net value under current constraints.,0.0,0.0,30.0,[]
51,Western Water,West,2026-04-20 07:00:00+08:00,0.9395,0.9395,high,8,-1.25,5.0,critically low supply + peak hour,0.3149,low,0.0,0.1386,low,intervention,Heuristic baseline policy recommends intervention because depletion risk or imbalance is already high.,0.4705,moderate,3,0.0,monitor,Selected monitor because it maximized deterministic net value under current constraints.,0.0,0.0,30.0,[]
51,Western Water,West,2026-04-20 08:00:00+08:00,0.9088,0.9088,high,9,-0.11111111,4.5,critically low supply + peak hour,0.365,low,1.0,0.0827,low,intervention,Heuristic baseline policy recommends intervention because depletion risk or imbalance is already high.,0.4823,moderate,4,0.0,monitor,Selected monitor because it maximized deterministic net value under current constraints.,0.0,0.0,30.0,[]
51,Western Water,West,2026-04-20 09:00:00+08:00,0.5239,0.5239,medium,3,0.6,1.5,rapid depletion + sustained depletion + critically low supply + peak hour,0.3149,low,1.0,0.0882,low,watchlist,Heuristic baseline policy recommends watchlist monitoring because signals are elevated but not yet acute.,0.3251,moderate,5,0.0,monitor,Selected monitor because it maximized deterministic net value under current constraints.,0.0,0.0,30.0,[]
51,Western Water,West,2026-04-20 10:00:00+08:00,0.4958,0.4958,medium,3,0.0,1.5,sustained depletion + critically low supply,0.2038,low,1.0,0.0571,low,watchlist,Heuristic baseline policy recommends watchlist monitoring because signals are elevated but not yet acute.,0.2652,moderate,6,0.0,monitor,Selected monitor because it maximized deterministic net value under current constraints.,0.0,0.0,30.0,[]
51,Western Water,West,2026-04-20 13:00:00+08:00,0.6138,0.6138,medium,2,-0.5,1.0,critically low supply,0.0304,low,1.0,0.0097,low,watchlist,Heuristic baseline policy recommends watchlist monitoring because signals are elevated but not yet acute.,0.2285,low,0,0.0,monitor,Selected monitor because it maximized deterministic net value under current constraints.,0.0,0.0,30.0,[]
51,Western Water,West,2026-04-20 14:00:00+08:00,0.6311,0.6311,medium,2,0.0,1.0,critically low supply,0.0624,low,1.0,0.02,low,watchlist,Heuristic baseline policy recommends watchlist monitoring because signals are elevated but not yet acute.,0.249,low,0,0.0,monitor,Selected monitor because it maximized deterministic net value under current constraints.,0.0,0.0,30.0,[]
51,Western Water,West,2026-04-20 15:00:00+08:00,0.52,0.52,medium,2,0.0,1.0,critically low supply,0.1286,low,1.0,0.0412,low,watchlist,Heuristic baseline policy recommends watchlist monitoring because signals are elevated but not yet acute.,0.2399,low,0,0.0,monitor,Selected monitor because it maximized deterministic net value under current constraints.,0.0,0.0,30.0,[]
51,Western Water,West,2026-04-20 17:00:00+08:00,0.5225,0.5225,medium,5,-1.0,1.6666666,critically low supply + peak hour,0.3239,low,2.0,0.0959,low,watchlist,Heuristic baseline policy recommends watchlist monitoring because signals are elevated but not yet acute.,0.3286,moderate,1,0.0,monitor,Selected monitor because it maximized deterministic net value under current constraints.,0.0,0.0,30.0,[]
51,Western Water,West,2026-04-20 18:00:00+08:00,0.5672,0.5672,medium,4,0.16666667,2.0,critically low supply + peak hour,0.365,low,1.0,0.0949,low,watchlist,Heuristic baseline policy recommends watchlist monitoring because signals are elevated but not yet acute.,0.3628,moderate,2,0.0,monitor,Selected monitor because it maximized deterministic net value under current constraints.,0.0,0.0,30.0,[]
51,Western Water,West,2026-04-20 19:00:00+08:00,0.414,0.414,medium,2,0.4,0.6666667,rapid depletion + sustained depletion + critically low supply + below yesterday baseline + peak hour,0.3239,low,2.0,0.1425,low,watchlist,Heuristic baseline policy recommends watchlist monitoring because signals are elevated but not yet acute.,0.2907,moderate,3,0.0,monitor,Selected monitor because it maximized deterministic net value under current constraints.,0.0,0.0,30.0,[]
51,Western Water,West,2026-04-20 23:00:00+08:00,0.4474,0.4474,medium,2,-0.5,2.0,critically low supply,0.0304,low,0.0,0.0134,low,watchlist,Heuristic baseline policy recommends watchlist monitoring because signals are elevated but not yet acute.,0.1703,low,0,0.0,monitor,Selected monitor because it maximized deterministic net value under current constraints.,0.0,0.0,30.0,[]
51,Western Water,West,2026-04-21 01:00:00+08:00,0.4932,0.4932,medium,2,-0.5,1.0,critically low supply,0.0152,low,1.0,0.0049,low,watchlist,Heuristic baseline policy recommends watchlist monitoring because signals are elevated but not yet acute.,0.1795,low,0,0.0,monitor,Selected monitor because it maximized deterministic net value under current constraints.,0.0,0.0,30.0,[]
51,Western Water,West,2026-04-21 03:00:00+08:00,0.5358,0.5358,medium,2,0.0,1.0,critically low supply,0.0224,low,1.0,0.0072,low,watchlist,Heuristic baseline policy recommends watchlist monitoring because signals are elevated but not yet acute.,0.1976,low,0,0.0,monitor,Selected monitor because it maximized deterministic net value under current constraints.,0.0,0.0,30.0,[]
51,Western Water,West,2026-04-21 05:00:00+08:00,0.5566,0.5566,medium,2,0.0,0.6666667,critically low supply + below yesterday baseline,0.1023,low,2.0,0.045,low,watchlist,Heuristic baseline policy recommends watchlist monitoring because signals are elevated but not yet acute.,0.2408,low,0,0.0,monitor,Selected monitor because it maximized deterministic net value under current constraints.,0.0,0.0,30.0,[]
51,Western Water,West,2026-04-21 11:00:00+08:00,0.9237,0.9237,high,6,-1.3333334,3.0,critically low supply,0.1023,low,1.0,0.0246,low,intervention,Heuristic baseline policy recommends intervention because depletion risk or imbalance is already high.,0.3693,moderate,1,0.0,monitor,Selected monitor because it maximized deterministic net value under current constraints.,0.0,0.0,30.0,[]
51,Western Water,West,2026-04-21 17:00:00+08:00,0.5858,0.5858,medium,6,0.0,2.0,critically low supply + peak hour,0.3239,low,2.0,0.0907,low,watchlist,Heuristic baseline policy recommends watchlist monitoring because signals are elevated but not yet acute.,0.3508,moderate,2,0.0,monitor,Selected monitor because it maximized deterministic net value under current constraints.,0.0,0.0,30.0,[]
51,Western Water,West,2026-04-22 08:00:00+08:00,0.9881,0.9881,high,15,-2.0,3.75,low supply + peak hour,0.365,low,3.0,0.0905,low,intervention,Heuristic baseline policy recommends intervention because depletion risk or imbalance is already high.,0.5101,moderate,1,0.0,monitor,Selected monitor because it maximized deterministic net value under current constraints.,0.0,0.0,30.0,[]
51,Western Water,West,2026-04-22 10:00:00+08:00,0.6831,0.6831,medium,4,0.6875,1.0,rapid depletion + critically low supply,0.2038,low,3.0,0.0774,low,watchlist,Heuristic baseline policy recommends watchlist monitoring because signals are elevated but not yet acute.,0.3308,moderate,2,0.0,monitor,Selected monitor because it maximized deterministic net value under current constraints.,0.0,0.0,30.0,[]
51,Western Water,West,2026-04-22 13:00:00+08:00,0.4629,0.4629,medium,1,0.0,0.33333334,critically low supply + below yesterday baseline,0.0304,low,2.0,0.1207,low,watchlist,Heuristic baseline policy recommends watchlist monitoring because signals are elevated but not yet acute.,0.2757,moderate,1,0.0,monitor,Selected monitor because it maximized deterministic net value under current constraints.,0.0,0.0,30.0,[]
51,Western Water,West,2026-04-22 14:00:00+08:00,0.8504,0.8504,high,2,-0.5,0.6666667,critically low supply + below yesterday baseline,0.0624,low,2.0,0.0275,low,intervention,Heuristic baseline policy recommends intervention because depletion risk or imbalance is already high.,0.3257,moderate,2,0.0,monitor,Selected monitor because it maximized deterministic net value under current constraints.,0.0,0.0,30.0,[]
51,Western Water,West,2026-04-22 15:00:00+08:00,0.5486,0.5486,medium,4,-0.6666667,1.3333334,critically low supply,0.1286,low,2.0,0.0412,low,watchlist,Heuristic baseline policy recommends watchlist monitoring because signals are elevated but not yet acute.,0.2499,low,0,0.0,monitor,Selected monitor because it maximized deterministic net value under current constraints.,0.0,0.0,30.0,[]
51,Western Water,West,2026-04-22 19:00:00+08:00,0.5309,0.5309,medium,5,-0.5,1.6666666,critically low supply + peak hour,0.3239,low,2.0,0.0959,low,watchlist,Heuristic baseline policy recommends watchlist monitoring because signals are elevated but not yet acute.,0.3316,moderate,1,0.0,monitor,Selected monitor because it maximized deterministic net value under current constraints.,0.0,0.0,30.0,[]
51,Western Water,West,2026-04-22 20:00:00+08:00,0.4161,0.4161,medium,4,0.16666667,1.3333334,critically low supply + peak hour,0.2273,low,2.0,0.0727,low,watchlist,Heuristic baseline policy recommends watchlist monitoring because signals are elevated but not yet acute.,0.2479,low,0,0.0,monitor,Selected monitor because it maximized deterministic net value under current constraints.,0.0,0.0,30.0,[]
51,Western Water,West,2026-04-23 01:00:00+08:00,0.4473,0.4473,medium,1,0.0,0.33333334,sustained depletion + critically low supply + below yesterday baseline,0.0152,low,2.0,0.1103,low,watchlist,Heuristic baseline policy recommends watchlist monitoring because signals are elevated but not yet acute.,0.2634,moderate,1,0.0,monitor,Selected monitor because it maximized deterministic net value under current constraints.,0.0,0.0,30.0,[]
51,Western Water,West,2026-04-23 11:00:00+08:00,0.8344,0.8344,high,3,-2.0,1.0,critically low supply,0.1023,low,2.0,0.0368,low,intervention,Heuristic baseline policy recommends intervention because depletion risk or imbalance is already high.,0.3381,moderate,3,0.0,monitor,Selected monitor because it maximized deterministic net value under current constraints.,0.0,0.0,30.0,[]
51,Western Water,West,2026-04-23 15:00:00+08:00,0.6714,0.6714,medium,6,-0.75,2.0,critically low supply,0.1286,low,2.0,0.036,low,watchlist,Heuristic baseline policy recommends watchlist monitoring because signals are elevated but not yet acute.,0.2929,moderate,4,0.0,monitor,Selected monitor because it maximized deterministic net value under current constraints.,0.0,0.0,30.0,[]
51,Western Water,West,2026-04-24 07:00:00+08:00,0.5411,0.5411,medium,6,-1.3333334,0.375,critically low supply + below yesterday baseline + peak hour,0.3149,low,15.0,0.3719,low,watchlist,Heuristic baseline policy recommends watchlist monitoring because signals are elevated but not yet acute.,0.4511,moderate,1,0.0,monitor,Selected monitor because it maximized deterministic net value under current constraints.,0.0,0.0,30.0,[]
51,Western Water,West,2026-04-24 10:00:00+08:00,0.4975,0.4975,medium,1,0.71428573,0.2,rapid depletion + sustained depletion + critically low supply + below yesterday baseline,0.2038,low,4.0,0.3864,low,watchlist,Heuristic baseline policy recommends watchlist monitoring because signals are elevated but not yet acute.,0.4158,moderate,2,0.0,monitor,Selected monitor because it maximized deterministic net value under current constraints.,0.0,0.0,30.0,[]
51,Western Water,West,2026-04-24 11:00:00+08:00,0.5954,0.5954,medium,1,0.0,1.0,sustained depletion + critically low supply,0.1023,low,0.0,0.045,low,watchlist,Heuristic baseline policy recommends watchlist monitoring because signals are elevated but not yet acute.,0.2544,moderate,3,0.0,monitor,Selected monitor because it maximized deterministic net value under current constraints.,0.0,0.0,30.0,[]
51,Western Water,West,2026-04-24 15:00:00+08:00,0.7556,0.7556,high,2,-0.5,0.6666667,critically low supply + below yesterday baseline,0.1286,low,2.0,0.0566,low,intervention,Heuristic baseline policy recommends intervention because depletion risk or imbalance is already high.,0.3223,moderate,1,0.0,monitor,Selected monitor because it maximized deterministic net value under current constraints.,0.0,0.0,30.0,[]
51,Western Water,West,2026-04-24 16:00:00+08:00,0.4668,0.4668,medium,2,0.0,0.4,critically low supply + below yesterday baseline,0.2273,low,4.0,0.2546,low,watchlist,Heuristic baseline policy recommends watchlist monitoring because signals are elevated but not yet acute.,0.3657,moderate,2,0.0,monitor,Selected monitor because it maximized deterministic net value under current constraints.,0.0,0.0,30.0,[]
51,Western Water,West,2026-04-24 18:00:00+08:00,0.4587,0.4587,medium,3,0.0,1.0,critically low supply + peak hour,0.365,low,2.0,0.1314,low,watchlist,Heuristic baseline policy recommends watchlist monitoring because signals are elevated but not yet acute.,0.3248,moderate,1,0.0,monitor,Selected monitor because it maximized deterministic net value under current constraints.,0.0,0.0,30.0,[]
51,Western Water,West,2026-04-25 03:00:00+08:00,0.8285,0.8285,high,2,-2.0,1.0,critically low supply,0.0424,low,1.0,0.0136,low,intervention,Heuristic baseline policy recommends intervention because depletion risk or imbalance is already high.,0.3091,moderate,1,0.0,monitor,Selected monitor because it maximized deterministic net value under current constraints.,0.0,0.0,30.0,[]
51,Western Water,West,2026-04-25 08:00:00+08:00,0.9058,0.9058,high,3,-0.33333334,3.0,critically low supply + peak hour,0.385,low,0.0,0.1694,low,intervention,Heuristic baseline policy recommends intervention because depletion risk or imbalance is already high.,0.4903,moderate,2,0.0,monitor,Selected monitor because it maximized deterministic net value under current constraints.,0.0,0.0,30.0,[]
51,Western Water,West,2026-04-25 09:00:00+08:00,0.6797,0.6797,medium,2,0.25,0.5,critically low supply + below yesterday baseline + peak hour,0.3349,low,3.0,0.2542,low,watchlist,Heuristic baseline policy recommends watchlist monitoring because signals are elevated but not yet acute.,0.4553,moderate,3,0.0,monitor,Selected monitor because it maximized deterministic net value under current constraints.,0.0,0.0,30.0,[]
51,Western Water,West,2026-04-25 15:00:00+08:00,0.4548,0.4548,medium,1,-1.0,0.33333334,critically low supply + below yesterday baseline,0.1486,low,2.0,0.201,low,watchlist,Heuristic baseline policy recommends watchlist monitoring because signals are elevated but not yet acute.,0.326,moderate,1,0.0,monitor,Selected monitor because it maximized deterministic net value under current constraints.,0.0,0.0,30.0,[]
51,Western Water,West,2026-04-25 16:00:00+08:00,0.4637,0.4637,medium,1,0.0,0.14285715,critically low supply + below yesterday baseline,0.2473,low,6.0,0.5722,medium,watchlist,Heuristic baseline policy recommends watchlist monitoring because signals are elevated but not yet acute.,0.4402,moderate,2,0.0,monitor,Selected monitor because it maximized deterministic net value under current constraints.,0.0,0.0,30.0,[]
51,Western Water,West,2026-04-25 17:00:00+08:00,0.6392,0.6392,medium,3,-1.0,1.5,critically low supply + peak hour,0.3439,low,1.0,0.0963,low,watchlist,Heuristic baseline policy recommends watchlist monitoring because signals are elevated but not yet acute.,0.3785,moderate,3,0.0,monitor,Selected monitor because it maximized deterministic net value under current constraints.,0.0,0.0,30.0,[]
51,Western Water,West,2026-04-26 00:00:00+08:00,0.6062,0.6062,medium,1,-1.0,0.33333334,critically low supply + below yesterday baseline,0.035,low,2.0,0.1238,low,watchlist,Heuristic baseline policy recommends watchlist monitoring because signals are elevated but not yet acute.,0.3279,moderate,1,0.0,monitor,Selected monitor because it maximized deterministic net value under current constraints.,0.0,0.0,30.0,[]
51,Western Water,West,2026-04-26 01:00:00+08:00,0.5009,0.5009,medium,1,0.0,0.33333334,critically low supply + below yesterday baseline,0.0352,low,2.0,0.1239,low,watchlist,Heuristic baseline policy recommends watchlist monitoring because signals are elevated but not yet acute.,0.2912,moderate,2,0.0,monitor,Selected monitor because it maximized deterministic net value under current constraints.,0.0,0.0,30.0,[]
51,Western Water,West,2026-04-26 03:00:00+08:00,0.4326,0.4326,medium,1,0.0,0.25,critically low supply + below yesterday baseline,0.0424,low,3.0,0.1723,low,watchlist,Heuristic baseline policy recommends watchlist monitoring because signals are elevated but not yet acute.,0.3038,moderate,4,0.0,monitor,Selected monitor because it maximized deterministic net value under current constraints.,0.0,0.0,30.0,[]
51,Western Water,West,2026-04-26 14:00:00+08:00,0.9286,0.9286,high,5,-2.0,2.5,critically low supply,0.0824,low,1.0,0.0204,low,intervention,Heuristic baseline policy recommends intervention because depletion risk or imbalance is already high.,0.3621,moderate,1,0.0,monitor,Selected monitor because it maximized deterministic net value under current constraints.,0.0,0.0,30.0,[]
51,Western Water,West,2026-04-26 16:00:00+08:00,0.4406,0.4406,medium,2,0.25,0.6666667,critically low supply + below yesterday baseline,0.2473,low,2.0,0.1088,low,watchlist,Heuristic baseline policy recommends watchlist monitoring because signals are elevated but not yet acute.,0.2655,moderate,1,0.0,monitor,Selected monitor because it maximized deterministic net value under current constraints.,0.0,0.0,30.0,[]
51,Western Water,West,2026-04-26 19:00:00+08:00,0.4846,0.4846,medium,2,-0.5,1.0,critically low supply + peak hour,0.3439,low,1.0,0.11,low,watchlist,Heuristic baseline policy recommends watchlist monitoring because signals are elevated but not yet acute.,0.3244,moderate,4,0.0,monitor,Selected monitor because it maximized deterministic net value under current constraints.,0.0,0.0,30.0,[]
51,Western Water,West,2026-04-27 10:00:00+08:00,0.8369,0.8369,high,2,-2.0,0.5,critically low supply + below yesterday baseline,0.2038,low,3.0,0.1808,low,intervention,Heuristic baseline policy recommends intervention because depletion risk or imbalance is already high.,0.4513,moderate,2,0.0,monitor,Selected monitor because it maximized deterministic net value under current constraints.,0.0,0.0,30.0,[]
51,Western Water,West,2026-04-27 15:00:00+08:00,0.8847,0.8847,high,2,0.0,1.0,critically low supply,0.1286,low,1.0,0.0412,low,intervention,Heuristic baseline policy recommends intervention because depletion risk or imbalance is already high.,0.3675,moderate,3,0.0,monitor,Selected monitor because it maximized deterministic net value under current constraints.,0.0,0.0,30.0,[]
51,Western Water,West,2026-04-27 16:00:00+08:00,0.55,0.55,medium,2,0.0,2.0,critically low supply,0.2273,low,0.0,0.1,low,watchlist,Heuristic baseline policy recommends watchlist monitoring because signals are elevated but not yet acute.,0.2948,moderate,4,0.0,monitor,Selected monitor because it maximized deterministic net value under current constraints.,0.0,0.0,30.0,[]
51,Western Water,West,2026-04-27 17:00:00+08:00,0.448,0.448,medium,3,-0.33333334,3.0,critically low supply + peak hour,0.3239,low,0.0,0.1425,low,watchlist,Heuristic baseline policy recommends watchlist monitoring because signals are elevated but not yet acute.,0.3026,moderate,5,0.0,monitor,Selected monitor because it maximized deterministic net value under current constraints.,0.0,0.0,30.0,[]
51,Western Water,West,2026-04-27 19:00:00+08:00,0.944,0.944,high,5,-2.0,2.5,critically low supply + peak hour,0.3239,low,1.0,0.0803,low,intervention,Heuristic baseline policy recommends intervention because depletion risk or imbalance is already high.,0.4762,moderate,7,0.0,monitor,Selected monitor because it maximized deterministic net value under current constraints.,0.0,0.0,30.0,[]
51,Western Water,West,2026-04-28 01:00:00+08:00,0.7201,0.7201,high,2,-0.5,1.0,critically low supply,0.0152,low,1.0,0.0049,low,watchlist,Heuristic baseline policy recommends watchlist monitoring because signals are elevated but not yet acute.,0.2589,moderate,1,0.0,monitor,Selected monitor because it maximized deterministic net value under current constraints.,0.0,0.0,30.0,[]
51,Western Water,West,2026-04-28 02:00:00+08:00,0.7033,0.7033,high,2,0.0,0.33333334,critically low supply + below yesterday baseline,0.0164,low,5.0,0.1331,low,watchlist,Heuristic baseline policy recommends watchlist monitoring because signals are elevated but not yet acute.,0.3735,moderate,2,0.0,monitor,Selected monitor because it maximized deterministic net value under current constraints.,0.0,0.0,30.0,[]
51,Western Water,West,2026-04-28 05:00:00+08:00,0.645,0.645,medium,2,-0.5,1.0,critically low supply,0.1023,low,1.0,0.0327,low,watchlist,Heuristic baseline policy recommends watchlist monitoring because signals are elevated but not yet acute.,0.2718,moderate,2,0.0,monitor,Selected monitor because it maximized deterministic net value under current constraints.,0.0,0.0,30.0,[]
51,Western Water,West,2026-04-28 06:00:00+08:00,0.7298,0.7298,high,2,0.0,1.0,critically low supply,0.2038,low,1.0,0.0652,low,watchlist,Heuristic baseline policy recommends watchlist monitoring because signals are elevated but not yet acute.,0.3471,moderate,3,0.0,monitor,Selected monitor because it maximized deterministic net value under current constraints.,0.0,0.0,30.0,[]
51,Western Water,West,2026-04-28 07:00:00+08:00,0.8086,0.8086,high,5,-1.0,1.6666666,critically low supply + peak hour,0.3149,low,2.0,0.0932,low,intervention,Heuristic baseline policy recommends intervention because depletion risk or imbalance is already high.,0.4247,moderate,4,0.0,monitor,Selected monitor because it maximized deterministic net value under current constraints.,0.0,0.0,30.0,[]
51,Western Water,West,2026-04-28 08:00:00+08:00,0.9258,0.9258,high,11,-1.0,5.0,low supply + peak hour,0.365,low,1.0,0.081,low,intervention,Heuristic baseline policy recommends intervention because depletion risk or imbalance is already high.,0.4883,moderate,5,0.0,monitor,Selected monitor because it maximized deterministic net value under current constraints.,0.0,0.0,30.0,[]
51,Western Water,West,2026-04-28 09:00:00+08:00,0.8936,0.8936,high,12,-0.083333336,5.0,low supply + peak hour,0.3149,low,1.0,0.0693,low,intervention,Heuristic baseline policy recommends intervention because depletion risk or imbalance is already high.,0.4545,moderate,6,0.0,monitor,Selected monitor because it maximized deterministic net value under current constraints.,0.0,0.0,30.0,[]
51,Western Water,West,2026-04-28 10:00:00+08:00,0.5622,0.5622,medium,8,0.30769232,4.0,rapid depletion + critically low supply,0.2038,low,1.0,0.0469,low,watchlist,Heuristic baseline policy recommends watchlist monitoring because signals are elevated but not yet acute.,0.2885,moderate,7,0.0,monitor,Selected monitor because it maximized deterministic net value under current constraints.,0.0,0.0,30.0,[]
51,Western Water,West,2026-04-28 22:00:00+08:00,0.419,0.419,medium,1,-1.0,1.0,sustained depletion + critically low supply,0.0624,low,0.0,0.0275,low,watchlist,Heuristic baseline policy recommends watchlist monitoring because signals are elevated but not yet acute.,0.1747,low,0,0.0,monitor,Selected monitor because it maximized deterministic net value under current constraints.,0.0,0.0,30.0,[]
51,Western Water,West,2026-04-28 23:00:00+08:00,0.9455,0.9455,high,5,-2.0,1.6666666,critically low supply,0.0304,low,2.0,0.009,low,intervention,Heuristic baseline policy recommends intervention because depletion risk or imbalance is already high.,0.3446,moderate,1,0.0,monitor,Selected monitor because it maximized deterministic net value under current constraints.,0.0,0.0,30.0,[]
51,Western Water,West,2026-04-29 08:00:00+08:00,0.9901,0.9901,high,20,-2.0,5.0,peak hour,0.365,low,2.0,0.0818,low,intervention,Heuristic baseline policy recommends intervention because depletion risk or imbalance is already high.,0.5108,moderate,1,0.0,monitor,Selected monitor because it maximized deterministic net value under current constraints.,0.0,0.0,30.0,[]
51,Western Water,West,2026-04-29 17:00:00+08:00,0.8155,0.8155,high,11,-1.4,5.0,low supply + peak hour,0.3239,low,0.0,0.1425,low,intervention,Heuristic baseline policy recommends intervention because depletion risk or imbalance is already high.,0.4312,moderate,1,0.0,monitor,Selected monitor because it maximized deterministic net value under current constraints.,0.0,0.0,30.0,[]
51,Western Water,West,2026-04-30 01:00:00+08:00,0.8601,0.8601,high,2,-2.0,1.0,critically low supply,0.0152,low,1.0,0.0049,low,intervention,Heuristic baseline policy recommends intervention because depletion risk or imbalance is already high.,0.3079,moderate,2,0.0,monitor,Selected monitor because it maximized deterministic net value under current constraints.,0.0,0.0,30.0,[]
51,Western Water,West,2026-04-30 02:00:00+08:00,0.523,0.523,medium,2,0.0,1.0,critically low supply,0.0164,low,1.0,0.0052,low,watchlist,Heuristic baseline policy recommends watchlist monitoring because signals are elevated but not yet acute.,0.1904,low,0,0.0,monitor,Selected monitor because it maximized deterministic net value under current constraints.,0.0,0.0,30.0,[]
51,Western Water,West,2026-04-30 10:00:00+08:00,0.9805,0.9805,high,4,-1.5,2.0,critically low supply,0.2038,low,1.0,0.053,low,intervention,Heuristic baseline policy recommends intervention because depletion risk or imbalance is already high.,0.4349,moderate,1,0.0,monitor,Selected monitor because it maximized deterministic net value under current constraints.,0.0,0.0,30.0,[]
51,Western Water,West,2026-04-30 11:00:00+08:00,0.6945,0.6945,medium,2,0.4,0.6666667,rapid depletion + critically low supply + below yesterday baseline,0.1023,low,2.0,0.045,low,watchlist,Heuristic baseline policy recommends watchlist monitoring because signals are elevated but not yet acute.,0.2891,moderate,2,0.0,monitor,Selected monitor because it maximized deterministic net value under current constraints.,0.0,0.0,30.0,[]
51,Western Water,West,2026-05-01 03:00:00+08:00,0.7894,0.7894,high,2,-2.0,1.0,critically low supply + public holiday,0.0224,low,1.0,0.0072,low,intervention,Heuristic baseline policy recommends intervention because depletion risk or imbalance is already high.,0.2864,moderate,1,0.0,monitor,Selected monitor because it maximized deterministic net value under current constraints.,0.0,0.0,30.0,[]
51,Western Water,West,2026-05-01 05:00:00+08:00,0.8562,0.8562,high,2,-0.5,2.0,critically low supply + public holiday,0.1023,low,0.0,0.045,low,intervention,Heuristic baseline policy recommends intervention because depletion risk or imbalance is already high.,0.3457,moderate,3,0.0,monitor,Selected monitor because it maximized deterministic net value under current constraints.,0.0,0.0,30.0,[]
51,Western Water,West,2026-05-01 18:00:00+08:00,0.6919,0.6919,medium,3,-1.0,3.0,critically low supply + peak hour + public holiday,0.365,low,0.0,0.1606,low,watchlist,Heuristic baseline policy recommends watchlist monitoring because signals are elevated but not yet acute.,0.4064,moderate,1,0.0,monitor,Selected monitor because it maximized deterministic net value under current constraints.,0.0,0.0,30.0,[]
51,Western Water,West,2026-05-01 19:00:00+08:00,0.6157,0.6157,medium,3,0.0,1.5,critically low supply + peak hour + public holiday,0.3239,low,1.0,0.0907,low,watchlist,Heuristic baseline policy recommends watchlist monitoring because signals are elevated but not yet acute.,0.3613,moderate,2,0.0,monitor,Selected monitor because it maximized deterministic net value under current constraints.,0.0,0.0,30.0,[]
51,Western Water,West,2026-05-01 20:00:00+08:00,0.4408,0.4408,medium,4,-0.25,2.0,critically low supply + peak hour + public holiday,0.2273,low,1.0,0.0591,low,watchlist,Heuristic baseline policy recommends watchlist monitoring because signals are elevated but not yet acute.,0.2566,moderate,3,0.0,monitor,Selected monitor because it maximized deterministic net value under current constraints.,0.0,0.0,30.0,[]
51,Western Water,West,2026-05-02 01:00:00+08:00,0.448,0.448,medium,1,0.0,1.0,critically low supply,0.0352,low,0.0,0.0155,low,watchlist,Heuristic baseline policy recommends watchlist monitoring because signals are elevated but not yet acute.,0.1726,low,0,0.0,monitor,Selected monitor because it maximized deterministic net value under current constraints.,0.0,0.0,30.0,[]
51,Western Water,West,2026-05-02 04:00:00+08:00,0.5491,0.5491,medium,1,-1.0,1.0,critically low supply,0.0646,low,0.0,0.0284,low,watchlist,Heuristic baseline policy recommends watchlist monitoring because signals are elevated but not yet acute.,0.2213,low,0,0.0,monitor,Selected monitor because it maximized deterministic net value under current constraints.,0.0,0.0,30.0,[]
51,Western Water,West,2026-05-02 05:00:00+08:00,0.5762,0.5762,medium,1,0.0,1.0,critically low supply,0.1223,low,0.0,0.0538,low,watchlist,Heuristic baseline policy recommends watchlist monitoring because signals are elevated but not yet acute.,0.2567,moderate,1,0.0,monitor,Selected monitor because it maximized deterministic net value under current constraints.,0.0,0.0,30.0,[]
51,Western Water,West,2026-05-02 08:00:00+08:00,0.9747,0.9747,high,5,-2.0,2.5,critically low supply + peak hour,0.385,low,1.0,0.0955,low,intervention,Heuristic baseline policy recommends intervention because depletion risk or imbalance is already high.,0.5144,moderate,3,0.0,monitor,Selected monitor because it maximized deterministic net value under current constraints.,0.0,0.0,30.0,[]
51,Western Water,West,2026-05-02 11:00:00+08:00,0.5628,0.5628,medium,2,0.5,0.6666667,rapid depletion + critically low supply + below yesterday baseline,0.1223,low,2.0,0.0538,low,watchlist,Heuristic baseline policy recommends watchlist monitoring because signals are elevated but not yet acute.,0.252,moderate,4,0.0,monitor,Selected monitor because it maximized deterministic net value under current constraints.,0.0,0.0,30.0,[]
51,Western Water,West,2026-05-02 19:00:00+08:00,0.706,0.706,high,2,-0.5,2.0,critically low supply + peak hour,0.3439,low,0.0,0.1513,low,watchlist,Heuristic baseline policy recommends watchlist monitoring because signals are elevated but not yet acute.,0.4019,moderate,1,0.0,monitor,Selected monitor because it maximized deterministic net value under current constraints.,0.0,0.0,30.0,[]
51,Western Water,West,2026-05-02 22:00:00+08:00,0.631,0.631,medium,2,-0.5,1.0,critically low supply,0.0824,low,1.0,0.0264,low,watchlist,Heuristic baseline policy recommends watchlist monitoring because signals are elevated but not yet acute.,0.2579,moderate,1,0.0,monitor,Selected monitor because it maximized deterministic net value under current constraints.,0.0,0.0,30.0,[]
52,Woodlands,North,2026-04-16 10:00:00+08:00,0.9796,0.9796,high,34,-1.0588236,2.0929039,normal conditions,0.2038,low,15.2454,0.0627,low,intervention,Heuristic baseline policy recommends intervention because depletion risk or imbalance is already high.,0.4346,moderate,1,0.7,monitor,Selected monitor because it maximized deterministic net value under current constraints.,0.0,0.0,30.0,[]
52,Woodlands,North,2026-04-17 14:00:00+08:00,0.4455,0.4455,medium,17,-0.5,1.0464519,low supply,0.0624,low,15.2454,0.0259,low,no_action,Heuristic baseline policy recommends no action because depletion risk and imbalance remain low.,0.184,low,0,0.7,monitor,Selected monitor because it maximized deterministic net value under current constraints.,0.0,0.0,30.0,[]
52,Woodlands,North,2026-04-17 15:00:00+08:00,0.5285,0.5285,medium,20,-0.16666667,1.23112,normal conditions,0.1286,low,15.2454,0.0492,low,watchlist,Heuristic baseline policy recommends watchlist monitoring because signals are elevated but not yet acute.,0.2428,low,0,0.7,monitor,Selected monitor because it maximized deterministic net value under current constraints.,0.0,0.0,30.0,[]
52,Woodlands,North,2026-04-18 23:00:00+08:00,0.7848,0.7848,high,21,-1.4444444,1.1666666,normal conditions,0.0504,low,17.0,0.0199,low,intervention,Heuristic baseline policy recommends intervention because depletion risk or imbalance is already high.,0.2974,moderate,1,0.7,monitor,Selected monitor because it maximized deterministic net value under current constraints.,0.0,0.0,30.0,[]
52,Woodlands,North,2026-04-19 13:00:00+08:00,0.4154,0.4154,medium,14,0.0625,0.8235294,low supply,0.0504,low,16.0,0.0489,low,watchlist,Heuristic baseline policy recommends watchlist monitoring because signals are elevated but not yet acute.,0.1931,low,0,0.7,monitor,Selected monitor because it maximized deterministic net value under current constraints.,0.0,0.0,30.0,[]
52,Woodlands,North,2026-04-20 00:00:00+08:00,0.5643,0.5643,medium,21,-0.5714286,1.6153846,normal conditions,0.015,low,12.0,0.0051,low,watchlist,Heuristic baseline policy recommends watchlist monitoring because signals are elevated but not yet acute.,0.2043,low,0,0.7,monitor,Selected monitor because it maximized deterministic net value under current constraints.,0.0,0.0,30.0,[]
52,Woodlands,North,2026-04-20 03:00:00+08:00,0.5618,0.5618,medium,27,-0.5555556,3.0,normal conditions,0.0224,low,8.0,0.0061,low,watchlist,Heuristic baseline policy recommends watchlist monitoring because signals are elevated but not yet acute.,0.2067,low,0,0.7,monitor,Selected monitor because it maximized deterministic net value under current constraints.,0.0,0.0,30.0,[]
52,Woodlands,North,2026-04-20 09:00:00+08:00,0.5083,0.5083,medium,16,-0.0625,0.72727275,low supply + peak hour,0.3149,low,21.0,0.2098,low,watchlist,Heuristic baseline policy recommends watchlist monitoring because signals are elevated but not yet acute.,0.3672,moderate,2,0.7,monitor,Selected monitor because it maximized deterministic net value under current constraints.,0.0,0.0,30.0,[]
52,Woodlands,North,2026-04-20 15:00:00+08:00,0.5996,0.5996,medium,14,0.0625,1.75,low supply,0.1286,low,7.0,0.0412,low,watchlist,Heuristic baseline policy recommends watchlist monitoring because signals are elevated but not yet acute.,0.2677,moderate,1,0.7,monitor,Selected monitor because it maximized deterministic net value under current constraints.,0.0,0.0,30.0,[]
52,Woodlands,North,2026-04-21 23:00:00+08:00,0.5768,0.5768,medium,15,-0.6,1.5,low supply,0.0304,low,9.0,0.0105,low,watchlist,Heuristic baseline policy recommends watchlist monitoring because signals are elevated but not yet acute.,0.2156,low,0,0.7,monitor,Selected monitor because it maximized deterministic net value under current constraints.,0.0,0.0,30.0,[]
52,Woodlands,North,2026-04-22 03:00:00+08:00,0.6426,0.6426,medium,17,-1.25,1.0625,low supply,0.0224,low,15.0,0.0092,low,watchlist,Heuristic baseline policy recommends watchlist monitoring because signals are elevated but not yet acute.,0.235,low,0,0.7,monitor,Selected monitor because it maximized deterministic net value under current constraints.,0.0,0.0,30.0,[]
52,Woodlands,North,2026-04-22 11:00:00+08:00,0.6045,0.6045,medium,17,-1.0,1.3076923,low supply,0.1023,low,12.0,0.0378,low,watchlist,Heuristic baseline policy recommends watchlist monitoring because signals are elevated but not yet acute.,0.2576,moderate,1,0.7,monitor,Selected monitor because it maximized deterministic net value under current constraints.,0.0,0.0,30.0,[]
52,Woodlands,North,2026-04-22 12:00:00+08:00,0.8436,0.8436,high,24,-0.3888889,1.8461539,normal conditions,0.0446,low,12.0,0.0143,low,intervention,Heuristic baseline policy recommends intervention because depletion risk or imbalance is already high.,0.3153,moderate,2,0.7,monitor,Selected monitor because it maximized deterministic net value under current constraints.,0.0,0.0,30.0,[]
52,Woodlands,North,2026-04-22 17:00:00+08:00,0.4062,0.4062,medium,21,-1.0,1.3125,peak hour,0.3239,low,15.0,0.1203,low,no_action,Heuristic baseline policy recommends no action because depletion risk and imbalance remain low.,0.2879,moderate,1,0.7,monitor,Selected monitor because it maximized deterministic net value under current constraints.,0.0,0.0,30.0,[]
52,Woodlands,North,2026-04-23 07:00:00+08:00,0.9116,0.9116,high,22,-0.53333336,1.5714285,peak hour,0.3149,low,13.0,0.1076,low,intervention,Heuristic baseline policy recommends intervention because depletion risk or imbalance is already high.,0.4608,moderate,1,0.7,monitor,Selected monitor because it maximized deterministic net value under current constraints.,0.0,0.0,30.0,[]
52,Woodlands,North,2026-04-23 18:00:00+08:00,0.9772,0.9772,high,22,-1.875,2.2,peak hour,0.365,low,9.0,0.1088,low,intervention,Heuristic baseline policy recommends intervention because depletion risk or imbalance is already high.,0.5063,moderate,1,0.7,monitor,Selected monitor because it maximized deterministic net value under current constraints.,0.0,0.0,30.0,[]
52,Woodlands,North,2026-04-23 23:00:00+08:00,0.6766,0.6766,medium,22,0.0,1.375,normal conditions,0.0304,low,15.0,0.0111,low,watchlist,Heuristic baseline policy recommends watchlist monitoring because signals are elevated but not yet acute.,0.2505,moderate,2,0.7,monitor,Selected monitor because it maximized deterministic net value under current constraints.,0.0,0.0,30.0,[]
52,Woodlands,North,2026-04-24 07:00:00+08:00,0.8099,0.8099,high,19,-0.8181818,2.1111112,low supply + peak hour,0.3149,low,8.0,0.0948,low,intervention,Heuristic baseline policy recommends intervention because depletion risk or imbalance is already high.,0.4252,moderate,1,0.7,monitor,Selected monitor because it maximized deterministic net value under current constraints.,0.0,0.0,30.0,[]
52,Woodlands,North,2026-04-24 10:00:00+08:00,0.5109,0.5109,medium,15,0.2,1.6666666,low supply,0.2038,low,8.0,0.0668,low,watchlist,Heuristic baseline policy recommends watchlist monitoring because signals are elevated but not yet acute.,0.2705,moderate,2,0.7,monitor,Selected monitor because it maximized deterministic net value under current constraints.,0.0,0.0,30.0,[]
52,Woodlands,North,2026-04-24 14:00:00+08:00,0.7055,0.7055,high,16,0.0,1.0,low supply,0.0624,low,15.0,0.0265,low,watchlist,Heuristic baseline policy recommends watchlist monitoring because signals are elevated but not yet acute.,0.275,moderate,1,0.7,monitor,Selected monitor because it maximized deterministic net value under current constraints.,0.0,0.0,30.0,[]
52,Woodlands,North,2026-04-24 15:00:00+08:00,0.7164,0.7164,high,20,-0.23529412,2.0,normal conditions,0.1286,low,9.0,0.0396,low,watchlist,Heuristic baseline policy recommends watchlist monitoring because signals are elevated but not yet acute.,0.3086,moderate,2,0.7,monitor,Selected monitor because it maximized deterministic net value under current constraints.,0.0,0.0,30.0,[]
52,Woodlands,North,2026-04-26 02:00:00+08:00,0.6635,0.6635,medium,20,-0.23529412,1.6666666,normal conditions,0.0364,low,11.0,0.0121,low,watchlist,Heuristic baseline policy recommends watchlist monitoring because signals are elevated but not yet acute.,0.2486,low,0,0.7,monitor,Selected monitor because it maximized deterministic net value under current constraints.,0.0,0.0,30.0,[]
52,Woodlands,North,2026-04-27 10:00:00+08:00,0.8542,0.8542,high,18,-2.0,1.125,low supply,0.2038,low,15.0,0.0815,low,intervention,Heuristic baseline policy recommends intervention because depletion risk or imbalance is already high.,0.3907,moderate,2,0.7,monitor,Selected monitor because it maximized deterministic net value under current constraints.,0.0,0.0,30.0,[]
52,Woodlands,North,2026-04-27 15:00:00+08:00,0.547,0.547,medium,14,0.21052632,1.4,low supply,0.1286,low,9.0,0.0456,low,watchlist,Heuristic baseline policy recommends watchlist monitoring because signals are elevated but not yet acute.,0.2493,low,0,0.7,monitor,Selected monitor because it maximized deterministic net value under current constraints.,0.0,0.0,30.0,[]
52,Woodlands,North,2026-04-27 16:00:00+08:00,0.765,0.765,high,19,-0.33333334,1.9,low supply,0.2273,low,9.0,0.0713,low,intervention,Heuristic baseline policy recommends intervention because depletion risk or imbalance is already high.,0.37,moderate,1,0.7,monitor,Selected monitor because it maximized deterministic net value under current constraints.,0.0,0.0,30.0,[]
52,Woodlands,North,2026-04-27 18:00:00+08:00,0.9258,0.9258,high,24,-0.9230769,2.6666667,peak hour,0.365,low,8.0,0.1022,low,intervention,Heuristic baseline policy recommends intervention because depletion risk or imbalance is already high.,0.4883,moderate,1,0.7,monitor,Selected monitor because it maximized deterministic net value under current constraints.,0.0,0.0,30.0,[]
52,Woodlands,North,2026-04-28 02:00:00+08:00,0.4107,0.4107,medium,17,0.14285715,2.125,low supply,0.0164,low,7.0,0.0049,low,no_action,Heuristic baseline policy recommends no action because depletion risk and imbalance remain low.,0.1511,low,0,0.7,monitor,Selected monitor because it maximized deterministic net value under current constraints.,0.0,0.0,30.0,[]
52,Woodlands,North,2026-04-28 08:00:00+08:00,0.582,0.582,medium,18,-0.1875,1.2857143,low supply + peak hour,0.365,low,13.0,0.1363,low,watchlist,Heuristic baseline policy recommends watchlist monitoring because signals are elevated but not yet acute.,0.368,moderate,1,0.7,monitor,Selected monitor because it maximized deterministic net value under current constraints.,0.0,0.0,30.0,[]
52,Woodlands,North,2026-04-28 10:00:00+08:00,0.6233,0.6233,medium,19,-0.42857143,1.0555556,low supply,0.2038,low,17.0,0.0845,low,watchlist,Heuristic baseline policy recommends watchlist monitoring because signals are elevated but not yet acute.,0.3099,moderate,1,0.7,monitor,Selected monitor because it maximized deterministic net value under current constraints.,0.0,0.0,30.0,[]
52,Woodlands,North,2026-04-28 22:00:00+08:00,0.5565,0.5565,medium,20,-0.3125,4.0,normal conditions,0.0624,low,4.0,0.0155,low,watchlist,Heuristic baseline policy recommends watchlist monitoring because signals are elevated but not yet acute.,0.2229,low,0,0.7,monitor,Selected monitor because it maximized deterministic net value under current constraints.,0.0,0.0,30.0,[]
52,Woodlands,North,2026-04-29 02:00:00+08:00,0.6484,0.6484,medium,23,-0.6,1.5333333,normal conditions,0.0164,low,14.0,0.0057,low,watchlist,Heuristic baseline policy recommends watchlist monitoring because signals are elevated but not yet acute.,0.2343,low,0,0.7,monitor,Selected monitor because it maximized deterministic net value under current constraints.,0.0,0.0,30.0,[]
52,Woodlands,North,2026-04-29 10:00:00+08:00,0.6226,0.6226,medium,14,-0.36363637,1.0769231,low supply,0.2038,low,12.0,0.0827,low,watchlist,Heuristic baseline policy recommends watchlist monitoring because signals are elevated but not yet acute.,0.3096,moderate,2,0.7,monitor,Selected monitor because it maximized deterministic net value under current constraints.,0.0,0.0,30.0,[]
52,Woodlands,North,2026-04-30 01:00:00+08:00,0.4252,0.4252,medium,19,-0.6666667,1.3571428,low supply,0.0152,low,13.0,0.0055,low,no_action,Heuristic baseline policy recommends no action because depletion risk and imbalance remain low.,0.1557,low,0,0.7,monitor,Selected monitor because it maximized deterministic net value under current constraints.,0.0,0.0,30.0,[]
52,Woodlands,North,2026-04-30 11:00:00+08:00,0.6759,0.6759,medium,18,-0.35714287,1.125,low supply,0.1023,low,15.0,0.0409,low,watchlist,Heuristic baseline policy recommends watchlist monitoring because signals are elevated but not yet acute.,0.2826,moderate,1,0.7,monitor,Selected monitor because it maximized deterministic net value under current constraints.,0.0,0.0,30.0,[]
52,Woodlands,North,2026-04-30 14:00:00+08:00,0.7196,0.7196,high,18,0.0,1.2857143,low supply,0.0624,low,13.0,0.0233,low,watchlist,Heuristic baseline policy recommends watchlist monitoring because signals are elevated but not yet acute.,0.2799,moderate,2,0.7,monitor,Selected monitor because it maximized deterministic net value under current constraints.,0.0,0.0,30.0,[]
52,Woodlands,North,2026-04-30 23:00:00+08:00,0.7841,0.7841,high,16,-2.0,1.1428572,low supply,0.0304,low,13.0,0.012,low,intervention,Heuristic baseline policy recommends intervention because depletion risk or imbalance is already high.,0.2881,moderate,2,0.7,monitor,Selected monitor because it maximized deterministic net value under current constraints.,0.0,0.0,30.0,[]
52,Woodlands,North,2026-05-01 01:00:00+08:00,0.7056,0.7056,high,24,-0.47058824,1.7142857,public holiday,0.0152,low,13.0,0.005,low,watchlist,Heuristic baseline policy recommends watchlist monitoring because signals are elevated but not yet acute.,0.2538,moderate,1,0.7,monitor,Selected monitor because it maximized deterministic net value under current constraints.,0.0,0.0,30.0,[]
52,Woodlands,North,2026-05-01 04:00:00+08:00,0.4552,0.4552,medium,19,-0.42857143,1.2666667,low supply + public holiday,0.0446,low,14.0,0.0168,low,watchlist,Heuristic baseline policy recommends watchlist monitoring because signals are elevated but not yet acute.,0.1794,low,0,0.7,monitor,Selected monitor because it maximized deterministic net value under current constraints.,0.0,0.0,30.0,[]
53,Yishun,North,2026-04-18 15:00:00+08:00,0.4053,0.4053,medium,19,-0.25,1.117647,low supply,0.1486,low,16.0,0.0598,low,no_action,Heuristic baseline policy recommends no action because depletion risk and imbalance remain low.,0.2087,low,0,0.0,monitor,Selected monitor because it maximized deterministic net value under current constraints.,0.0,0.0,30.0,[]
53,Yishun,North,2026-04-20 14:00:00+08:00,0.5456,0.5456,medium,23,-0.5,1.2777778,normal conditions,0.0624,low,17.0,0.0235,low,watchlist,Heuristic baseline policy recommends watchlist monitoring because signals are elevated but not yet acute.,0.219,low,0,0.0,monitor,Selected monitor because it maximized deterministic net value under current constraints.,0.0,0.0,30.0,[]
53,Yishun,North,2026-04-21 05:00:00+08:00,0.436,0.436,medium,35,-0.5,1.4,normal conditions,0.1023,low,24.0,0.0373,low,no_action,Heuristic baseline policy recommends no action because depletion risk and imbalance remain low.,0.1986,low,0,0.0,monitor,Selected monitor because it maximized deterministic net value under current constraints.,0.0,0.0,30.0,[]
53,Yishun,North,2026-04-22 11:00:00+08:00,0.7887,0.7887,high,23,-2.0,1.2105263,normal conditions,0.1023,low,18.0,0.0397,low,intervention,Heuristic baseline policy recommends intervention because depletion risk or imbalance is already high.,0.3221,moderate,3,0.0,monitor,Selected monitor because it maximized deterministic net value under current constraints.,0.0,0.0,30.0,[]
53,Yishun,North,2026-04-22 12:00:00+08:00,0.4562,0.4562,medium,18,0.20833333,0.94736844,low supply,0.0446,low,18.0,0.0196,low,watchlist,Heuristic baseline policy recommends watchlist monitoring because signals are elevated but not yet acute.,0.1797,low,0,0.0,monitor,Selected monitor because it maximized deterministic net value under current constraints.,0.0,0.0,30.0,[]
53,Yishun,North,2026-04-23 15:00:00+08:00,0.6128,0.6128,medium,21,-2.0,0.5833333,below yesterday baseline,0.1286,low,35.0,0.1572,low,watchlist,Heuristic baseline policy recommends watchlist monitoring because signals are elevated but not yet acute.,0.3524,moderate,2,0.0,monitor,Selected monitor because it maximized deterministic net value under current constraints.,0.0,0.0,30.0,[]
53,Yishun,North,2026-04-23 16:00:00+08:00,0.4546,0.4546,medium,26,-0.22727273,2.1666667,normal conditions,0.2273,low,11.0,0.0685,low,watchlist,Heuristic baseline policy recommends watchlist monitoring because signals are elevated but not yet acute.,0.2614,moderate,3,0.0,monitor,Selected monitor because it maximized deterministic net value under current constraints.,0.0,0.0,30.0,[]
53,Yishun,North,2026-04-28 02:00:00+08:00,0.4469,0.4469,medium,20,0.16,1.5384616,normal conditions,0.0164,low,12.0,0.0056,low,no_action,Heuristic baseline policy recommends no action because depletion risk and imbalance remain low.,0.1638,low,0,0.0,monitor,Selected monitor because it maximized deterministic net value under current constraints.,0.0,0.0,30.0,[]
53,Yishun,North,2026-04-28 22:00:00+08:00,0.7018,0.7018,high,29,-0.6666667,1.5263158,normal conditions,0.0624,low,18.0,0.0218,low,watchlist,Heuristic baseline policy recommends watchlist monitoring because signals are elevated but not yet acute.,0.2737,moderate,1,0.0,monitor,Selected monitor because it maximized deterministic net value under current constraints.,0.0,0.0,30.0,[]
53,Yishun,North,2026-04-29 02:00:00+08:00,0.5352,0.5352,medium,35,-0.2413793,1.9444444,normal conditions,0.0164,low,17.0,0.0052,low,watchlist,Heuristic baseline policy recommends watchlist monitoring because signals are elevated but not yet acute.,0.1947,low,0,0.0,monitor,Selected monitor because it maximized deterministic net value under current constraints.,0.0,0.0,30.0,[]
53,Yishun,North,2026-04-30 14:00:00+08:00,0.7599,0.7599,high,19,-1.5,0.6785714,low supply + below yesterday baseline,0.0624,low,27.0,0.093,low,intervention,Heuristic baseline policy recommends intervention because depletion risk or imbalance is already high.,0.3533,moderate,1,0.0,monitor,Selected monitor because it maximized deterministic net value under current constraints.,0.0,0.0,30.0,[]
53,Yishun,North,2026-04-30 17:00:00+08:00,0.4214,0.4214,medium,18,0.05,0.8181818,low supply + peak hour,0.3239,low,21.0,0.184,low,no_action,Heuristic baseline policy recommends no action because depletion risk and imbalance remain low.,0.3218,moderate,2,0.0,monitor,Selected monitor because it maximized deterministic net value under current constraints.,0.0,0.0,30.0,[]
53,Yishun,North,2026-04-30 23:00:00+08:00,0.6709,0.6709,medium,25,-0.73333335,2.2727273,normal conditions,0.0304,low,10.0,0.009,low,watchlist,Heuristic baseline policy recommends watchlist monitoring because signals are elevated but not yet acute.,0.2485,low,0,0.0,monitor,Selected monitor because it maximized deterministic net value under current constraints.,0.0,0.0,30.0,[]
53,Yishun,North,2026-05-01 07:00:00+08:00,0.529,0.529,medium,19,-1.0,1.0,low supply + peak hour + public holiday,0.3149,low,18.0,0.1346,low,watchlist,Heuristic baseline policy recommends watchlist monitoring because signals are elevated but not yet acute.,0.3269,moderate,1,0.0,monitor,Selected monitor because it maximized deterministic net value under current constraints.,0.0,0.0,30.0,[]
53,Yishun,North,2026-05-01 10:00:00+08:00,0.4798,0.4798,medium,30,-0.55,1.5789474,public holiday,0.2038,low,18.0,0.0701,low,watchlist,Heuristic baseline policy recommends watchlist monitoring because signals are elevated but not yet acute.,0.2596,moderate,2,0.0,monitor,Selected monitor because it maximized deterministic net value under current constraints.,0.0,0.0,30.0,[]
54,Bukit Brown,Central,2026-04-16 10:00:00+08:00,0.9898,0.9898,high,18,-2.0,5.0,low supply,0.2038,low,2.1065,0.0465,low,intervention,Heuristic baseline policy recommends intervention because depletion risk or imbalance is already high.,0.4381,moderate,1,10.1667,monitor,Selected monitor because it maximized deterministic net value under current constraints.,0.0,0.0,30.0,[]
54,Bukit Brown,Central,2026-04-17 13:00:00+08:00,0.4734,0.4734,medium,3,-0.33333334,0.9657228,critically low supply,0.0304,low,2.1065,0.0112,low,watchlist,Heuristic baseline policy recommends watchlist monitoring because signals are elevated but not yet acute.,0.1794,low,0,10.1667,monitor,Selected monitor because it maximized deterministic net value under current constraints.,0.0,0.0,30.0,[]
54,Bukit Brown,Central,2026-04-17 14:00:00+08:00,0.4072,0.4072,medium,2,0.25,0.6438152,critically low supply + below yesterday baseline,0.0624,low,2.1065,0.0384,low,watchlist,Heuristic baseline policy recommends watchlist monitoring because signals are elevated but not yet acute.,0.1807,low,0,10.1667,monitor,Selected monitor because it maximized deterministic net value under current constraints.,0.0,0.0,30.0,[]
54,Bukit Brown,Central,2026-04-17 17:00:00+08:00,0.5748,0.5748,medium,2,-2.0,0.6438152,critically low supply + below yesterday baseline + peak hour,0.3239,low,2.1065,0.1568,low,watchlist,Heuristic baseline policy recommends watchlist monitoring because signals are elevated but not yet acute.,0.357,moderate,2,10.1667,monitor,Selected monitor because it maximized deterministic net value under current constraints.,0.0,0.0,30.0,[]
54,Bukit Brown,Central,2026-04-17 18:00:00+08:00,0.846,0.846,high,2,0.0,0.6438152,critically low supply + below yesterday baseline + peak hour,0.365,low,2.1065,0.1754,low,intervention,Heuristic baseline policy recommends intervention because depletion risk or imbalance is already high.,0.4705,moderate,3,10.1667,monitor,Selected monitor because it maximized deterministic net value under current constraints.,0.0,0.0,30.0,[]
54,Bukit Brown,Central,2026-04-17 20:00:00+08:00,0.641,0.641,medium,2,0.0,0.6438152,critically low supply + below yesterday baseline + peak hour,0.2273,low,2.1065,0.113,low,watchlist,Heuristic baseline policy recommends watchlist monitoring because signals are elevated but not yet acute.,0.3367,moderate,4,10.1667,monitor,Selected monitor because it maximized deterministic net value under current constraints.,0.0,0.0,30.0,[]
54,Bukit Brown,Central,2026-04-17 21:00:00+08:00,0.4557,0.4557,medium,2,0.0,0.6438152,critically low supply + below yesterday baseline,0.1286,low,2.1065,0.0683,low,watchlist,Heuristic baseline policy recommends watchlist monitoring because signals are elevated but not yet acute.,0.2275,low,0,10.1667,monitor,Selected monitor because it maximized deterministic net value under current constraints.,0.0,0.0,30.0,[]
54,Bukit Brown,Central,2026-04-17 22:00:00+08:00,0.6601,0.6601,medium,3,-0.33333334,0.9657228,critically low supply,0.0624,low,2.1065,0.023,low,watchlist,Heuristic baseline policy recommends watchlist monitoring because signals are elevated but not yet acute.,0.2591,moderate,1,10.1667,monitor,Selected monitor because it maximized deterministic net value under current constraints.,0.0,0.0,30.0,[]
54,Bukit Brown,Central,2026-04-17 23:00:00+08:00,0.5408,0.5408,medium,3,0.0,0.9657228,critically low supply,0.0304,low,2.1065,0.0112,low,watchlist,Heuristic baseline policy recommends watchlist monitoring because signals are elevated but not yet acute.,0.203,low,0,10.1667,monitor,Selected monitor because it maximized deterministic net value under current constraints.,0.0,0.0,30.0,[]
54,Bukit Brown,Central,2026-04-18 01:00:00+08:00,0.5598,0.5598,medium,4,-0.25,1.2876304,critically low supply,0.0352,low,2.1065,0.0115,low,watchlist,Heuristic baseline policy recommends watchlist monitoring because signals are elevated but not yet acute.,0.2118,low,0,10.1667,monitor,Selected monitor because it maximized deterministic net value under current constraints.,0.0,0.0,30.0,[]
54,Bukit Brown,Central,2026-04-18 02:00:00+08:00,0.5229,0.5229,medium,4,0.0,1.2876304,critically low supply,0.0364,low,2.1065,0.0119,low,watchlist,Heuristic baseline policy recommends watchlist monitoring because signals are elevated but not yet acute.,0.1994,low,0,10.1667,monitor,Selected monitor because it maximized deterministic net value under current constraints.,0.0,0.0,30.0,[]
54,Bukit Brown,Central,2026-04-18 04:00:00+08:00,0.4825,0.4825,medium,2,0.0,0.6438152,sustained depletion + critically low supply + below yesterday baseline,0.0646,low,2.1065,0.0394,low,watchlist,Heuristic baseline policy recommends watchlist monitoring because signals are elevated but not yet acute.,0.2081,low,0,10.1667,monitor,Selected monitor because it maximized deterministic net value under current constraints.,0.0,0.0,30.0,[]
54,Bukit Brown,Central,2026-04-18 09:00:00+08:00,0.5127,0.5127,medium,4,-0.6666667,1.2876304,critically low supply + peak hour,0.3349,low,2.1065,0.1093,low,watchlist,Heuristic baseline policy recommends watchlist monitoring because signals are elevated but not yet acute.,0.3301,moderate,1,10.1667,monitor,Selected monitor because it maximized deterministic net value under current constraints.,0.0,0.0,30.0,[]
54,Bukit Brown,Central,2026-04-18 14:00:00+08:00,0.7475,0.7475,high,2,-0.5,0.10526316,critically low supply + below yesterday baseline,0.0824,low,18.0,0.3722,low,watchlist,Heuristic baseline policy recommends watchlist monitoring because signals are elevated but not yet acute.,0.4765,moderate,2,10.1667,monitor,Selected monitor because it maximized deterministic net value under current constraints.,0.0,0.0,30.0,[]
54,Bukit Brown,Central,2026-04-18 22:00:00+08:00,0.6977,0.6977,medium,3,-1.0,0.75,critically low supply,0.0824,low,3.0,0.0363,low,watchlist,Heuristic baseline policy recommends watchlist monitoring because signals are elevated but not yet acute.,0.2813,moderate,2,10.1667,monitor,Selected monitor because it maximized deterministic net value under current constraints.,0.0,0.0,30.0,[]
54,Bukit Brown,Central,2026-04-18 23:00:00+08:00,0.6891,0.6891,medium,3,0.0,1.0,critically low supply,0.0504,low,2.0,0.0181,low,watchlist,Heuristic baseline policy recommends watchlist monitoring because signals are elevated but not yet acute.,0.2639,moderate,3,10.1667,monitor,Selected monitor because it maximized deterministic net value under current constraints.,0.0,0.0,30.0,[]
54,Bukit Brown,Central,2026-04-19 02:00:00+08:00,0.6615,0.6615,medium,3,-0.33333334,1.0,critically low supply,0.0364,low,2.0,0.0131,low,watchlist,Heuristic baseline policy recommends watchlist monitoring because signals are elevated but not yet acute.,0.2479,low,0,10.1667,monitor,Selected monitor because it maximized deterministic net value under current constraints.,0.0,0.0,30.0,[]
54,Bukit Brown,Central,2026-04-19 10:00:00+08:00,0.4058,0.4058,medium,1,0.33333334,0.25,rapid depletion + sustained depletion + critically low supply + below yesterday baseline,0.2238,low,3.0,0.3392,low,watchlist,Heuristic baseline policy recommends watchlist monitoring because signals are elevated but not yet acute.,0.3761,moderate,2,10.1667,monitor,Selected monitor because it maximized deterministic net value under current constraints.,0.0,0.0,30.0,[]
54,Bukit Brown,Central,2026-04-19 12:00:00+08:00,0.5825,0.5825,medium,1,0.0,0.25,critically low supply + below yesterday baseline,0.0646,low,3.0,0.1928,low,watchlist,Heuristic baseline policy recommends watchlist monitoring because signals are elevated but not yet acute.,0.3663,moderate,3,10.1667,monitor,Selected monitor because it maximized deterministic net value under current constraints.,0.0,0.0,30.0,[]
54,Bukit Brown,Central,2026-04-19 14:00:00+08:00,0.6861,0.6861,medium,2,0.0,0.4,critically low supply + below yesterday baseline,0.0824,low,4.0,0.156,low,watchlist,Heuristic baseline policy recommends watchlist monitoring because signals are elevated but not yet acute.,0.3772,moderate,1,10.1667,monitor,Selected monitor because it maximized deterministic net value under current constraints.,0.0,0.0,30.0,[]
54,Bukit Brown,Central,2026-04-19 16:00:00+08:00,0.5844,0.5844,medium,3,-0.33333334,1.0,critically low supply,0.2473,low,2.0,0.089,low,watchlist,Heuristic baseline policy recommends watchlist monitoring because signals are elevated but not yet acute.,0.3158,moderate,2,10.1667,monitor,Selected monitor because it maximized deterministic net value under current constraints.,0.0,0.0,30.0,[]
54,Bukit Brown,Central,2026-04-19 18:00:00+08:00,0.4123,0.4123,medium,1,0.33333334,0.2,rapid depletion + sustained depletion + critically low supply + below yesterday baseline + peak hour,0.385,low,4.0,0.5966,medium,watchlist,Heuristic baseline policy recommends watchlist monitoring because signals are elevated but not yet acute.,0.4676,moderate,1,10.1667,monitor,Selected monitor because it maximized deterministic net value under current constraints.,0.0,0.0,30.0,[]
54,Bukit Brown,Central,2026-04-19 19:00:00+08:00,0.5155,0.5155,medium,2,-0.5,1.0,critically low supply + peak hour,0.3439,low,1.0,0.11,low,watchlist,Heuristic baseline policy recommends watchlist monitoring because signals are elevated but not yet acute.,0.3352,moderate,2,10.1667,monitor,Selected monitor because it maximized deterministic net value under current constraints.,0.0,0.0,30.0,[]
54,Bukit Brown,Central,2026-04-19 21:00:00+08:00,0.5943,0.5943,medium,3,-0.33333334,1.5,critically low supply,0.1486,low,1.0,0.0416,low,watchlist,Heuristic baseline policy recommends watchlist monitoring because signals are elevated but not yet acute.,0.2749,moderate,1,10.1667,monitor,Selected monitor because it maximized deterministic net value under current constraints.,0.0,0.0,30.0,[]
54,Bukit Brown,Central,2026-04-20 02:00:00+08:00,0.7603,0.7603,high,4,-0.25,2.0,critically low supply,0.0164,low,1.0,0.0043,low,intervention,Heuristic baseline policy recommends intervention because depletion risk or imbalance is already high.,0.2735,moderate,1,10.1667,monitor,Selected monitor because it maximized deterministic net value under current constraints.,0.0,0.0,30.0,[]
54,Bukit Brown,Central,2026-04-20 08:00:00+08:00,0.5885,0.5885,medium,1,0.0,0.25,critically low supply + below yesterday baseline + peak hour,0.365,low,3.0,0.4691,medium,watchlist,Heuristic baseline policy recommends watchlist monitoring because signals are elevated but not yet acute.,0.5036,moderate,2,10.1667,monitor,Selected monitor because it maximized deterministic net value under current constraints.,0.0,0.0,30.0,[]
54,Bukit Brown,Central,2026-04-20 09:00:00+08:00,0.4851,0.4851,medium,1,0.0,0.25,critically low supply + below yesterday baseline + peak hour,0.3149,low,3.0,0.423,medium,watchlist,Heuristic baseline policy recommends watchlist monitoring because signals are elevated but not yet acute.,0.4448,moderate,3,10.1667,monitor,Selected monitor because it maximized deterministic net value under current constraints.,0.0,0.0,30.0,[]
54,Bukit Brown,Central,2026-04-20 10:00:00+08:00,0.5009,0.5009,medium,1,0.0,0.33333334,critically low supply + below yesterday baseline,0.2038,low,2.0,0.2386,low,watchlist,Heuristic baseline policy recommends watchlist monitoring because signals are elevated but not yet acute.,0.367,moderate,4,10.1667,monitor,Selected monitor because it maximized deterministic net value under current constraints.,0.0,0.0,30.0,[]
54,Bukit Brown,Central,2026-04-20 11:00:00+08:00,0.5645,0.5645,medium,2,-0.5,0.6666667,critically low supply + below yesterday baseline,0.1023,low,2.0,0.045,low,watchlist,Heuristic baseline policy recommends watchlist monitoring because signals are elevated but not yet acute.,0.2436,low,0,10.1667,monitor,Selected monitor because it maximized deterministic net value under current constraints.,0.0,0.0,30.0,[]
54,Bukit Brown,Central,2026-04-20 12:00:00+08:00,0.4238,0.4238,medium,2,0.0,1.0,critically low supply,0.0446,low,1.0,0.0143,low,watchlist,Heuristic baseline policy recommends watchlist monitoring because signals are elevated but not yet acute.,0.1684,low,0,10.1667,monitor,Selected monitor because it maximized deterministic net value under current constraints.,0.0,0.0,30.0,[]
54,Bukit Brown,Central,2026-04-20 13:00:00+08:00,0.725,0.725,high,2,0.0,1.0,critically low supply,0.0304,low,1.0,0.0097,low,watchlist,Heuristic baseline policy recommends watchlist monitoring because signals are elevated but not yet acute.,0.2674,moderate,1,10.1667,monitor,Selected monitor because it maximized deterministic net value under current constraints.,0.0,0.0,30.0,[]
54,Bukit Brown,Central,2026-04-20 14:00:00+08:00,0.6669,0.6669,medium,2,0.0,0.6666667,critically low supply + below yesterday baseline,0.0624,low,2.0,0.0275,low,watchlist,Heuristic baseline policy recommends watchlist monitoring because signals are elevated but not yet acute.,0.2615,moderate,2,10.1667,monitor,Selected monitor because it maximized deterministic net value under current constraints.,0.0,0.0,30.0,[]
54,Bukit Brown,Central,2026-04-20 15:00:00+08:00,0.6094,0.6094,medium,2,0.0,0.6666667,critically low supply + below yesterday baseline,0.1286,low,2.0,0.0566,low,watchlist,Heuristic baseline policy recommends watchlist monitoring because signals are elevated but not yet acute.,0.2712,moderate,3,10.1667,monitor,Selected monitor because it maximized deterministic net value under current constraints.,0.0,0.0,30.0,[]
54,Bukit Brown,Central,2026-04-20 19:00:00+08:00,0.4227,0.4227,medium,3,-0.33333334,1.5,critically low supply + peak hour,0.3239,low,1.0,0.0907,low,watchlist,Heuristic baseline policy recommends watchlist monitoring because signals are elevated but not yet acute.,0.2937,moderate,6,10.1667,monitor,Selected monitor because it maximized deterministic net value under current constraints.,0.0,0.0,30.0,[]
54,Bukit Brown,Central,2026-04-21 02:00:00+08:00,0.643,0.643,medium,3,-1.0,0.75,critically low supply,0.0164,low,3.0,0.0072,low,watchlist,Heuristic baseline policy recommends watchlist monitoring because signals are elevated but not yet acute.,0.2324,low,0,10.1667,monitor,Selected monitor because it maximized deterministic net value under current constraints.,0.0,0.0,30.0,[]
54,Bukit Brown,Central,2026-04-21 03:00:00+08:00,0.4761,0.4761,medium,2,0.25,0.4,critically low supply + below yesterday baseline,0.0224,low,4.0,0.1152,low,watchlist,Heuristic baseline policy recommends watchlist monitoring because signals are elevated but not yet acute.,0.2767,moderate,1,10.1667,monitor,Selected monitor because it maximized deterministic net value under current constraints.,0.0,0.0,30.0,[]
54,Bukit Brown,Central,2026-04-21 11:00:00+08:00,0.9233,0.9233,high,6,-2.0,3.0,critically low supply,0.1023,low,1.0,0.0246,low,intervention,Heuristic baseline policy recommends intervention because depletion risk or imbalance is already high.,0.3692,moderate,3,10.1667,monitor,Selected monitor because it maximized deterministic net value under current constraints.,0.0,0.0,30.0,[]
54,Bukit Brown,Central,2026-04-22 00:00:00+08:00,0.4091,0.4091,medium,6,-0.4,3.0,critically low supply,0.015,low,1.0,0.0036,low,watchlist,Heuristic baseline policy recommends watchlist monitoring because signals are elevated but not yet acute.,0.1499,low,0,10.1667,monitor,Selected monitor because it maximized deterministic net value under current constraints.,0.0,0.0,30.0,[]
54,Bukit Brown,Central,2026-04-22 08:00:00+08:00,0.5185,0.5185,medium,1,-1.0,0.5,sustained depletion + critically low supply + below yesterday baseline + peak hour,0.365,low,1.0,0.1606,low,watchlist,Heuristic baseline policy recommends watchlist monitoring because signals are elevated but not yet acute.,0.3457,moderate,1,10.1667,monitor,Selected monitor because it maximized deterministic net value under current constraints.,0.0,0.0,30.0,[]
54,Bukit Brown,Central,2026-04-22 10:00:00+08:00,0.6829,0.6829,medium,2,-0.5,1.0,critically low supply,0.2038,low,1.0,0.0652,low,watchlist,Heuristic baseline policy recommends watchlist monitoring because signals are elevated but not yet acute.,0.3307,moderate,2,10.1667,monitor,Selected monitor because it maximized deterministic net value under current constraints.,0.0,0.0,30.0,[]
54,Bukit Brown,Central,2026-04-22 14:00:00+08:00,0.8439,0.8439,high,2,-0.5,0.6666667,critically low supply + below yesterday baseline,0.0624,low,2.0,0.0275,low,intervention,Heuristic baseline policy recommends intervention because depletion risk or imbalance is already high.,0.3234,moderate,1,10.1667,monitor,Selected monitor because it maximized deterministic net value under current constraints.,0.0,0.0,30.0,[]
54,Bukit Brown,Central,2026-04-22 15:00:00+08:00,0.657,0.657,medium,2,0.0,0.6666667,critically low supply + below yesterday baseline,0.1286,low,2.0,0.0566,low,watchlist,Heuristic baseline policy recommends watchlist monitoring because signals are elevated but not yet acute.,0.2878,moderate,2,10.1667,monitor,Selected monitor because it maximized deterministic net value under current constraints.,0.0,0.0,30.0,[]
54,Bukit Brown,Central,2026-04-22 16:00:00+08:00,0.6125,0.6125,medium,2,0.0,0.6666667,critically low supply + below yesterday baseline,0.2273,low,2.0,0.1,low,watchlist,Heuristic baseline policy recommends watchlist monitoring because signals are elevated but not yet acute.,0.3167,moderate,3,10.1667,monitor,Selected monitor because it maximized deterministic net value under current constraints.,0.0,0.0,30.0,[]
54,Bukit Brown,Central,2026-04-22 19:00:00+08:00,0.4717,0.4717,medium,3,-1.0,1.0,critically low supply + peak hour,0.3239,low,2.0,0.1166,low,watchlist,Heuristic baseline policy recommends watchlist monitoring because signals are elevated but not yet acute.,0.3109,moderate,6,10.1667,monitor,Selected monitor because it maximized deterministic net value under current constraints.,0.0,0.0,30.0,[]
54,Bukit Brown,Central,2026-04-22 20:00:00+08:00,0.7012,0.7012,high,3,0.0,1.5,critically low supply + peak hour,0.2273,low,1.0,0.0636,low,watchlist,Heuristic baseline policy recommends watchlist monitoring because signals are elevated but not yet acute.,0.3477,moderate,7,10.1667,monitor,Selected monitor because it maximized deterministic net value under current constraints.,0.0,0.0,30.0,[]
54,Bukit Brown,Central,2026-04-23 11:00:00+08:00,0.734,0.734,high,2,-2.0,0.6666667,critically low supply + below yesterday baseline,0.1023,low,2.0,0.045,low,watchlist,Heuristic baseline policy recommends watchlist monitoring because signals are elevated but not yet acute.,0.3029,moderate,2,10.1667,monitor,Selected monitor because it maximized deterministic net value under current constraints.,0.0,0.0,30.0,[]
54,Bukit Brown,Central,2026-04-23 15:00:00+08:00,0.7391,0.7391,high,4,-0.6666667,4.0,critically low supply,0.1286,low,0.0,0.0566,low,watchlist,Heuristic baseline policy recommends watchlist monitoring because signals are elevated but not yet acute.,0.3166,moderate,3,10.1667,monitor,Selected monitor because it maximized deterministic net value under current constraints.,0.0,0.0,30.0,[]
54,Bukit Brown,Central,2026-04-24 00:00:00+08:00,0.795,0.795,high,3,-2.0,0.42857143,critically low supply + below yesterday baseline,0.015,low,6.0,0.1102,low,intervention,Heuristic baseline policy recommends intervention because depletion risk or imbalance is already high.,0.385,moderate,1,10.1667,monitor,Selected monitor because it maximized deterministic net value under current constraints.,0.0,0.0,30.0,[]
54,Bukit Brown,Central,2026-04-24 01:00:00+08:00,0.6696,0.6696,medium,5,-0.5,5.0,critically low supply,0.0152,low,0.0,0.0067,low,watchlist,Heuristic baseline policy recommends watchlist monitoring because signals are elevated but not yet acute.,0.2412,low,0,10.1667,monitor,Selected monitor because it maximized deterministic net value under current constraints.,0.0,0.0,30.0,[]
54,Bukit Brown,Central,2026-04-24 14:00:00+08:00,0.7558,0.7558,high,3,-1.0,1.5,critically low supply,0.0624,low,1.0,0.0175,low,intervention,Heuristic baseline policy recommends intervention because depletion risk or imbalance is already high.,0.2926,moderate,1,10.1667,monitor,Selected monitor because it maximized deterministic net value under current constraints.,0.0,0.0,30.0,[]
54,Bukit Brown,Central,2026-04-24 16:00:00+08:00,0.6229,0.6229,medium,2,0.0,0.6666667,critically low supply + below yesterday baseline,0.2273,low,2.0,0.1,low,watchlist,Heuristic baseline policy recommends watchlist monitoring because signals are elevated but not yet acute.,0.3203,moderate,1,10.1667,monitor,Selected monitor because it maximized deterministic net value under current constraints.,0.0,0.0,30.0,[]
54,Bukit Brown,Central,2026-04-25 03:00:00+08:00,0.7711,0.7711,high,5,-1.0,1.6666666,critically low supply,0.0424,low,2.0,0.0126,low,intervention,Heuristic baseline policy recommends intervention because depletion risk or imbalance is already high.,0.289,moderate,1,10.1667,monitor,Selected monitor because it maximized deterministic net value under current constraints.,0.0,0.0,30.0,[]
54,Bukit Brown,Central,2026-04-25 08:00:00+08:00,0.5383,0.5383,medium,1,0.6666667,1.0,rapid depletion + sustained depletion + critically low supply + peak hour,0.385,low,0.0,0.1694,low,watchlist,Heuristic baseline policy recommends watchlist monitoring because signals are elevated but not yet acute.,0.3617,moderate,2,10.1667,monitor,Selected monitor because it maximized deterministic net value under current constraints.,0.0,0.0,30.0,[]
54,Bukit Brown,Central,2026-04-25 15:00:00+08:00,0.809,0.809,high,2,-2.0,0.33333334,critically low supply + below yesterday baseline,0.1486,low,5.0,0.2389,low,intervention,Heuristic baseline policy recommends intervention because depletion risk or imbalance is already high.,0.47,moderate,1,10.1667,monitor,Selected monitor because it maximized deterministic net value under current constraints.,0.0,0.0,30.0,[]
54,Bukit Brown,Central,2026-04-25 16:00:00+08:00,0.8132,0.8132,high,2,0.0,0.6666667,critically low supply + below yesterday baseline,0.2473,low,2.0,0.1088,low,intervention,Heuristic baseline policy recommends intervention because depletion risk or imbalance is already high.,0.3959,moderate,2,10.1667,monitor,Selected monitor because it maximized deterministic net value under current constraints.,0.0,0.0,30.0,[]
54,Bukit Brown,Central,2026-04-25 21:00:00+08:00,0.5928,0.5928,medium,2,0.0,1.0,critically low supply,0.1486,low,1.0,0.0476,low,watchlist,Heuristic baseline policy recommends watchlist monitoring because signals are elevated but not yet acute.,0.2743,moderate,4,10.1667,monitor,Selected monitor because it maximized deterministic net value under current constraints.,0.0,0.0,30.0,[]
54,Bukit Brown,Central,2026-04-25 23:00:00+08:00,0.4219,0.4219,medium,2,-0.5,0.5,critically low supply + below yesterday baseline,0.0504,low,3.0,0.0949,low,watchlist,Heuristic baseline policy recommends watchlist monitoring because signals are elevated but not yet acute.,0.237,low,0,10.1667,monitor,Selected monitor because it maximized deterministic net value under current constraints.,0.0,0.0,30.0,[]
54,Bukit Brown,Central,2026-04-26 00:00:00+08:00,0.5158,0.5158,medium,3,-0.33333334,1.0,critically low supply,0.035,low,2.0,0.0126,low,watchlist,Heuristic baseline policy recommends watchlist monitoring because signals are elevated but not yet acute.,0.1963,low,0,10.1667,monitor,Selected monitor because it maximized deterministic net value under current constraints.,0.0,0.0,30.0,[]
54,Bukit Brown,Central,2026-04-26 02:00:00+08:00,0.5143,0.5143,medium,4,-0.25,1.0,critically low supply,0.0364,low,3.0,0.0138,low,watchlist,Heuristic baseline policy recommends watchlist monitoring because signals are elevated but not yet acute.,0.1964,low,0,10.1667,monitor,Selected monitor because it maximized deterministic net value under current constraints.,0.0,0.0,30.0,[]
54,Bukit Brown,Central,2026-04-26 04:00:00+08:00,0.4444,0.4444,medium,3,0.0,1.5,critically low supply,0.0646,low,1.0,0.0181,low,watchlist,Heuristic baseline policy recommends watchlist monitoring because signals are elevated but not yet acute.,0.1846,low,0,10.1667,monitor,Selected monitor because it maximized deterministic net value under current constraints.,0.0,0.0,30.0,[]
54,Bukit Brown,Central,2026-04-26 13:00:00+08:00,0.8693,0.8693,high,5,-2.0,1.6666666,critically low supply,0.0504,low,2.0,0.0149,low,intervention,Heuristic baseline policy recommends intervention because depletion risk or imbalance is already high.,0.3269,moderate,1,10.1667,monitor,Selected monitor because it maximized deterministic net value under current constraints.,0.0,0.0,30.0,[]
54,Bukit Brown,Central,2026-04-26 15:00:00+08:00,0.41,0.41,medium,2,0.0,0.6666667,critically low supply + below yesterday baseline,0.1486,low,2.0,0.0654,low,watchlist,Heuristic baseline policy recommends watchlist monitoring because signals are elevated but not yet acute.,0.2104,low,0,10.1667,monitor,Selected monitor because it maximized deterministic net value under current constraints.,0.0,0.0,30.0,[]
54,Bukit Brown,Central,2026-04-26 16:00:00+08:00,0.4912,0.4912,medium,2,0.0,0.33333334,critically low supply + below yesterday baseline,0.2473,low,5.0,0.3178,low,watchlist,Heuristic baseline policy recommends watchlist monitoring because signals are elevated but not yet acute.,0.4032,moderate,1,10.1667,monitor,Selected monitor because it maximized deterministic net value under current constraints.,0.0,0.0,30.0,[]
54,Bukit Brown,Central,2026-04-26 20:00:00+08:00,0.5664,0.5664,medium,2,0.0,1.0,critically low supply + peak hour,0.2473,low,1.0,0.0791,low,watchlist,Heuristic baseline policy recommends watchlist monitoring because signals are elevated but not yet acute.,0.3095,moderate,3,10.1667,monitor,Selected monitor because it maximized deterministic net value under current constraints.,0.0,0.0,30.0,[]
54,Bukit Brown,Central,2026-04-26 21:00:00+08:00,0.6167,0.6167,medium,2,0.0,1.0,critically low supply,0.1486,low,1.0,0.0476,low,watchlist,Heuristic baseline policy recommends watchlist monitoring because signals are elevated but not yet acute.,0.2827,moderate,4,10.1667,monitor,Selected monitor because it maximized deterministic net value under current constraints.,0.0,0.0,30.0,[]
54,Bukit Brown,Central,2026-04-26 22:00:00+08:00,0.5713,0.5713,medium,2,0.0,1.0,critically low supply,0.0824,low,1.0,0.0264,low,watchlist,Heuristic baseline policy recommends watchlist monitoring because signals are elevated but not yet acute.,0.237,low,0,10.1667,monitor,Selected monitor because it maximized deterministic net value under current constraints.,0.0,0.0,30.0,[]
54,Bukit Brown,Central,2026-04-26 23:00:00+08:00,0.4231,0.4231,medium,2,0.0,2.0,critically low supply,0.0504,low,0.0,0.0222,low,watchlist,Heuristic baseline policy recommends watchlist monitoring because signals are elevated but not yet acute.,0.1708,low,0,10.1667,monitor,Selected monitor because it maximized deterministic net value under current constraints.,0.0,0.0,30.0,[]
54,Bukit Brown,Central,2026-04-27 00:00:00+08:00,0.6948,0.6948,medium,3,-0.33333334,1.0,critically low supply,0.015,low,2.0,0.0054,low,watchlist,Heuristic baseline policy recommends watchlist monitoring because signals are elevated but not yet acute.,0.2499,low,0,10.1667,monitor,Selected monitor because it maximized deterministic net value under current constraints.,0.0,0.0,30.0,[]
54,Bukit Brown,Central,2026-04-27 15:00:00+08:00,0.697,0.697,medium,2,-0.5,0.6666667,critically low supply + below yesterday baseline,0.1286,low,2.0,0.0566,low,watchlist,Heuristic baseline policy recommends watchlist monitoring because signals are elevated but not yet acute.,0.3018,moderate,3,10.1667,monitor,Selected monitor because it maximized deterministic net value under current constraints.,0.0,0.0,30.0,[]
54,Bukit Brown,Central,2026-04-27 19:00:00+08:00,0.8314,0.8314,high,2,-2.0,0.5,critically low supply + below yesterday baseline + peak hour,0.3239,low,3.0,0.2481,low,intervention,Heuristic baseline policy recommends intervention because depletion risk or imbalance is already high.,0.5034,moderate,3,10.1667,monitor,Selected monitor because it maximized deterministic net value under current constraints.,0.0,0.0,30.0,[]
54,Bukit Brown,Central,2026-04-27 20:00:00+08:00,0.8646,0.8646,high,2,0.0,0.4,critically low supply + below yesterday baseline + peak hour,0.2273,low,4.0,0.2546,low,intervention,Heuristic baseline policy recommends intervention because depletion risk or imbalance is already high.,0.5049,moderate,4,10.1667,monitor,Selected monitor because it maximized deterministic net value under current constraints.,0.0,0.0,30.0,[]
54,Bukit Brown,Central,2026-04-27 21:00:00+08:00,0.6868,0.6868,medium,2,0.0,0.5,critically low supply + below yesterday baseline,0.1286,low,3.0,0.1387,low,watchlist,Heuristic baseline policy recommends watchlist monitoring because signals are elevated but not yet acute.,0.3649,moderate,5,10.1667,monitor,Selected monitor because it maximized deterministic net value under current constraints.,0.0,0.0,30.0,[]
54,Bukit Brown,Central,2026-04-27 22:00:00+08:00,0.4622,0.4622,medium,2,0.0,0.5,critically low supply + below yesterday baseline,0.0624,low,3.0,0.1016,low,watchlist,Heuristic baseline policy recommends watchlist monitoring because signals are elevated but not yet acute.,0.2565,moderate,6,10.1667,monitor,Selected monitor because it maximized deterministic net value under current constraints.,0.0,0.0,30.0,[]
54,Bukit Brown,Central,2026-04-27 23:00:00+08:00,0.4142,0.4142,medium,2,0.0,0.6666667,critically low supply + below yesterday baseline,0.0304,low,2.0,0.0134,low,watchlist,Heuristic baseline policy recommends watchlist monitoring because signals are elevated but not yet acute.,0.1587,low,0,10.1667,monitor,Selected monitor because it maximized deterministic net value under current constraints.,0.0,0.0,30.0,[]
54,Bukit Brown,Central,2026-04-28 00:00:00+08:00,0.6021,0.6021,medium,3,-0.33333334,1.5,critically low supply,0.015,low,1.0,0.0042,low,watchlist,Heuristic baseline policy recommends watchlist monitoring because signals are elevated but not yet acute.,0.2175,low,0,10.1667,monitor,Selected monitor because it maximized deterministic net value under current constraints.,0.0,0.0,30.0,[]
54,Bukit Brown,Central,2026-04-28 02:00:00+08:00,0.5798,0.5798,medium,4,-0.25,1.3333334,critically low supply,0.0164,low,2.0,0.0052,low,watchlist,Heuristic baseline policy recommends watchlist monitoring because signals are elevated but not yet acute.,0.2103,low,0,10.1667,monitor,Selected monitor because it maximized deterministic net value under current constraints.,0.0,0.0,30.0,[]
54,Bukit Brown,Central,2026-04-28 04:00:00+08:00,0.4268,0.4268,medium,2,0.0,0.6666667,critically low supply + below yesterday baseline,0.0446,low,2.0,0.0196,low,watchlist,Heuristic baseline policy recommends watchlist monitoring because signals are elevated but not yet acute.,0.1694,low,0,10.1667,monitor,Selected monitor because it maximized deterministic net value under current constraints.,0.0,0.0,30.0,[]
54,Bukit Brown,Central,2026-04-28 08:00:00+08:00,0.4892,0.4892,medium,1,0.0,0.33333334,critically low supply + below yesterday baseline + peak hour,0.365,low,2.0,0.3482,low,watchlist,Heuristic baseline policy recommends watchlist monitoring because signals are elevated but not yet acute.,0.4355,moderate,2,10.1667,monitor,Selected monitor because it maximized deterministic net value under current constraints.,0.0,0.0,30.0,[]
54,Bukit Brown,Central,2026-04-28 10:00:00+08:00,0.8404,0.8404,high,2,-2.0,0.6666667,critically low supply + below yesterday baseline,0.2038,low,2.0,0.0897,low,intervention,Heuristic baseline policy recommends intervention because depletion risk or imbalance is already high.,0.3858,moderate,4,10.1667,monitor,Selected monitor because it maximized deterministic net value under current constraints.,0.0,0.0,30.0,[]
54,Bukit Brown,Central,2026-04-28 21:00:00+08:00,0.8181,0.8181,high,4,-1.5,1.0,critically low supply,0.1286,low,3.0,0.0489,low,intervention,Heuristic baseline policy recommends intervention because depletion risk or imbalance is already high.,0.3442,moderate,6,10.1667,monitor,Selected monitor because it maximized deterministic net value under current constraints.,0.0,0.0,30.0,[]
54,Bukit Brown,Central,2026-04-29 08:00:00+08:00,0.6957,0.6957,medium,2,0.0,1.0,critically low supply + peak hour,0.365,low,1.0,0.1168,low,watchlist,Heuristic baseline policy recommends watchlist monitoring because signals are elevated but not yet acute.,0.4077,moderate,1,10.1667,monitor,Selected monitor because it maximized deterministic net value under current constraints.,0.0,0.0,30.0,[]
54,Bukit Brown,Central,2026-04-29 10:00:00+08:00,0.8838,0.8838,high,5,-1.0,2.5,critically low supply,0.2038,low,1.0,0.0505,low,intervention,Heuristic baseline policy recommends intervention because depletion risk or imbalance is already high.,0.401,moderate,2,10.1667,monitor,Selected monitor because it maximized deterministic net value under current constraints.,0.0,0.0,30.0,[]
54,Bukit Brown,Central,2026-04-29 20:00:00+08:00,0.5968,0.5968,medium,5,-1.0,1.6666666,critically low supply + peak hour,0.2273,low,2.0,0.0673,low,watchlist,Heuristic baseline policy recommends watchlist monitoring because signals are elevated but not yet acute.,0.3112,moderate,1,10.1667,monitor,Selected monitor because it maximized deterministic net value under current constraints.,0.0,0.0,30.0,[]
54,Bukit Brown,Central,2026-04-30 04:00:00+08:00,0.578,0.578,medium,4,-0.6666667,1.0,critically low supply,0.0446,low,3.0,0.0169,low,watchlist,Heuristic baseline policy recommends watchlist monitoring because signals are elevated but not yet acute.,0.2224,low,0,10.1667,monitor,Selected monitor because it maximized deterministic net value under current constraints.,0.0,0.0,30.0,[]
54,Bukit Brown,Central,2026-04-30 06:00:00+08:00,0.563,0.563,medium,1,0.0,0.33333334,sustained depletion + critically low supply + below yesterday baseline,0.2038,low,2.0,0.2386,low,watchlist,Heuristic baseline policy recommends watchlist monitoring because signals are elevated but not yet acute.,0.3888,moderate,2,10.1667,monitor,Selected monitor because it maximized deterministic net value under current constraints.,0.0,0.0,30.0,[]
54,Bukit Brown,Central,2026-04-30 10:00:00+08:00,0.5012,0.5012,medium,2,-0.5,0.6666667,critically low supply + below yesterday baseline,0.2038,low,2.0,0.0897,low,watchlist,Heuristic baseline policy recommends watchlist monitoring because signals are elevated but not yet acute.,0.2671,moderate,3,10.1667,monitor,Selected monitor because it maximized deterministic net value under current constraints.,0.0,0.0,30.0,[]
54,Bukit Brown,Central,2026-04-30 20:00:00+08:00,0.9606,0.9606,high,4,-2.0,2.0,critically low supply + peak hour,0.2273,low,1.0,0.0591,low,intervention,Heuristic baseline policy recommends intervention because depletion risk or imbalance is already high.,0.4385,moderate,2,10.1667,monitor,Selected monitor because it maximized deterministic net value under current constraints.,0.0,0.0,30.0,[]
54,Bukit Brown,Central,2026-04-30 23:00:00+08:00,0.7626,0.7626,high,4,0.0,4.0,critically low supply,0.0304,low,0.0,0.0134,low,intervention,Heuristic baseline policy recommends intervention because depletion risk or imbalance is already high.,0.2806,moderate,3,10.1667,monitor,Selected monitor because it maximized deterministic net value under current constraints.,0.0,0.0,30.0,[]
54,Bukit Brown,Central,2026-05-01 04:00:00+08:00,0.5436,0.5436,medium,2,0.4,1.0,rapid depletion + sustained depletion + critically low supply + public holiday,0.0446,low,1.0,0.0143,low,watchlist,Heuristic baseline policy recommends watchlist monitoring because signals are elevated but not yet acute.,0.2103,low,0,10.1667,monitor,Selected monitor because it maximized deterministic net value under current constraints.,0.0,0.0,30.0,[]
54,Bukit Brown,Central,2026-05-01 10:00:00+08:00,0.8653,0.8653,high,1,0.0,0.16666667,sustained depletion + critically low supply + below yesterday baseline + public holiday,0.2038,low,5.0,0.4453,medium,intervention,Heuristic baseline policy recommends intervention because depletion risk or imbalance is already high.,0.5546,high,2,10.1667,driver_comms,Selected driver_comms because it maximized deterministic net value under current constraints.,0.1,0.0111,30.0,[]
54,Bukit Brown,Central,2026-05-01 11:00:00+08:00,0.6814,0.6814,medium,1,0.0,1.0,critically low supply + public holiday,0.1023,low,0.0,0.045,low,watchlist,Heuristic baseline policy recommends watchlist monitoring because signals are elevated but not yet acute.,0.2845,moderate,3,10.1667,monitor,Selected monitor because it maximized deterministic net value under current constraints.,0.0,0.0,30.0,[]
54,Bukit Brown,Central,2026-05-01 12:00:00+08:00,0.4059,0.4059,medium,1,0.0,0.33333334,critically low supply + below yesterday baseline + public holiday,0.0446,low,2.0,0.1303,low,watchlist,Heuristic baseline policy recommends watchlist monitoring because signals are elevated but not yet acute.,0.2621,moderate,4,10.1667,monitor,Selected monitor because it maximized deterministic net value under current constraints.,0.0,0.0,30.0,[]
54,Bukit Brown,Central,2026-05-01 13:00:00+08:00,0.5907,0.5907,medium,2,-0.5,0.6666667,critically low supply + below yesterday baseline + public holiday,0.0304,low,2.0,0.0134,low,watchlist,Heuristic baseline policy recommends watchlist monitoring because signals are elevated but not yet acute.,0.2204,low,0,10.1667,monitor,Selected monitor because it maximized deterministic net value under current constraints.,0.0,0.0,30.0,[]
54,Bukit Brown,Central,2026-05-01 14:00:00+08:00,0.6859,0.6859,medium,2,0.0,0.33333334,critically low supply + below yesterday baseline + public holiday,0.0624,low,5.0,0.1699,low,watchlist,Heuristic baseline policy recommends watchlist monitoring because signals are elevated but not yet acute.,0.3881,moderate,1,10.1667,monitor,Selected monitor because it maximized deterministic net value under current constraints.,0.0,0.0,30.0,[]
54,Bukit Brown,Central,2026-05-01 16:00:00+08:00,0.4385,0.4385,medium,1,0.0,0.33333334,critically low supply + below yesterday baseline + public holiday,0.2273,low,2.0,0.2546,low,watchlist,Heuristic baseline policy recommends watchlist monitoring because signals are elevated but not yet acute.,0.3558,moderate,1,10.1667,monitor,Selected monitor because it maximized deterministic net value under current constraints.,0.0,0.0,30.0,[]
54,Bukit Brown,Central,2026-05-01 18:00:00+08:00,0.7016,0.7016,high,2,0.0,0.4,critically low supply + below yesterday baseline + peak hour + public holiday,0.365,low,4.0,0.3482,low,watchlist,Heuristic baseline policy recommends watchlist monitoring because signals are elevated but not yet acute.,0.5098,moderate,3,10.1667,monitor,Selected monitor because it maximized deterministic net value under current constraints.,0.0,0.0,30.0,[]
54,Bukit Brown,Central,2026-05-01 19:00:00+08:00,0.5066,0.5066,medium,2,0.0,1.0,critically low supply + peak hour + public holiday,0.3239,low,1.0,0.1036,low,watchlist,Heuristic baseline policy recommends watchlist monitoring because signals are elevated but not yet acute.,0.3231,moderate,4,10.1667,monitor,Selected monitor because it maximized deterministic net value under current constraints.,0.0,0.0,30.0,[]
54,Bukit Brown,Central,2026-05-02 01:00:00+08:00,0.7008,0.7008,high,3,-0.33333334,0.6,critically low supply + below yesterday baseline,0.0352,low,4.0,0.0683,low,watchlist,Heuristic baseline policy recommends watchlist monitoring because signals are elevated but not yet acute.,0.3111,moderate,1,10.1667,monitor,Selected monitor because it maximized deterministic net value under current constraints.,0.0,0.0,30.0,[]
54,Bukit Brown,Central,2026-05-02 08:00:00+08:00,0.6275,0.6275,medium,2,-2.0,0.6666667,critically low supply + below yesterday baseline + peak hour,0.385,low,2.0,0.1694,low,watchlist,Heuristic baseline policy recommends watchlist monitoring because signals are elevated but not yet acute.,0.3929,moderate,2,10.1667,monitor,Selected monitor because it maximized deterministic net value under current constraints.,0.0,0.0,30.0,[]
54,Bukit Brown,Central,2026-05-02 14:00:00+08:00,0.6991,0.6991,medium,2,-0.5,1.0,critically low supply,0.0824,low,1.0,0.0264,low,watchlist,Heuristic baseline policy recommends watchlist monitoring because signals are elevated but not yet acute.,0.2818,moderate,1,10.1667,monitor,Selected monitor because it maximized deterministic net value under current constraints.,0.0,0.0,30.0,[]
54,Bukit Brown,Central,2026-05-02 15:00:00+08:00,0.4475,0.4475,medium,3,-0.33333334,1.5,critically low supply,0.1486,low,1.0,0.0416,low,watchlist,Heuristic baseline policy recommends watchlist monitoring because signals are elevated but not yet acute.,0.2235,low,0,10.1667,monitor,Selected monitor because it maximized deterministic net value under current constraints.,0.0,0.0,30.0,[]
54,Bukit Brown,Central,2026-05-02 22:00:00+08:00,0.8151,0.8151,high,3,-1.0,1.5,critically low supply,0.0824,low,1.0,0.0231,low,intervention,Heuristic baseline policy recommends intervention because depletion risk or imbalance is already high.,0.3224,moderate,1,10.1667,monitor,Selected monitor because it maximized deterministic net value under current constraints.,0.0,0.0,30.0,[]
54,Bukit Brown,Central,2026-05-11 11:00:00+08:00,0.4173,0.4173,medium,2,0.25,0.6666667,critically low supply + below yesterday baseline + rain,0.1689,low,2.0,0.0743,low,watchlist,Heuristic baseline policy recommends watchlist monitoring because signals are elevated but not yet acute.,0.2221,low,0,10.1667,monitor,Selected monitor because it maximized deterministic net value under current constraints.,0.0,0.0,30.0,[]
55,Tengah Park,West,2026-04-16 02:00:00+08:00,0.6664,0.6664,medium,1,-0.43543544,0.7058824,critically low supply,0.0164,low,0.4167,0.0072,low,watchlist,Heuristic baseline policy recommends watchlist monitoring because signals are elevated but not yet acute.,0.2406,low,0,2.2,monitor,Selected monitor because it maximized deterministic net value under current constraints.,0.0,0.0,30.0,[]
55,Tengah Park,West,2026-04-16 10:00:00+08:00,0.9901,0.9901,high,20,-2.0,5.0,normal conditions,0.2038,low,0.4167,0.0432,low,intervention,Heuristic baseline policy recommends intervention because depletion risk or imbalance is already high.,0.4382,moderate,1,2.2,monitor,Selected monitor because it maximized deterministic net value under current constraints.,0.0,0.0,30.0,[]
55,Tengah Park,West,2026-04-17 13:00:00+08:00,0.5724,0.5724,medium,1,-1.0,0.7058824,critically low supply,0.0304,low,0.4167,0.0134,low,watchlist,Heuristic baseline policy recommends watchlist monitoring because signals are elevated but not yet acute.,0.214,low,0,2.2,monitor,Selected monitor because it maximized deterministic net value under current constraints.,0.0,0.0,30.0,[]
55,Tengah Park,West,2026-04-17 14:00:00+08:00,0.7862,0.7862,high,1,0.0,0.7058824,critically low supply,0.0624,low,0.4167,0.0275,low,intervention,Heuristic baseline policy recommends intervention because depletion risk or imbalance is already high.,0.3032,moderate,1,2.2,monitor,Selected monitor because it maximized deterministic net value under current constraints.,0.0,0.0,30.0,[]
55,Tengah Park,West,2026-04-17 15:00:00+08:00,0.7322,0.7322,high,1,0.0,0.7058824,critically low supply,0.1286,low,0.4167,0.0566,low,watchlist,Heuristic baseline policy recommends watchlist monitoring because signals are elevated but not yet acute.,0.3141,moderate,2,2.2,monitor,Selected monitor because it maximized deterministic net value under current constraints.,0.0,0.0,30.0,[]
55,Tengah Park,West,2026-04-17 20:00:00+08:00,0.6682,0.6682,medium,1,-1.0,0.7058824,critically low supply + peak hour,0.2273,low,0.4167,0.1,low,watchlist,Heuristic baseline policy recommends watchlist monitoring because signals are elevated but not yet acute.,0.3362,moderate,6,2.2,monitor,Selected monitor because it maximized deterministic net value under current constraints.,0.0,0.0,30.0,[]
55,Tengah Park,West,2026-04-18 00:00:00+08:00,0.783,0.783,high,1,-1.0,0.7058824,critically low supply,0.035,low,0.4167,0.0154,low,intervention,Heuristic baseline policy recommends intervention because depletion risk or imbalance is already high.,0.2898,moderate,1,2.2,monitor,Selected monitor because it maximized deterministic net value under current constraints.,0.0,0.0,30.0,[]
55,Tengah Park,West,2026-04-18 11:00:00+08:00,0.4951,0.4951,medium,1,-1.0,0.7058824,critically low supply,0.1223,low,0.4167,0.0538,low,watchlist,Heuristic baseline policy recommends watchlist monitoring because signals are elevated but not yet acute.,0.2283,low,0,2.2,monitor,Selected monitor because it maximized deterministic net value under current constraints.,0.0,0.0,30.0,[]
55,Tengah Park,West,2026-04-18 12:00:00+08:00,0.4926,0.4926,medium,1,0.0,0.7058824,critically low supply,0.0646,low,0.4167,0.0284,low,watchlist,Heuristic baseline policy recommends watchlist monitoring because signals are elevated but not yet acute.,0.2015,low,0,2.2,monitor,Selected monitor because it maximized deterministic net value under current constraints.,0.0,0.0,30.0,[]
55,Tengah Park,West,2026-04-18 14:00:00+08:00,0.8023,0.8023,high,1,-1.0,0.04761905,critically low supply + below yesterday baseline,0.0824,low,20.0,0.602,medium,intervention,Heuristic baseline policy recommends intervention because depletion risk or imbalance is already high.,0.5079,moderate,1,2.2,monitor,Selected monitor because it maximized deterministic net value under current constraints.,0.0,0.0,30.0,[]
55,Tengah Park,West,2026-04-18 15:00:00+08:00,0.7192,0.7192,high,1,0.0,0.33333334,critically low supply + below yesterday baseline,0.1486,low,2.0,0.201,low,watchlist,Heuristic baseline policy recommends watchlist monitoring because signals are elevated but not yet acute.,0.4186,moderate,2,2.2,monitor,Selected monitor because it maximized deterministic net value under current constraints.,0.0,0.0,30.0,[]
55,Tengah Park,West,2026-04-18 16:00:00+08:00,0.6921,0.6921,medium,1,0.0,1.0,critically low supply,0.2473,low,0.0,0.1088,low,watchlist,Heuristic baseline policy recommends watchlist monitoring because signals are elevated but not yet acute.,0.3535,moderate,3,2.2,monitor,Selected monitor because it maximized deterministic net value under current constraints.,0.0,0.0,30.0,[]
55,Tengah Park,West,2026-04-19 13:00:00+08:00,0.5517,0.5517,medium,1,-1.0,1.0,critically low supply,0.0504,low,0.0,0.0222,low,watchlist,Heuristic baseline policy recommends watchlist monitoring because signals are elevated but not yet acute.,0.2158,low,0,2.2,monitor,Selected monitor because it maximized deterministic net value under current constraints.,0.0,0.0,30.0,[]
55,Tengah Park,West,2026-04-19 14:00:00+08:00,0.8595,0.8595,high,1,0.0,1.0,critically low supply,0.0824,low,0.0,0.0363,low,intervention,Heuristic baseline policy recommends intervention because depletion risk or imbalance is already high.,0.3379,moderate,1,2.2,monitor,Selected monitor because it maximized deterministic net value under current constraints.,0.0,0.0,30.0,[]
55,Tengah Park,West,2026-04-20 05:00:00+08:00,0.7385,0.7385,high,1,-1.0,1.0,critically low supply,0.1023,low,0.0,0.045,low,watchlist,Heuristic baseline policy recommends watchlist monitoring because signals are elevated but not yet acute.,0.3045,moderate,1,2.2,monitor,Selected monitor because it maximized deterministic net value under current constraints.,0.0,0.0,30.0,[]
55,Tengah Park,West,2026-04-20 07:00:00+08:00,0.4384,0.4384,medium,1,-1.0,1.0,critically low supply + peak hour,0.3149,low,0.0,0.1386,low,watchlist,Heuristic baseline policy recommends watchlist monitoring because signals are elevated but not yet acute.,0.2951,moderate,3,2.2,monitor,Selected monitor because it maximized deterministic net value under current constraints.,0.0,0.0,30.0,[]
55,Tengah Park,West,2026-04-20 08:00:00+08:00,0.8297,0.8297,high,1,0.0,1.0,critically low supply + peak hour,0.365,low,0.0,0.1606,low,intervention,Heuristic baseline policy recommends intervention because depletion risk or imbalance is already high.,0.4546,moderate,4,2.2,monitor,Selected monitor because it maximized deterministic net value under current constraints.,0.0,0.0,30.0,[]
55,Tengah Park,West,2026-04-20 09:00:00+08:00,0.8115,0.8115,high,1,0.0,1.0,critically low supply + peak hour,0.3149,low,0.0,0.1386,low,intervention,Heuristic baseline policy recommends intervention because depletion risk or imbalance is already high.,0.4257,moderate,5,2.2,monitor,Selected monitor because it maximized deterministic net value under current constraints.,0.0,0.0,30.0,[]
55,Tengah Park,West,2026-04-20 10:00:00+08:00,0.7625,0.7625,high,1,0.0,1.0,critically low supply,0.2038,low,0.0,0.0897,low,intervention,Heuristic baseline policy recommends intervention because depletion risk or imbalance is already high.,0.3586,moderate,6,2.2,monitor,Selected monitor because it maximized deterministic net value under current constraints.,0.0,0.0,30.0,[]
55,Tengah Park,West,2026-04-20 18:00:00+08:00,0.6463,0.6463,medium,1,-1.0,1.0,critically low supply + peak hour,0.365,low,0.0,0.1606,low,watchlist,Heuristic baseline policy recommends watchlist monitoring because signals are elevated but not yet acute.,0.3905,moderate,3,2.2,monitor,Selected monitor because it maximized deterministic net value under current constraints.,0.0,0.0,30.0,[]
55,Tengah Park,West,2026-04-20 19:00:00+08:00,0.8355,0.8355,high,1,0.0,1.0,critically low supply + peak hour,0.3239,low,0.0,0.1425,low,intervention,Heuristic baseline policy recommends intervention because depletion risk or imbalance is already high.,0.4382,moderate,4,2.2,monitor,Selected monitor because it maximized deterministic net value under current constraints.,0.0,0.0,30.0,[]
55,Tengah Park,West,2026-04-20 20:00:00+08:00,0.7119,0.7119,high,1,0.0,1.0,critically low supply + peak hour,0.2273,low,0.0,0.1,low,watchlist,Heuristic baseline policy recommends watchlist monitoring because signals are elevated but not yet acute.,0.3515,moderate,5,2.2,monitor,Selected monitor because it maximized deterministic net value under current constraints.,0.0,0.0,30.0,[]
55,Tengah Park,West,2026-04-20 23:00:00+08:00,0.7243,0.7243,high,1,-1.0,1.0,critically low supply,0.0304,low,0.0,0.0134,low,watchlist,Heuristic baseline policy recommends watchlist monitoring because signals are elevated but not yet acute.,0.2672,moderate,1,2.2,monitor,Selected monitor because it maximized deterministic net value under current constraints.,0.0,0.0,30.0,[]
55,Tengah Park,West,2026-04-21 01:00:00+08:00,0.6621,0.6621,medium,1,-1.0,1.0,critically low supply,0.0152,low,0.0,0.0067,low,watchlist,Heuristic baseline policy recommends watchlist monitoring because signals are elevated but not yet acute.,0.2386,low,0,2.2,monitor,Selected monitor because it maximized deterministic net value under current constraints.,0.0,0.0,30.0,[]
55,Tengah Park,West,2026-04-21 17:00:00+08:00,0.5831,0.5831,medium,2,-2.0,1.0,critically low supply + peak hour,0.3239,low,1.0,0.1036,low,watchlist,Heuristic baseline policy recommends watchlist monitoring because signals are elevated but not yet acute.,0.3498,moderate,3,2.2,monitor,Selected monitor because it maximized deterministic net value under current constraints.,0.0,0.0,30.0,[]
55,Tengah Park,West,2026-04-22 08:00:00+08:00,0.781,0.781,high,1,-1.0,0.5,critically low supply + below yesterday baseline + peak hour,0.365,low,1.0,0.1606,low,intervention,Heuristic baseline policy recommends intervention because depletion risk or imbalance is already high.,0.4376,moderate,1,2.2,monitor,Selected monitor because it maximized deterministic net value under current constraints.,0.0,0.0,30.0,[]
55,Tengah Park,West,2026-04-22 14:00:00+08:00,0.8005,0.8005,high,1,-1.0,1.0,critically low supply,0.0624,low,0.0,0.0275,low,intervention,Heuristic baseline policy recommends intervention because depletion risk or imbalance is already high.,0.3083,moderate,1,2.2,monitor,Selected monitor because it maximized deterministic net value under current constraints.,0.0,0.0,30.0,[]
55,Tengah Park,West,2026-04-22 22:00:00+08:00,0.7636,0.7636,high,1,-1.0,0.5,critically low supply + below yesterday baseline,0.0624,low,1.0,0.0275,low,intervention,Heuristic baseline policy recommends intervention because depletion risk or imbalance is already high.,0.2953,moderate,9,2.2,monitor,Selected monitor because it maximized deterministic net value under current constraints.,0.0,0.0,30.0,[]
55,Tengah Park,West,2026-04-24 00:00:00+08:00,0.9423,0.9423,high,2,-2.0,2.0,critically low supply,0.015,low,0.0,0.0066,low,intervention,Heuristic baseline policy recommends intervention because depletion risk or imbalance is already high.,0.3366,moderate,1,2.2,monitor,Selected monitor because it maximized deterministic net value under current constraints.,0.0,0.0,30.0,[]
55,Tengah Park,West,2026-04-24 01:00:00+08:00,0.7086,0.7086,high,4,-0.6666667,4.0,critically low supply,0.0152,low,0.0,0.0067,low,watchlist,Heuristic baseline policy recommends watchlist monitoring because signals are elevated but not yet acute.,0.2549,moderate,2,2.2,monitor,Selected monitor because it maximized deterministic net value under current constraints.,0.0,0.0,30.0,[]
55,Tengah Park,West,2026-04-24 15:00:00+08:00,0.7837,0.7837,high,1,-1.0,0.5,critically low supply + below yesterday baseline,0.1286,low,1.0,0.0566,low,intervention,Heuristic baseline policy recommends intervention because depletion risk or imbalance is already high.,0.3322,moderate,1,2.2,monitor,Selected monitor because it maximized deterministic net value under current constraints.,0.0,0.0,30.0,[]
55,Tengah Park,West,2026-04-24 19:00:00+08:00,0.6043,0.6043,medium,1,-1.0,1.0,critically low supply + peak hour,0.3239,low,0.0,0.1425,low,watchlist,Heuristic baseline policy recommends watchlist monitoring because signals are elevated but not yet acute.,0.3573,moderate,5,2.2,monitor,Selected monitor because it maximized deterministic net value under current constraints.,0.0,0.0,30.0,[]
55,Tengah Park,West,2026-04-24 22:00:00+08:00,0.721,0.721,high,1,-1.0,1.0,critically low supply,0.0624,low,0.0,0.0275,low,watchlist,Heuristic baseline policy recommends watchlist monitoring because signals are elevated but not yet acute.,0.2804,moderate,8,2.2,monitor,Selected monitor because it maximized deterministic net value under current constraints.,0.0,0.0,30.0,[]
55,Tengah Park,West,2026-04-25 00:00:00+08:00,0.7127,0.7127,high,1,-1.0,1.0,critically low supply,0.035,low,0.0,0.0154,low,watchlist,Heuristic baseline policy recommends watchlist monitoring because signals are elevated but not yet acute.,0.2652,moderate,1,2.2,monitor,Selected monitor because it maximized deterministic net value under current constraints.,0.0,0.0,30.0,[]
55,Tengah Park,West,2026-04-25 09:00:00+08:00,0.7925,0.7925,high,1,-1.0,1.0,critically low supply + peak hour,0.3349,low,0.0,0.1474,low,intervention,Heuristic baseline policy recommends intervention because depletion risk or imbalance is already high.,0.4281,moderate,2,2.2,monitor,Selected monitor because it maximized deterministic net value under current constraints.,0.0,0.0,30.0,[]
55,Tengah Park,West,2026-04-26 11:00:00+08:00,0.5277,0.5277,medium,1,-1.0,1.0,critically low supply,0.1223,low,0.0,0.0538,low,watchlist,Heuristic baseline policy recommends watchlist monitoring because signals are elevated but not yet acute.,0.2397,low,0,2.2,monitor,Selected monitor because it maximized deterministic net value under current constraints.,0.0,0.0,30.0,[]
55,Tengah Park,West,2026-04-26 12:00:00+08:00,0.5285,0.5285,medium,1,0.0,1.0,critically low supply,0.0646,low,0.0,0.0284,low,watchlist,Heuristic baseline policy recommends watchlist monitoring because signals are elevated but not yet acute.,0.214,low,0,2.2,monitor,Selected monitor because it maximized deterministic net value under current constraints.,0.0,0.0,30.0,[]
55,Tengah Park,West,2026-04-26 13:00:00+08:00,0.6978,0.6978,medium,1,0.0,0.5,critically low supply + below yesterday baseline,0.0504,low,1.0,0.0222,low,watchlist,Heuristic baseline policy recommends watchlist monitoring because signals are elevated but not yet acute.,0.2669,moderate,1,2.2,monitor,Selected monitor because it maximized deterministic net value under current constraints.,0.0,0.0,30.0,[]
55,Tengah Park,West,2026-04-27 10:00:00+08:00,0.8166,0.8166,high,1,-1.0,1.0,critically low supply,0.2038,low,0.0,0.0897,low,intervention,Heuristic baseline policy recommends intervention because depletion risk or imbalance is already high.,0.3775,moderate,2,2.2,monitor,Selected monitor because it maximized deterministic net value under current constraints.,0.0,0.0,30.0,[]
55,Tengah Park,West,2026-04-27 16:00:00+08:00,0.6414,0.6414,medium,1,-1.0,1.0,critically low supply,0.2273,low,0.0,0.1,low,watchlist,Heuristic baseline policy recommends watchlist monitoring because signals are elevated but not yet acute.,0.3268,moderate,4,2.2,monitor,Selected monitor because it maximized deterministic net value under current constraints.,0.0,0.0,30.0,[]
55,Tengah Park,West,2026-04-28 01:00:00+08:00,0.7259,0.7259,high,1,-1.0,0.5,critically low supply + below yesterday baseline,0.0152,low,1.0,0.0067,low,watchlist,Heuristic baseline policy recommends watchlist monitoring because signals are elevated but not yet acute.,0.2609,moderate,1,2.2,monitor,Selected monitor because it maximized deterministic net value under current constraints.,0.0,0.0,30.0,[]
55,Tengah Park,West,2026-04-28 02:00:00+08:00,0.7108,0.7108,high,1,0.0,1.0,critically low supply,0.0164,low,0.0,0.0072,low,watchlist,Heuristic baseline policy recommends watchlist monitoring because signals are elevated but not yet acute.,0.2562,moderate,2,2.2,monitor,Selected monitor because it maximized deterministic net value under current constraints.,0.0,0.0,30.0,[]
55,Tengah Park,West,2026-04-28 03:00:00+08:00,0.7016,0.7016,high,1,0.0,1.0,critically low supply,0.0224,low,0.0,0.0099,low,watchlist,Heuristic baseline policy recommends watchlist monitoring because signals are elevated but not yet acute.,0.2556,moderate,3,2.2,monitor,Selected monitor because it maximized deterministic net value under current constraints.,0.0,0.0,30.0,[]
55,Tengah Park,West,2026-04-28 08:00:00+08:00,0.8159,0.8159,high,1,-1.0,1.0,critically low supply + peak hour,0.365,low,0.0,0.1606,low,intervention,Heuristic baseline policy recommends intervention because depletion risk or imbalance is already high.,0.4498,moderate,4,2.2,monitor,Selected monitor because it maximized deterministic net value under current constraints.,0.0,0.0,30.0,[]
55,Tengah Park,West,2026-04-28 09:00:00+08:00,0.9604,0.9604,high,2,-0.5,2.0,critically low supply + peak hour,0.3149,low,0.0,0.1386,low,intervention,Heuristic baseline policy recommends intervention because depletion risk or imbalance is already high.,0.4778,moderate,5,2.2,monitor,Selected monitor because it maximized deterministic net value under current constraints.,0.0,0.0,30.0,[]
55,Tengah Park,West,2026-04-28 10:00:00+08:00,0.6122,0.6122,medium,1,0.33333334,1.0,rapid depletion + critically low supply,0.2038,low,0.0,0.0897,low,watchlist,Heuristic baseline policy recommends watchlist monitoring because signals are elevated but not yet acute.,0.306,moderate,6,2.2,monitor,Selected monitor because it maximized deterministic net value under current constraints.,0.0,0.0,30.0,[]
55,Tengah Park,West,2026-04-28 23:00:00+08:00,0.7628,0.7628,high,1,-1.0,0.5,critically low supply + below yesterday baseline,0.0304,low,1.0,0.0134,low,intervention,Heuristic baseline policy recommends intervention because depletion risk or imbalance is already high.,0.2807,moderate,1,2.2,monitor,Selected monitor because it maximized deterministic net value under current constraints.,0.0,0.0,30.0,[]
55,Tengah Park,West,2026-04-29 08:00:00+08:00,0.764,0.764,high,1,-1.0,0.5,critically low supply + below yesterday baseline + peak hour,0.365,low,1.0,0.1606,low,intervention,Heuristic baseline policy recommends intervention because depletion risk or imbalance is already high.,0.4317,moderate,1,2.2,monitor,Selected monitor because it maximized deterministic net value under current constraints.,0.0,0.0,30.0,[]
55,Tengah Park,West,2026-04-29 10:00:00+08:00,0.8365,0.8365,high,1,0.0,1.0,critically low supply,0.2038,low,0.0,0.0897,low,intervention,Heuristic baseline policy recommends intervention because depletion risk or imbalance is already high.,0.3845,moderate,2,2.2,monitor,Selected monitor because it maximized deterministic net value under current constraints.,0.0,0.0,30.0,[]
55,Tengah Park,West,2026-04-29 19:00:00+08:00,0.6463,0.6463,medium,1,-1.0,1.0,critically low supply + peak hour,0.3239,low,0.0,0.1425,low,watchlist,Heuristic baseline policy recommends watchlist monitoring because signals are elevated but not yet acute.,0.372,moderate,5,2.2,monitor,Selected monitor because it maximized deterministic net value under current constraints.,0.0,0.0,30.0,[]
55,Tengah Park,West,2026-04-30 01:00:00+08:00,0.6621,0.6621,medium,1,-1.0,1.0,critically low supply,0.0152,low,0.0,0.0067,low,watchlist,Heuristic baseline policy recommends watchlist monitoring because signals are elevated but not yet acute.,0.2386,low,0,2.2,monitor,Selected monitor because it maximized deterministic net value under current constraints.,0.0,0.0,30.0,[]
55,Tengah Park,West,2026-04-30 04:00:00+08:00,0.7749,0.7749,high,1,-1.0,0.5,critically low supply + below yesterday baseline,0.0446,low,1.0,0.0196,low,intervention,Heuristic baseline policy recommends intervention because depletion risk or imbalance is already high.,0.2913,moderate,1,2.2,monitor,Selected monitor because it maximized deterministic net value under current constraints.,0.0,0.0,30.0,[]
55,Tengah Park,West,2026-04-30 10:00:00+08:00,0.9816,0.9816,high,2,-2.0,2.0,critically low supply,0.2038,low,0.0,0.0897,low,intervention,Heuristic baseline policy recommends intervention because depletion risk or imbalance is already high.,0.4353,moderate,4,2.2,monitor,Selected monitor because it maximized deterministic net value under current constraints.,0.0,0.0,30.0,[]
55,Tengah Park,West,2026-04-30 11:00:00+08:00,0.5412,0.5412,medium,1,0.33333334,1.0,rapid depletion + critically low supply,0.1023,low,0.0,0.045,low,watchlist,Heuristic baseline policy recommends watchlist monitoring because signals are elevated but not yet acute.,0.2355,low,0,2.2,monitor,Selected monitor because it maximized deterministic net value under current constraints.,0.0,0.0,30.0,[]
55,Tengah Park,West,2026-05-01 03:00:00+08:00,0.6693,0.6693,medium,1,-1.0,1.0,critically low supply + public holiday,0.0224,low,0.0,0.0099,low,watchlist,Heuristic baseline policy recommends watchlist monitoring because signals are elevated but not yet acute.,0.2443,low,0,2.2,monitor,Selected monitor because it maximized deterministic net value under current constraints.,0.0,0.0,30.0,[]
55,Tengah Park,West,2026-05-01 12:00:00+08:00,0.4609,0.4609,medium,1,-1.0,1.0,critically low supply + public holiday,0.0446,low,0.0,0.0196,low,watchlist,Heuristic baseline policy recommends watchlist monitoring because signals are elevated but not yet acute.,0.1814,low,0,2.2,monitor,Selected monitor because it maximized deterministic net value under current constraints.,0.0,0.0,30.0,[]
55,Tengah Park,West,2026-05-01 13:00:00+08:00,0.7611,0.7611,high,1,0.0,0.5,critically low supply + below yesterday baseline + public holiday,0.0304,low,1.0,0.0134,low,intervention,Heuristic baseline policy recommends intervention because depletion risk or imbalance is already high.,0.2801,moderate,1,2.2,monitor,Selected monitor because it maximized deterministic net value under current constraints.,0.0,0.0,30.0,[]
55,Tengah Park,West,2026-05-01 16:00:00+08:00,0.6586,0.6586,medium,1,-1.0,1.0,critically low supply + public holiday,0.2273,low,0.0,0.1,low,watchlist,Heuristic baseline policy recommends watchlist monitoring because signals are elevated but not yet acute.,0.3328,moderate,2,2.2,monitor,Selected monitor because it maximized deterministic net value under current constraints.,0.0,0.0,30.0,[]
55,Tengah Park,West,2026-05-01 17:00:00+08:00,0.5113,0.5113,medium,1,0.0,1.0,critically low supply + peak hour + public holiday,0.3239,low,0.0,0.1425,low,watchlist,Heuristic baseline policy recommends watchlist monitoring because signals are elevated but not yet acute.,0.3247,moderate,3,2.2,monitor,Selected monitor because it maximized deterministic net value under current constraints.,0.0,0.0,30.0,[]
55,Tengah Park,West,2026-05-02 04:00:00+08:00,0.8149,0.8149,high,1,-1.0,1.0,critically low supply,0.0646,low,0.0,0.0284,low,intervention,Heuristic baseline policy recommends intervention because depletion risk or imbalance is already high.,0.3143,moderate,1,2.2,monitor,Selected monitor because it maximized deterministic net value under current constraints.,0.0,0.0,30.0,[]
55,Tengah Park,West,2026-05-02 08:00:00+08:00,0.7838,0.7838,high,1,-1.0,1.0,critically low supply + peak hour,0.385,low,0.0,0.1694,low,intervention,Heuristic baseline policy recommends intervention because depletion risk or imbalance is already high.,0.4476,moderate,4,2.2,monitor,Selected monitor because it maximized deterministic net value under current constraints.,0.0,0.0,30.0,[]
55,Tengah Park,West,2026-05-02 15:00:00+08:00,0.7483,0.7483,high,1,-1.0,0.5,critically low supply + below yesterday baseline,0.1486,low,1.0,0.0654,low,watchlist,Heuristic baseline policy recommends watchlist monitoring because signals are elevated but not yet acute.,0.3288,moderate,1,2.2,monitor,Selected monitor because it maximized deterministic net value under current constraints.,0.0,0.0,30.0,[]
55,Tengah Park,West,2026-05-02 16:00:00+08:00,0.8107,0.8107,high,1,0.0,0.5,critically low supply + below yesterday baseline,0.2473,low,1.0,0.1088,low,intervention,Heuristic baseline policy recommends intervention because depletion risk or imbalance is already high.,0.395,moderate,2,2.2,monitor,Selected monitor because it maximized deterministic net value under current constraints.,0.0,0.0,30.0,[]
55,Tengah Park,West,2026-05-11 11:00:00+08:00,0.4683,0.4683,medium,1,-1.0,0.5,critically low supply + below yesterday baseline + rain,0.1689,low,1.0,0.0743,low,watchlist,Heuristic baseline policy recommends watchlist monitoring because signals are elevated but not yet acute.,0.2399,low,0,2.2,monitor,Selected monitor because it maximized deterministic net value under current constraints.,0.0,0.0,30.0,[]
